ISO-10303-21;
HEADER;
FILE_DESCRIPTION(('KiCad electronic assembly'),'2;1');
FILE_NAME('LightsberV3.step','2025-10-18T15:27:12',('Pcbnew'),('Kicad'),
  'Open CASCADE STEP processor 7.7','KiCad to STEP converter','Unknown'
  );
FILE_SCHEMA(('AUTOMOTIVE_DESIGN { 1 0 10303 214 1 1 1 1 }'));
ENDSEC;
DATA;
#1 = APPLICATION_PROTOCOL_DEFINITION('international standard',
  'automotive_design',2000,#2);
#2 = APPLICATION_CONTEXT(
  'core data for automotive mechanical design processes');
#3 = SHAPE_DEFINITION_REPRESENTATION(#4,#10);
#4 = PRODUCT_DEFINITION_SHAPE('','',#5);
#5 = PRODUCT_DEFINITION('design','',#6,#9);
#6 = PRODUCT_DEFINITION_FORMATION('','',#7);
#7 = PRODUCT('LightsberV3 1','LightsberV3 1','',(#8));
#8 = PRODUCT_CONTEXT('',#2,'mechanical');
#9 = PRODUCT_DEFINITION_CONTEXT('part definition',#2,'design');
#10 = SHAPE_REPRESENTATION('',(#11,#15,#19),#23);
#11 = AXIS2_PLACEMENT_3D('',#12,#13,#14);
#12 = CARTESIAN_POINT('',(0.,0.,0.));
#13 = DIRECTION('',(0.,0.,1.));
#14 = DIRECTION('',(1.,0.,-0.));
#15 = AXIS2_PLACEMENT_3D('',#16,#17,#18);
#16 = CARTESIAN_POINT('',(126.4275,-97.2225,1.65));
#17 = DIRECTION('',(0.,-1.,1.110223024625E-16));
#18 = DIRECTION('',(1.,0.,0.));
#19 = AXIS2_PLACEMENT_3D('',#20,#21,#22);
#20 = CARTESIAN_POINT('',(0.,0.,0.));
#21 = DIRECTION('',(0.,0.,1.));
#22 = DIRECTION('',(1.,0.,-0.));
#23 = ( GEOMETRIC_REPRESENTATION_CONTEXT(3) 
GLOBAL_UNCERTAINTY_ASSIGNED_CONTEXT((#27)) GLOBAL_UNIT_ASSIGNED_CONTEXT(
(#24,#25,#26)) REPRESENTATION_CONTEXT('Context #1',
  '3D Context with UNIT and UNCERTAINTY') );
#24 = ( LENGTH_UNIT() NAMED_UNIT(*) SI_UNIT(.MILLI.,.METRE.) );
#25 = ( NAMED_UNIT(*) PLANE_ANGLE_UNIT() SI_UNIT($,.RADIAN.) );
#26 = ( NAMED_UNIT(*) SI_UNIT($,.STERADIAN.) SOLID_ANGLE_UNIT() );
#27 = UNCERTAINTY_MEASURE_WITH_UNIT(LENGTH_MEASURE(1.E-07),#24,
  'distance_accuracy_value','confusion accuracy');
#28 = PRODUCT_RELATED_PRODUCT_CATEGORY('part',$,(#7));
#29 = SHAPE_DEFINITION_REPRESENTATION(#30,#36);
#30 = PRODUCT_DEFINITION_SHAPE('','',#31);
#31 = PRODUCT_DEFINITION('design','',#32,#35);
#32 = PRODUCT_DEFINITION_FORMATION('','',#33);
#33 = PRODUCT('GY-521--3DModel-STEP-269445',
  'GY-521--3DModel-STEP-269445','',(#34));
#34 = PRODUCT_CONTEXT('',#2,'mechanical');
#35 = PRODUCT_DEFINITION_CONTEXT('part definition',#2,'design');
#36 = SHAPE_REPRESENTATION('',(#11,#37),#41);
#37 = AXIS2_PLACEMENT_3D('',#38,#39,#40);
#38 = CARTESIAN_POINT('',(0.,0.,0.));
#39 = DIRECTION('',(0.,0.,1.));
#40 = DIRECTION('',(1.,0.,-0.));
#41 = ( GEOMETRIC_REPRESENTATION_CONTEXT(3) 
GLOBAL_UNCERTAINTY_ASSIGNED_CONTEXT((#45)) GLOBAL_UNIT_ASSIGNED_CONTEXT(
(#42,#43,#44)) REPRESENTATION_CONTEXT('Context #1',
  '3D Context with UNIT and UNCERTAINTY') );
#42 = ( LENGTH_UNIT() NAMED_UNIT(*) SI_UNIT(.MILLI.,.METRE.) );
#43 = ( NAMED_UNIT(*) PLANE_ANGLE_UNIT() SI_UNIT($,.RADIAN.) );
#44 = ( NAMED_UNIT(*) SI_UNIT($,.STERADIAN.) SOLID_ANGLE_UNIT() );
#45 = UNCERTAINTY_MEASURE_WITH_UNIT(LENGTH_MEASURE(1.E-07),#42,
  'distance_accuracy_value','confusion accuracy');
#46 = CONTEXT_DEPENDENT_SHAPE_REPRESENTATION(#47,#49);
#47 = ( REPRESENTATION_RELATIONSHIP('','',#36,#10) 
REPRESENTATION_RELATIONSHIP_WITH_TRANSFORMATION(#48) 
SHAPE_REPRESENTATION_RELATIONSHIP() );
#48 = ITEM_DEFINED_TRANSFORMATION('','',#11,#15);
#49 = PRODUCT_DEFINITION_SHAPE('Placement','Placement of an item',#50);
#50 = NEXT_ASSEMBLY_USAGE_OCCURRENCE('2','U1','',#5,#31,$);
#51 = PRODUCT_RELATED_PRODUCT_CATEGORY('part',$,(#33));
#52 = SHAPE_DEFINITION_REPRESENTATION(#53,#59);
#53 = PRODUCT_DEFINITION_SHAPE('','',#54);
#54 = PRODUCT_DEFINITION('design','',#55,#58);
#55 = PRODUCT_DEFINITION_FORMATION('','',#56);
#56 = PRODUCT('GY-521','GY-521','',(#57));
#57 = PRODUCT_CONTEXT('',#2,'mechanical');
#58 = PRODUCT_DEFINITION_CONTEXT('part definition',#2,'design');
#59 = SHAPE_REPRESENTATION('',(#11,#60,#950,#1112,#1274,#1436,#1598,
    #1760,#1922,#2084,#2246,#2476,#2564,#2780,#2930,#3272,#3694,#4116,
    #4538,#4960,#5382,#5532,#5682,#5832,#5982,#6132,#6282,#6432,#6582,
    #6732,#6882,#7032,#7182,#7332,#7482,#7632,#7782,#7932,#8082,#8232,
    #8382,#8532,#8682,#8832,#8982,#9132,#9282,#9432,#9582,#9732,#9882,
    #10032,#10182),#10398);
#60 = MANIFOLD_SOLID_BREP('',#61);
#61 = CLOSED_SHELL('',(#62,#104,#146,#188,#230,#272,#314,#356,#398,#440,
    #482,#622,#762,#784,#801,#818,#830,#842,#854,#866,#878,#890,#902,
    #914,#926,#938));
#62 = ADVANCED_FACE('',(#63),#99,.F.);
#63 = FACE_BOUND('',#64,.F.);
#64 = EDGE_LOOP('',(#65,#75,#84,#92));
#65 = ORIENTED_EDGE('',*,*,#66,.T.);
#66 = EDGE_CURVE('',#67,#69,#71,.T.);
#67 = VERTEX_POINT('',#68);
#68 = CARTESIAN_POINT('',(-6.326,1.2,8.001));
#69 = VERTEX_POINT('',#70);
#70 = CARTESIAN_POINT('',(-6.326,0.,8.001));
#71 = LINE('',#72,#73);
#72 = CARTESIAN_POINT('',(-6.326,1.2,8.001));
#73 = VECTOR('',#74,1.);
#74 = DIRECTION('',(-0.,-1.,-0.));
#75 = ORIENTED_EDGE('',*,*,#76,.T.);
#76 = EDGE_CURVE('',#69,#77,#79,.T.);
#77 = VERTEX_POINT('',#78);
#78 = CARTESIAN_POINT('',(-6.326,0.,9.779));
#79 = CIRCLE('',#80,0.889);
#80 = AXIS2_PLACEMENT_3D('',#81,#82,#83);
#81 = CARTESIAN_POINT('',(-6.326,0.,8.89));
#82 = DIRECTION('',(0.,1.,0.));
#83 = DIRECTION('',(0.,-0.,1.));
#84 = ORIENTED_EDGE('',*,*,#85,.F.);
#85 = EDGE_CURVE('',#86,#77,#88,.T.);
#86 = VERTEX_POINT('',#87);
#87 = CARTESIAN_POINT('',(-6.326,1.2,9.779));
#88 = LINE('',#89,#90);
#89 = CARTESIAN_POINT('',(-6.326,1.2,9.779));
#90 = VECTOR('',#91,1.);
#91 = DIRECTION('',(-0.,-1.,-0.));
#92 = ORIENTED_EDGE('',*,*,#93,.F.);
#93 = EDGE_CURVE('',#67,#86,#94,.T.);
#94 = CIRCLE('',#95,0.889);
#95 = AXIS2_PLACEMENT_3D('',#96,#97,#98);
#96 = CARTESIAN_POINT('',(-6.326,1.2,8.89));
#97 = DIRECTION('',(0.,1.,0.));
#98 = DIRECTION('',(0.,-0.,1.));
#99 = CYLINDRICAL_SURFACE('',#100,0.889);
#100 = AXIS2_PLACEMENT_3D('',#101,#102,#103);
#101 = CARTESIAN_POINT('',(-6.326,1.2,8.89));
#102 = DIRECTION('',(-0.,-1.,-0.));
#103 = DIRECTION('',(0.,0.,-1.));
#104 = ADVANCED_FACE('',(#105),#141,.F.);
#105 = FACE_BOUND('',#106,.F.);
#106 = EDGE_LOOP('',(#107,#117,#126,#134));
#107 = ORIENTED_EDGE('',*,*,#108,.T.);
#108 = EDGE_CURVE('',#109,#111,#113,.T.);
#109 = VERTEX_POINT('',#110);
#110 = CARTESIAN_POINT('',(-6.326,1.2,5.461));
#111 = VERTEX_POINT('',#112);
#112 = CARTESIAN_POINT('',(-6.326,0.,5.461));
#113 = LINE('',#114,#115);
#114 = CARTESIAN_POINT('',(-6.326,1.2,5.461));
#115 = VECTOR('',#116,1.);
#116 = DIRECTION('',(-0.,-1.,-0.));
#117 = ORIENTED_EDGE('',*,*,#118,.T.);
#118 = EDGE_CURVE('',#111,#119,#121,.T.);
#119 = VERTEX_POINT('',#120);
#120 = CARTESIAN_POINT('',(-6.326,0.,7.239));
#121 = CIRCLE('',#122,0.889);
#122 = AXIS2_PLACEMENT_3D('',#123,#124,#125);
#123 = CARTESIAN_POINT('',(-6.326,0.,6.35));
#124 = DIRECTION('',(0.,1.,0.));
#125 = DIRECTION('',(0.,-0.,1.));
#126 = ORIENTED_EDGE('',*,*,#127,.F.);
#127 = EDGE_CURVE('',#128,#119,#130,.T.);
#128 = VERTEX_POINT('',#129);
#129 = CARTESIAN_POINT('',(-6.326,1.2,7.239));
#130 = LINE('',#131,#132);
#131 = CARTESIAN_POINT('',(-6.326,1.2,7.239));
#132 = VECTOR('',#133,1.);
#133 = DIRECTION('',(-0.,-1.,-0.));
#134 = ORIENTED_EDGE('',*,*,#135,.F.);
#135 = EDGE_CURVE('',#109,#128,#136,.T.);
#136 = CIRCLE('',#137,0.889);
#137 = AXIS2_PLACEMENT_3D('',#138,#139,#140);
#138 = CARTESIAN_POINT('',(-6.326,1.2,6.35));
#139 = DIRECTION('',(0.,1.,0.));
#140 = DIRECTION('',(0.,-0.,1.));
#141 = CYLINDRICAL_SURFACE('',#142,0.889);
#142 = AXIS2_PLACEMENT_3D('',#143,#144,#145);
#143 = CARTESIAN_POINT('',(-6.326,1.2,6.35));
#144 = DIRECTION('',(-0.,-1.,-0.));
#145 = DIRECTION('',(0.,0.,-1.));
#146 = ADVANCED_FACE('',(#147),#183,.F.);
#147 = FACE_BOUND('',#148,.F.);
#148 = EDGE_LOOP('',(#149,#159,#168,#176));
#149 = ORIENTED_EDGE('',*,*,#150,.T.);
#150 = EDGE_CURVE('',#151,#153,#155,.T.);
#151 = VERTEX_POINT('',#152);
#152 = CARTESIAN_POINT('',(-6.326,1.2,2.921));
#153 = VERTEX_POINT('',#154);
#154 = CARTESIAN_POINT('',(-6.326,0.,2.921));
#155 = LINE('',#156,#157);
#156 = CARTESIAN_POINT('',(-6.326,1.2,2.921));
#157 = VECTOR('',#158,1.);
#158 = DIRECTION('',(-0.,-1.,-0.));
#159 = ORIENTED_EDGE('',*,*,#160,.T.);
#160 = EDGE_CURVE('',#153,#161,#163,.T.);
#161 = VERTEX_POINT('',#162);
#162 = CARTESIAN_POINT('',(-6.326,0.,4.699));
#163 = CIRCLE('',#164,0.889);
#164 = AXIS2_PLACEMENT_3D('',#165,#166,#167);
#165 = CARTESIAN_POINT('',(-6.326,0.,3.81));
#166 = DIRECTION('',(0.,1.,0.));
#167 = DIRECTION('',(0.,-0.,1.));
#168 = ORIENTED_EDGE('',*,*,#169,.F.);
#169 = EDGE_CURVE('',#170,#161,#172,.T.);
#170 = VERTEX_POINT('',#171);
#171 = CARTESIAN_POINT('',(-6.326,1.2,4.699));
#172 = LINE('',#173,#174);
#173 = CARTESIAN_POINT('',(-6.326,1.2,4.699));
#174 = VECTOR('',#175,1.);
#175 = DIRECTION('',(-0.,-1.,-0.));
#176 = ORIENTED_EDGE('',*,*,#177,.F.);
#177 = EDGE_CURVE('',#151,#170,#178,.T.);
#178 = CIRCLE('',#179,0.889);
#179 = AXIS2_PLACEMENT_3D('',#180,#181,#182);
#180 = CARTESIAN_POINT('',(-6.326,1.2,3.81));
#181 = DIRECTION('',(0.,1.,0.));
#182 = DIRECTION('',(0.,-0.,1.));
#183 = CYLINDRICAL_SURFACE('',#184,0.889);
#184 = AXIS2_PLACEMENT_3D('',#185,#186,#187);
#185 = CARTESIAN_POINT('',(-6.326,1.2,3.81));
#186 = DIRECTION('',(-0.,-1.,-0.));
#187 = DIRECTION('',(0.,0.,-1.));
#188 = ADVANCED_FACE('',(#189),#225,.F.);
#189 = FACE_BOUND('',#190,.F.);
#190 = EDGE_LOOP('',(#191,#201,#210,#218));
#191 = ORIENTED_EDGE('',*,*,#192,.T.);
#192 = EDGE_CURVE('',#193,#195,#197,.T.);
#193 = VERTEX_POINT('',#194);
#194 = CARTESIAN_POINT('',(-6.326,1.2,0.381));
#195 = VERTEX_POINT('',#196);
#196 = CARTESIAN_POINT('',(-6.326,0.,0.381));
#197 = LINE('',#198,#199);
#198 = CARTESIAN_POINT('',(-6.326,1.2,0.381));
#199 = VECTOR('',#200,1.);
#200 = DIRECTION('',(-0.,-1.,-0.));
#201 = ORIENTED_EDGE('',*,*,#202,.T.);
#202 = EDGE_CURVE('',#195,#203,#205,.T.);
#203 = VERTEX_POINT('',#204);
#204 = CARTESIAN_POINT('',(-6.326,0.,2.159));
#205 = CIRCLE('',#206,0.889);
#206 = AXIS2_PLACEMENT_3D('',#207,#208,#209);
#207 = CARTESIAN_POINT('',(-6.326,0.,1.27));
#208 = DIRECTION('',(0.,1.,0.));
#209 = DIRECTION('',(0.,-0.,1.));
#210 = ORIENTED_EDGE('',*,*,#211,.F.);
#211 = EDGE_CURVE('',#212,#203,#214,.T.);
#212 = VERTEX_POINT('',#213);
#213 = CARTESIAN_POINT('',(-6.326,1.2,2.159));
#214 = LINE('',#215,#216);
#215 = CARTESIAN_POINT('',(-6.326,1.2,2.159));
#216 = VECTOR('',#217,1.);
#217 = DIRECTION('',(-0.,-1.,-0.));
#218 = ORIENTED_EDGE('',*,*,#219,.F.);
#219 = EDGE_CURVE('',#193,#212,#220,.T.);
#220 = CIRCLE('',#221,0.889);
#221 = AXIS2_PLACEMENT_3D('',#222,#223,#224);
#222 = CARTESIAN_POINT('',(-6.326,1.2,1.27));
#223 = DIRECTION('',(0.,1.,0.));
#224 = DIRECTION('',(0.,-0.,1.));
#225 = CYLINDRICAL_SURFACE('',#226,0.889);
#226 = AXIS2_PLACEMENT_3D('',#227,#228,#229);
#227 = CARTESIAN_POINT('',(-6.326,1.2,1.27));
#228 = DIRECTION('',(-0.,-1.,-0.));
#229 = DIRECTION('',(0.,0.,-1.));
#230 = ADVANCED_FACE('',(#231),#267,.F.);
#231 = FACE_BOUND('',#232,.F.);
#232 = EDGE_LOOP('',(#233,#243,#252,#260));
#233 = ORIENTED_EDGE('',*,*,#234,.T.);
#234 = EDGE_CURVE('',#235,#237,#239,.T.);
#235 = VERTEX_POINT('',#236);
#236 = CARTESIAN_POINT('',(-6.326,1.2,-2.159));
#237 = VERTEX_POINT('',#238);
#238 = CARTESIAN_POINT('',(-6.326,0.,-2.159));
#239 = LINE('',#240,#241);
#240 = CARTESIAN_POINT('',(-6.326,1.2,-2.159));
#241 = VECTOR('',#242,1.);
#242 = DIRECTION('',(-0.,-1.,-0.));
#243 = ORIENTED_EDGE('',*,*,#244,.T.);
#244 = EDGE_CURVE('',#237,#245,#247,.T.);
#245 = VERTEX_POINT('',#246);
#246 = CARTESIAN_POINT('',(-6.326,0.,-0.381));
#247 = CIRCLE('',#248,0.889);
#248 = AXIS2_PLACEMENT_3D('',#249,#250,#251);
#249 = CARTESIAN_POINT('',(-6.326,0.,-1.27));
#250 = DIRECTION('',(0.,1.,0.));
#251 = DIRECTION('',(0.,-0.,1.));
#252 = ORIENTED_EDGE('',*,*,#253,.F.);
#253 = EDGE_CURVE('',#254,#245,#256,.T.);
#254 = VERTEX_POINT('',#255);
#255 = CARTESIAN_POINT('',(-6.326,1.2,-0.381));
#256 = LINE('',#257,#258);
#257 = CARTESIAN_POINT('',(-6.326,1.2,-0.381));
#258 = VECTOR('',#259,1.);
#259 = DIRECTION('',(-0.,-1.,-0.));
#260 = ORIENTED_EDGE('',*,*,#261,.F.);
#261 = EDGE_CURVE('',#235,#254,#262,.T.);
#262 = CIRCLE('',#263,0.889);
#263 = AXIS2_PLACEMENT_3D('',#264,#265,#266);
#264 = CARTESIAN_POINT('',(-6.326,1.2,-1.27));
#265 = DIRECTION('',(0.,1.,0.));
#266 = DIRECTION('',(0.,-0.,1.));
#267 = CYLINDRICAL_SURFACE('',#268,0.889);
#268 = AXIS2_PLACEMENT_3D('',#269,#270,#271);
#269 = CARTESIAN_POINT('',(-6.326,1.2,-1.27));
#270 = DIRECTION('',(-0.,-1.,-0.));
#271 = DIRECTION('',(0.,0.,-1.));
#272 = ADVANCED_FACE('',(#273),#309,.F.);
#273 = FACE_BOUND('',#274,.F.);
#274 = EDGE_LOOP('',(#275,#285,#294,#302));
#275 = ORIENTED_EDGE('',*,*,#276,.T.);
#276 = EDGE_CURVE('',#277,#279,#281,.T.);
#277 = VERTEX_POINT('',#278);
#278 = CARTESIAN_POINT('',(-6.326,1.2,-4.699));
#279 = VERTEX_POINT('',#280);
#280 = CARTESIAN_POINT('',(-6.326,0.,-4.699));
#281 = LINE('',#282,#283);
#282 = CARTESIAN_POINT('',(-6.326,1.2,-4.699));
#283 = VECTOR('',#284,1.);
#284 = DIRECTION('',(-0.,-1.,-0.));
#285 = ORIENTED_EDGE('',*,*,#286,.T.);
#286 = EDGE_CURVE('',#279,#287,#289,.T.);
#287 = VERTEX_POINT('',#288);
#288 = CARTESIAN_POINT('',(-6.326,0.,-2.921));
#289 = CIRCLE('',#290,0.889);
#290 = AXIS2_PLACEMENT_3D('',#291,#292,#293);
#291 = CARTESIAN_POINT('',(-6.326,0.,-3.81));
#292 = DIRECTION('',(0.,1.,0.));
#293 = DIRECTION('',(0.,-0.,1.));
#294 = ORIENTED_EDGE('',*,*,#295,.F.);
#295 = EDGE_CURVE('',#296,#287,#298,.T.);
#296 = VERTEX_POINT('',#297);
#297 = CARTESIAN_POINT('',(-6.326,1.2,-2.921));
#298 = LINE('',#299,#300);
#299 = CARTESIAN_POINT('',(-6.326,1.2,-2.921));
#300 = VECTOR('',#301,1.);
#301 = DIRECTION('',(-0.,-1.,-0.));
#302 = ORIENTED_EDGE('',*,*,#303,.F.);
#303 = EDGE_CURVE('',#277,#296,#304,.T.);
#304 = CIRCLE('',#305,0.889);
#305 = AXIS2_PLACEMENT_3D('',#306,#307,#308);
#306 = CARTESIAN_POINT('',(-6.326,1.2,-3.81));
#307 = DIRECTION('',(0.,1.,0.));
#308 = DIRECTION('',(0.,-0.,1.));
#309 = CYLINDRICAL_SURFACE('',#310,0.889);
#310 = AXIS2_PLACEMENT_3D('',#311,#312,#313);
#311 = CARTESIAN_POINT('',(-6.326,1.2,-3.81));
#312 = DIRECTION('',(-0.,-1.,-0.));
#313 = DIRECTION('',(0.,0.,-1.));
#314 = ADVANCED_FACE('',(#315),#351,.F.);
#315 = FACE_BOUND('',#316,.F.);
#316 = EDGE_LOOP('',(#317,#327,#336,#344));
#317 = ORIENTED_EDGE('',*,*,#318,.T.);
#318 = EDGE_CURVE('',#319,#321,#323,.T.);
#319 = VERTEX_POINT('',#320);
#320 = CARTESIAN_POINT('',(-6.326,1.2,-7.239));
#321 = VERTEX_POINT('',#322);
#322 = CARTESIAN_POINT('',(-6.326,0.,-7.239));
#323 = LINE('',#324,#325);
#324 = CARTESIAN_POINT('',(-6.326,1.2,-7.239));
#325 = VECTOR('',#326,1.);
#326 = DIRECTION('',(-0.,-1.,-0.));
#327 = ORIENTED_EDGE('',*,*,#328,.T.);
#328 = EDGE_CURVE('',#321,#329,#331,.T.);
#329 = VERTEX_POINT('',#330);
#330 = CARTESIAN_POINT('',(-6.326,0.,-5.461));
#331 = CIRCLE('',#332,0.889);
#332 = AXIS2_PLACEMENT_3D('',#333,#334,#335);
#333 = CARTESIAN_POINT('',(-6.326,0.,-6.35));
#334 = DIRECTION('',(0.,1.,0.));
#335 = DIRECTION('',(0.,-0.,1.));
#336 = ORIENTED_EDGE('',*,*,#337,.F.);
#337 = EDGE_CURVE('',#338,#329,#340,.T.);
#338 = VERTEX_POINT('',#339);
#339 = CARTESIAN_POINT('',(-6.326,1.2,-5.461));
#340 = LINE('',#341,#342);
#341 = CARTESIAN_POINT('',(-6.326,1.2,-5.461));
#342 = VECTOR('',#343,1.);
#343 = DIRECTION('',(-0.,-1.,-0.));
#344 = ORIENTED_EDGE('',*,*,#345,.F.);
#345 = EDGE_CURVE('',#319,#338,#346,.T.);
#346 = CIRCLE('',#347,0.889);
#347 = AXIS2_PLACEMENT_3D('',#348,#349,#350);
#348 = CARTESIAN_POINT('',(-6.326,1.2,-6.35));
#349 = DIRECTION('',(0.,1.,0.));
#350 = DIRECTION('',(0.,-0.,1.));
#351 = CYLINDRICAL_SURFACE('',#352,0.889);
#352 = AXIS2_PLACEMENT_3D('',#353,#354,#355);
#353 = CARTESIAN_POINT('',(-6.326,1.2,-6.35));
#354 = DIRECTION('',(-0.,-1.,-0.));
#355 = DIRECTION('',(0.,0.,-1.));
#356 = ADVANCED_FACE('',(#357),#393,.F.);
#357 = FACE_BOUND('',#358,.F.);
#358 = EDGE_LOOP('',(#359,#369,#378,#386));
#359 = ORIENTED_EDGE('',*,*,#360,.T.);
#360 = EDGE_CURVE('',#361,#363,#365,.T.);
#361 = VERTEX_POINT('',#362);
#362 = CARTESIAN_POINT('',(5.43,1.2,6.46));
#363 = VERTEX_POINT('',#364);
#364 = CARTESIAN_POINT('',(5.43,0.,6.46));
#365 = LINE('',#366,#367);
#366 = CARTESIAN_POINT('',(5.43,1.2,6.46));
#367 = VECTOR('',#368,1.);
#368 = DIRECTION('',(-0.,-1.,-0.));
#369 = ORIENTED_EDGE('',*,*,#370,.T.);
#370 = EDGE_CURVE('',#363,#371,#373,.T.);
#371 = VERTEX_POINT('',#372);
#372 = CARTESIAN_POINT('',(5.43,0.,9.66));
#373 = CIRCLE('',#374,1.6);
#374 = AXIS2_PLACEMENT_3D('',#375,#376,#377);
#375 = CARTESIAN_POINT('',(5.43,0.,8.06));
#376 = DIRECTION('',(0.,1.,0.));
#377 = DIRECTION('',(0.,-0.,-1.));
#378 = ORIENTED_EDGE('',*,*,#379,.F.);
#379 = EDGE_CURVE('',#380,#371,#382,.T.);
#380 = VERTEX_POINT('',#381);
#381 = CARTESIAN_POINT('',(5.43,1.2,9.66));
#382 = LINE('',#383,#384);
#383 = CARTESIAN_POINT('',(5.43,1.2,9.66));
#384 = VECTOR('',#385,1.);
#385 = DIRECTION('',(-0.,-1.,-0.));
#386 = ORIENTED_EDGE('',*,*,#387,.F.);
#387 = EDGE_CURVE('',#361,#380,#388,.T.);
#388 = CIRCLE('',#389,1.6);
#389 = AXIS2_PLACEMENT_3D('',#390,#391,#392);
#390 = CARTESIAN_POINT('',(5.43,1.2,8.06));
#391 = DIRECTION('',(0.,1.,0.));
#392 = DIRECTION('',(0.,-0.,-1.));
#393 = CYLINDRICAL_SURFACE('',#394,1.6);
#394 = AXIS2_PLACEMENT_3D('',#395,#396,#397);
#395 = CARTESIAN_POINT('',(5.43,1.2,8.06));
#396 = DIRECTION('',(-0.,-1.,-0.));
#397 = DIRECTION('',(0.,0.,-1.));
#398 = ADVANCED_FACE('',(#399),#435,.F.);
#399 = FACE_BOUND('',#400,.F.);
#400 = EDGE_LOOP('',(#401,#411,#420,#428));
#401 = ORIENTED_EDGE('',*,*,#402,.T.);
#402 = EDGE_CURVE('',#403,#405,#407,.T.);
#403 = VERTEX_POINT('',#404);
#404 = CARTESIAN_POINT('',(-6.326,1.2,-9.779));
#405 = VERTEX_POINT('',#406);
#406 = CARTESIAN_POINT('',(-6.326,0.,-9.779));
#407 = LINE('',#408,#409);
#408 = CARTESIAN_POINT('',(-6.326,1.2,-9.779));
#409 = VECTOR('',#410,1.);
#410 = DIRECTION('',(-0.,-1.,-0.));
#411 = ORIENTED_EDGE('',*,*,#412,.T.);
#412 = EDGE_CURVE('',#405,#413,#415,.T.);
#413 = VERTEX_POINT('',#414);
#414 = CARTESIAN_POINT('',(-6.326,0.,-8.001));
#415 = CIRCLE('',#416,0.889);
#416 = AXIS2_PLACEMENT_3D('',#417,#418,#419);
#417 = CARTESIAN_POINT('',(-6.326,0.,-8.89));
#418 = DIRECTION('',(0.,1.,0.));
#419 = DIRECTION('',(0.,-0.,1.));
#420 = ORIENTED_EDGE('',*,*,#421,.F.);
#421 = EDGE_CURVE('',#422,#413,#424,.T.);
#422 = VERTEX_POINT('',#423);
#423 = CARTESIAN_POINT('',(-6.326,1.2,-8.001));
#424 = LINE('',#425,#426);
#425 = CARTESIAN_POINT('',(-6.326,1.2,-8.001));
#426 = VECTOR('',#427,1.);
#427 = DIRECTION('',(-0.,-1.,-0.));
#428 = ORIENTED_EDGE('',*,*,#429,.F.);
#429 = EDGE_CURVE('',#403,#422,#430,.T.);
#430 = CIRCLE('',#431,0.889);
#431 = AXIS2_PLACEMENT_3D('',#432,#433,#434);
#432 = CARTESIAN_POINT('',(-6.326,1.2,-8.89));
#433 = DIRECTION('',(0.,1.,0.));
#434 = DIRECTION('',(0.,-0.,1.));
#435 = CYLINDRICAL_SURFACE('',#436,0.889);
#436 = AXIS2_PLACEMENT_3D('',#437,#438,#439);
#437 = CARTESIAN_POINT('',(-6.326,1.2,-8.89));
#438 = DIRECTION('',(-0.,-1.,-0.));
#439 = DIRECTION('',(0.,0.,-1.));
#440 = ADVANCED_FACE('',(#441),#477,.F.);
#441 = FACE_BOUND('',#442,.F.);
#442 = EDGE_LOOP('',(#443,#453,#462,#470));
#443 = ORIENTED_EDGE('',*,*,#444,.T.);
#444 = EDGE_CURVE('',#445,#447,#449,.T.);
#445 = VERTEX_POINT('',#446);
#446 = CARTESIAN_POINT('',(5.43,1.2,-9.66));
#447 = VERTEX_POINT('',#448);
#448 = CARTESIAN_POINT('',(5.43,0.,-9.66));
#449 = LINE('',#450,#451);
#450 = CARTESIAN_POINT('',(5.43,1.2,-9.66));
#451 = VECTOR('',#452,1.);
#452 = DIRECTION('',(-0.,-1.,-0.));
#453 = ORIENTED_EDGE('',*,*,#454,.T.);
#454 = EDGE_CURVE('',#447,#455,#457,.T.);
#455 = VERTEX_POINT('',#456);
#456 = CARTESIAN_POINT('',(5.43,0.,-6.46));
#457 = CIRCLE('',#458,1.6);
#458 = AXIS2_PLACEMENT_3D('',#459,#460,#461);
#459 = CARTESIAN_POINT('',(5.43,0.,-8.06));
#460 = DIRECTION('',(0.,1.,0.));
#461 = DIRECTION('',(0.,-0.,1.));
#462 = ORIENTED_EDGE('',*,*,#463,.F.);
#463 = EDGE_CURVE('',#464,#455,#466,.T.);
#464 = VERTEX_POINT('',#465);
#465 = CARTESIAN_POINT('',(5.43,1.2,-6.46));
#466 = LINE('',#467,#468);
#467 = CARTESIAN_POINT('',(5.43,1.2,-6.46));
#468 = VECTOR('',#469,1.);
#469 = DIRECTION('',(-0.,-1.,-0.));
#470 = ORIENTED_EDGE('',*,*,#471,.F.);
#471 = EDGE_CURVE('',#445,#464,#472,.T.);
#472 = CIRCLE('',#473,1.6);
#473 = AXIS2_PLACEMENT_3D('',#474,#475,#476);
#474 = CARTESIAN_POINT('',(5.43,1.2,-8.06));
#475 = DIRECTION('',(0.,1.,0.));
#476 = DIRECTION('',(0.,-0.,1.));
#477 = CYLINDRICAL_SURFACE('',#478,1.6);
#478 = AXIS2_PLACEMENT_3D('',#479,#480,#481);
#479 = CARTESIAN_POINT('',(5.43,1.2,-8.06));
#480 = DIRECTION('',(-0.,-1.,-0.));
#481 = DIRECTION('',(0.,0.,-1.));
#482 = ADVANCED_FACE('',(#483,#517,#527,#537,#547,#557,#567,#577,#587,
    #597,#607),#617,.F.);
#483 = FACE_BOUND('',#484,.T.);
#484 = EDGE_LOOP('',(#485,#495,#503,#511));
#485 = ORIENTED_EDGE('',*,*,#486,.T.);
#486 = EDGE_CURVE('',#487,#489,#491,.T.);
#487 = VERTEX_POINT('',#488);
#488 = CARTESIAN_POINT('',(7.85,1.2,10.15));
#489 = VERTEX_POINT('',#490);
#490 = CARTESIAN_POINT('',(7.85,1.2,-10.15));
#491 = LINE('',#492,#493);
#492 = CARTESIAN_POINT('',(7.85,1.2,10.15));
#493 = VECTOR('',#494,1.);
#494 = DIRECTION('',(0.,0.,-1.));
#495 = ORIENTED_EDGE('',*,*,#496,.T.);
#496 = EDGE_CURVE('',#489,#497,#499,.T.);
#497 = VERTEX_POINT('',#498);
#498 = CARTESIAN_POINT('',(-7.85,1.2,-10.15));
#499 = LINE('',#500,#501);
#500 = CARTESIAN_POINT('',(-7.85,1.2,-10.15));
#501 = VECTOR('',#502,1.);
#502 = DIRECTION('',(-1.,-0.,-0.));
#503 = ORIENTED_EDGE('',*,*,#504,.T.);
#504 = EDGE_CURVE('',#497,#505,#507,.T.);
#505 = VERTEX_POINT('',#506);
#506 = CARTESIAN_POINT('',(-7.85,1.2,10.15));
#507 = LINE('',#508,#509);
#508 = CARTESIAN_POINT('',(-7.85,1.2,10.15));
#509 = VECTOR('',#510,1.);
#510 = DIRECTION('',(-0.,-0.,1.));
#511 = ORIENTED_EDGE('',*,*,#512,.T.);
#512 = EDGE_CURVE('',#505,#487,#513,.T.);
#513 = LINE('',#514,#515);
#514 = CARTESIAN_POINT('',(-7.85,1.2,10.15));
#515 = VECTOR('',#516,1.);
#516 = DIRECTION('',(1.,0.,0.));
#517 = FACE_BOUND('',#518,.T.);
#518 = EDGE_LOOP('',(#519,#520));
#519 = ORIENTED_EDGE('',*,*,#471,.F.);
#520 = ORIENTED_EDGE('',*,*,#521,.F.);
#521 = EDGE_CURVE('',#464,#445,#522,.T.);
#522 = CIRCLE('',#523,1.6);
#523 = AXIS2_PLACEMENT_3D('',#524,#525,#526);
#524 = CARTESIAN_POINT('',(5.43,1.2,-8.06));
#525 = DIRECTION('',(0.,1.,0.));
#526 = DIRECTION('',(0.,-0.,1.));
#527 = FACE_BOUND('',#528,.T.);
#528 = EDGE_LOOP('',(#529,#530));
#529 = ORIENTED_EDGE('',*,*,#429,.F.);
#530 = ORIENTED_EDGE('',*,*,#531,.F.);
#531 = EDGE_CURVE('',#422,#403,#532,.T.);
#532 = CIRCLE('',#533,0.889);
#533 = AXIS2_PLACEMENT_3D('',#534,#535,#536);
#534 = CARTESIAN_POINT('',(-6.326,1.2,-8.89));
#535 = DIRECTION('',(0.,1.,0.));
#536 = DIRECTION('',(0.,-0.,1.));
#537 = FACE_BOUND('',#538,.T.);
#538 = EDGE_LOOP('',(#539,#540));
#539 = ORIENTED_EDGE('',*,*,#387,.F.);
#540 = ORIENTED_EDGE('',*,*,#541,.F.);
#541 = EDGE_CURVE('',#380,#361,#542,.T.);
#542 = CIRCLE('',#543,1.6);
#543 = AXIS2_PLACEMENT_3D('',#544,#545,#546);
#544 = CARTESIAN_POINT('',(5.43,1.2,8.06));
#545 = DIRECTION('',(0.,1.,0.));
#546 = DIRECTION('',(0.,-0.,-1.));
#547 = FACE_BOUND('',#548,.T.);
#548 = EDGE_LOOP('',(#549,#550));
#549 = ORIENTED_EDGE('',*,*,#345,.F.);
#550 = ORIENTED_EDGE('',*,*,#551,.F.);
#551 = EDGE_CURVE('',#338,#319,#552,.T.);
#552 = CIRCLE('',#553,0.889);
#553 = AXIS2_PLACEMENT_3D('',#554,#555,#556);
#554 = CARTESIAN_POINT('',(-6.326,1.2,-6.35));
#555 = DIRECTION('',(0.,1.,0.));
#556 = DIRECTION('',(0.,-0.,1.));
#557 = FACE_BOUND('',#558,.T.);
#558 = EDGE_LOOP('',(#559,#560));
#559 = ORIENTED_EDGE('',*,*,#303,.F.);
#560 = ORIENTED_EDGE('',*,*,#561,.F.);
#561 = EDGE_CURVE('',#296,#277,#562,.T.);
#562 = CIRCLE('',#563,0.889);
#563 = AXIS2_PLACEMENT_3D('',#564,#565,#566);
#564 = CARTESIAN_POINT('',(-6.326,1.2,-3.81));
#565 = DIRECTION('',(0.,1.,0.));
#566 = DIRECTION('',(0.,-0.,1.));
#567 = FACE_BOUND('',#568,.T.);
#568 = EDGE_LOOP('',(#569,#570));
#569 = ORIENTED_EDGE('',*,*,#261,.F.);
#570 = ORIENTED_EDGE('',*,*,#571,.F.);
#571 = EDGE_CURVE('',#254,#235,#572,.T.);
#572 = CIRCLE('',#573,0.889);
#573 = AXIS2_PLACEMENT_3D('',#574,#575,#576);
#574 = CARTESIAN_POINT('',(-6.326,1.2,-1.27));
#575 = DIRECTION('',(0.,1.,0.));
#576 = DIRECTION('',(0.,-0.,1.));
#577 = FACE_BOUND('',#578,.T.);
#578 = EDGE_LOOP('',(#579,#580));
#579 = ORIENTED_EDGE('',*,*,#219,.F.);
#580 = ORIENTED_EDGE('',*,*,#581,.F.);
#581 = EDGE_CURVE('',#212,#193,#582,.T.);
#582 = CIRCLE('',#583,0.889);
#583 = AXIS2_PLACEMENT_3D('',#584,#585,#586);
#584 = CARTESIAN_POINT('',(-6.326,1.2,1.27));
#585 = DIRECTION('',(0.,1.,0.));
#586 = DIRECTION('',(0.,-0.,1.));
#587 = FACE_BOUND('',#588,.T.);
#588 = EDGE_LOOP('',(#589,#590));
#589 = ORIENTED_EDGE('',*,*,#177,.F.);
#590 = ORIENTED_EDGE('',*,*,#591,.F.);
#591 = EDGE_CURVE('',#170,#151,#592,.T.);
#592 = CIRCLE('',#593,0.889);
#593 = AXIS2_PLACEMENT_3D('',#594,#595,#596);
#594 = CARTESIAN_POINT('',(-6.326,1.2,3.81));
#595 = DIRECTION('',(0.,1.,0.));
#596 = DIRECTION('',(0.,-0.,1.));
#597 = FACE_BOUND('',#598,.T.);
#598 = EDGE_LOOP('',(#599,#600));
#599 = ORIENTED_EDGE('',*,*,#135,.F.);
#600 = ORIENTED_EDGE('',*,*,#601,.F.);
#601 = EDGE_CURVE('',#128,#109,#602,.T.);
#602 = CIRCLE('',#603,0.889);
#603 = AXIS2_PLACEMENT_3D('',#604,#605,#606);
#604 = CARTESIAN_POINT('',(-6.326,1.2,6.35));
#605 = DIRECTION('',(0.,1.,0.));
#606 = DIRECTION('',(0.,-0.,1.));
#607 = FACE_BOUND('',#608,.T.);
#608 = EDGE_LOOP('',(#609,#610));
#609 = ORIENTED_EDGE('',*,*,#93,.F.);
#610 = ORIENTED_EDGE('',*,*,#611,.F.);
#611 = EDGE_CURVE('',#86,#67,#612,.T.);
#612 = CIRCLE('',#613,0.889);
#613 = AXIS2_PLACEMENT_3D('',#614,#615,#616);
#614 = CARTESIAN_POINT('',(-6.326,1.2,8.89));
#615 = DIRECTION('',(0.,1.,0.));
#616 = DIRECTION('',(0.,-0.,1.));
#617 = PLANE('',#618);
#618 = AXIS2_PLACEMENT_3D('',#619,#620,#621);
#619 = CARTESIAN_POINT('',(0.,1.2,0.));
#620 = DIRECTION('',(0.,-1.,0.));
#621 = DIRECTION('',(0.,-0.,-1.));
#622 = ADVANCED_FACE('',(#623,#633,#643,#653,#663,#673,#707,#717,#727,
    #737,#747),#757,.T.);
#623 = FACE_BOUND('',#624,.T.);
#624 = EDGE_LOOP('',(#625,#626));
#625 = ORIENTED_EDGE('',*,*,#118,.T.);
#626 = ORIENTED_EDGE('',*,*,#627,.T.);
#627 = EDGE_CURVE('',#119,#111,#628,.T.);
#628 = CIRCLE('',#629,0.889);
#629 = AXIS2_PLACEMENT_3D('',#630,#631,#632);
#630 = CARTESIAN_POINT('',(-6.326,0.,6.35));
#631 = DIRECTION('',(0.,1.,0.));
#632 = DIRECTION('',(0.,-0.,1.));
#633 = FACE_BOUND('',#634,.T.);
#634 = EDGE_LOOP('',(#635,#636));
#635 = ORIENTED_EDGE('',*,*,#202,.T.);
#636 = ORIENTED_EDGE('',*,*,#637,.T.);
#637 = EDGE_CURVE('',#203,#195,#638,.T.);
#638 = CIRCLE('',#639,0.889);
#639 = AXIS2_PLACEMENT_3D('',#640,#641,#642);
#640 = CARTESIAN_POINT('',(-6.326,0.,1.27));
#641 = DIRECTION('',(0.,1.,0.));
#642 = DIRECTION('',(0.,-0.,1.));
#643 = FACE_BOUND('',#644,.T.);
#644 = EDGE_LOOP('',(#645,#646));
#645 = ORIENTED_EDGE('',*,*,#286,.T.);
#646 = ORIENTED_EDGE('',*,*,#647,.T.);
#647 = EDGE_CURVE('',#287,#279,#648,.T.);
#648 = CIRCLE('',#649,0.889);
#649 = AXIS2_PLACEMENT_3D('',#650,#651,#652);
#650 = CARTESIAN_POINT('',(-6.326,0.,-3.81));
#651 = DIRECTION('',(0.,1.,0.));
#652 = DIRECTION('',(0.,-0.,1.));
#653 = FACE_BOUND('',#654,.T.);
#654 = EDGE_LOOP('',(#655,#656));
#655 = ORIENTED_EDGE('',*,*,#370,.T.);
#656 = ORIENTED_EDGE('',*,*,#657,.T.);
#657 = EDGE_CURVE('',#371,#363,#658,.T.);
#658 = CIRCLE('',#659,1.6);
#659 = AXIS2_PLACEMENT_3D('',#660,#661,#662);
#660 = CARTESIAN_POINT('',(5.43,0.,8.06));
#661 = DIRECTION('',(0.,1.,0.));
#662 = DIRECTION('',(0.,-0.,-1.));
#663 = FACE_BOUND('',#664,.T.);
#664 = EDGE_LOOP('',(#665,#666));
#665 = ORIENTED_EDGE('',*,*,#454,.T.);
#666 = ORIENTED_EDGE('',*,*,#667,.T.);
#667 = EDGE_CURVE('',#455,#447,#668,.T.);
#668 = CIRCLE('',#669,1.6);
#669 = AXIS2_PLACEMENT_3D('',#670,#671,#672);
#670 = CARTESIAN_POINT('',(5.43,0.,-8.06));
#671 = DIRECTION('',(0.,1.,0.));
#672 = DIRECTION('',(0.,-0.,1.));
#673 = FACE_BOUND('',#674,.T.);
#674 = EDGE_LOOP('',(#675,#685,#693,#701));
#675 = ORIENTED_EDGE('',*,*,#676,.F.);
#676 = EDGE_CURVE('',#677,#679,#681,.T.);
#677 = VERTEX_POINT('',#678);
#678 = CARTESIAN_POINT('',(7.85,0.,10.15));
#679 = VERTEX_POINT('',#680);
#680 = CARTESIAN_POINT('',(7.85,0.,-10.15));
#681 = LINE('',#682,#683);
#682 = CARTESIAN_POINT('',(7.85,0.,10.15));
#683 = VECTOR('',#684,1.);
#684 = DIRECTION('',(0.,0.,-1.));
#685 = ORIENTED_EDGE('',*,*,#686,.F.);
#686 = EDGE_CURVE('',#687,#677,#689,.T.);
#687 = VERTEX_POINT('',#688);
#688 = CARTESIAN_POINT('',(-7.85,0.,10.15));
#689 = LINE('',#690,#691);
#690 = CARTESIAN_POINT('',(-7.85,0.,10.15));
#691 = VECTOR('',#692,1.);
#692 = DIRECTION('',(1.,0.,0.));
#693 = ORIENTED_EDGE('',*,*,#694,.F.);
#694 = EDGE_CURVE('',#695,#687,#697,.T.);
#695 = VERTEX_POINT('',#696);
#696 = CARTESIAN_POINT('',(-7.85,0.,-10.15));
#697 = LINE('',#698,#699);
#698 = CARTESIAN_POINT('',(-7.85,0.,10.15));
#699 = VECTOR('',#700,1.);
#700 = DIRECTION('',(-0.,-0.,1.));
#701 = ORIENTED_EDGE('',*,*,#702,.F.);
#702 = EDGE_CURVE('',#679,#695,#703,.T.);
#703 = LINE('',#704,#705);
#704 = CARTESIAN_POINT('',(-7.85,0.,-10.15));
#705 = VECTOR('',#706,1.);
#706 = DIRECTION('',(-1.,-0.,-0.));
#707 = FACE_BOUND('',#708,.T.);
#708 = EDGE_LOOP('',(#709,#710));
#709 = ORIENTED_EDGE('',*,*,#412,.T.);
#710 = ORIENTED_EDGE('',*,*,#711,.T.);
#711 = EDGE_CURVE('',#413,#405,#712,.T.);
#712 = CIRCLE('',#713,0.889);
#713 = AXIS2_PLACEMENT_3D('',#714,#715,#716);
#714 = CARTESIAN_POINT('',(-6.326,0.,-8.89));
#715 = DIRECTION('',(0.,1.,0.));
#716 = DIRECTION('',(0.,-0.,1.));
#717 = FACE_BOUND('',#718,.T.);
#718 = EDGE_LOOP('',(#719,#720));
#719 = ORIENTED_EDGE('',*,*,#328,.T.);
#720 = ORIENTED_EDGE('',*,*,#721,.T.);
#721 = EDGE_CURVE('',#329,#321,#722,.T.);
#722 = CIRCLE('',#723,0.889);
#723 = AXIS2_PLACEMENT_3D('',#724,#725,#726);
#724 = CARTESIAN_POINT('',(-6.326,0.,-6.35));
#725 = DIRECTION('',(0.,1.,0.));
#726 = DIRECTION('',(0.,-0.,1.));
#727 = FACE_BOUND('',#728,.T.);
#728 = EDGE_LOOP('',(#729,#730));
#729 = ORIENTED_EDGE('',*,*,#244,.T.);
#730 = ORIENTED_EDGE('',*,*,#731,.T.);
#731 = EDGE_CURVE('',#245,#237,#732,.T.);
#732 = CIRCLE('',#733,0.889);
#733 = AXIS2_PLACEMENT_3D('',#734,#735,#736);
#734 = CARTESIAN_POINT('',(-6.326,0.,-1.27));
#735 = DIRECTION('',(0.,1.,0.));
#736 = DIRECTION('',(0.,-0.,1.));
#737 = FACE_BOUND('',#738,.T.);
#738 = EDGE_LOOP('',(#739,#740));
#739 = ORIENTED_EDGE('',*,*,#160,.T.);
#740 = ORIENTED_EDGE('',*,*,#741,.T.);
#741 = EDGE_CURVE('',#161,#153,#742,.T.);
#742 = CIRCLE('',#743,0.889);
#743 = AXIS2_PLACEMENT_3D('',#744,#745,#746);
#744 = CARTESIAN_POINT('',(-6.326,0.,3.81));
#745 = DIRECTION('',(0.,1.,0.));
#746 = DIRECTION('',(0.,-0.,1.));
#747 = FACE_BOUND('',#748,.T.);
#748 = EDGE_LOOP('',(#749,#750));
#749 = ORIENTED_EDGE('',*,*,#76,.T.);
#750 = ORIENTED_EDGE('',*,*,#751,.T.);
#751 = EDGE_CURVE('',#77,#69,#752,.T.);
#752 = CIRCLE('',#753,0.889);
#753 = AXIS2_PLACEMENT_3D('',#754,#755,#756);
#754 = CARTESIAN_POINT('',(-6.326,0.,8.89));
#755 = DIRECTION('',(0.,1.,0.));
#756 = DIRECTION('',(0.,-0.,1.));
#757 = PLANE('',#758);
#758 = AXIS2_PLACEMENT_3D('',#759,#760,#761);
#759 = CARTESIAN_POINT('',(0.,0.,0.));
#760 = DIRECTION('',(0.,-1.,0.));
#761 = DIRECTION('',(0.,-0.,-1.));
#762 = ADVANCED_FACE('',(#763),#779,.F.);
#763 = FACE_BOUND('',#764,.T.);
#764 = EDGE_LOOP('',(#765,#766,#772,#773));
#765 = ORIENTED_EDGE('',*,*,#676,.T.);
#766 = ORIENTED_EDGE('',*,*,#767,.F.);
#767 = EDGE_CURVE('',#489,#679,#768,.T.);
#768 = LINE('',#769,#770);
#769 = CARTESIAN_POINT('',(7.85,1.2,-10.15));
#770 = VECTOR('',#771,1.);
#771 = DIRECTION('',(-0.,-1.,-0.));
#772 = ORIENTED_EDGE('',*,*,#486,.F.);
#773 = ORIENTED_EDGE('',*,*,#774,.T.);
#774 = EDGE_CURVE('',#487,#677,#775,.T.);
#775 = LINE('',#776,#777);
#776 = CARTESIAN_POINT('',(7.85,1.2,10.15));
#777 = VECTOR('',#778,1.);
#778 = DIRECTION('',(-0.,-1.,-0.));
#779 = PLANE('',#780);
#780 = AXIS2_PLACEMENT_3D('',#781,#782,#783);
#781 = CARTESIAN_POINT('',(7.85,1.2,10.15));
#782 = DIRECTION('',(-1.,0.,0.));
#783 = DIRECTION('',(0.,0.,1.));
#784 = ADVANCED_FACE('',(#785),#796,.F.);
#785 = FACE_BOUND('',#786,.T.);
#786 = EDGE_LOOP('',(#787,#788,#794,#795));
#787 = ORIENTED_EDGE('',*,*,#702,.T.);
#788 = ORIENTED_EDGE('',*,*,#789,.F.);
#789 = EDGE_CURVE('',#497,#695,#790,.T.);
#790 = LINE('',#791,#792);
#791 = CARTESIAN_POINT('',(-7.85,1.2,-10.15));
#792 = VECTOR('',#793,1.);
#793 = DIRECTION('',(-0.,-1.,-0.));
#794 = ORIENTED_EDGE('',*,*,#496,.F.);
#795 = ORIENTED_EDGE('',*,*,#767,.T.);
#796 = PLANE('',#797);
#797 = AXIS2_PLACEMENT_3D('',#798,#799,#800);
#798 = CARTESIAN_POINT('',(-7.85,1.2,-10.15));
#799 = DIRECTION('',(0.,0.,1.));
#800 = DIRECTION('',(1.,0.,-0.));
#801 = ADVANCED_FACE('',(#802),#813,.F.);
#802 = FACE_BOUND('',#803,.T.);
#803 = EDGE_LOOP('',(#804,#805,#811,#812));
#804 = ORIENTED_EDGE('',*,*,#694,.T.);
#805 = ORIENTED_EDGE('',*,*,#806,.F.);
#806 = EDGE_CURVE('',#505,#687,#807,.T.);
#807 = LINE('',#808,#809);
#808 = CARTESIAN_POINT('',(-7.85,1.2,10.15));
#809 = VECTOR('',#810,1.);
#810 = DIRECTION('',(-0.,-1.,-0.));
#811 = ORIENTED_EDGE('',*,*,#504,.F.);
#812 = ORIENTED_EDGE('',*,*,#789,.T.);
#813 = PLANE('',#814);
#814 = AXIS2_PLACEMENT_3D('',#815,#816,#817);
#815 = CARTESIAN_POINT('',(-7.85,1.2,10.15));
#816 = DIRECTION('',(1.,-0.,0.));
#817 = DIRECTION('',(0.,0.,-1.));
#818 = ADVANCED_FACE('',(#819),#825,.F.);
#819 = FACE_BOUND('',#820,.T.);
#820 = EDGE_LOOP('',(#821,#822,#823,#824));
#821 = ORIENTED_EDGE('',*,*,#686,.T.);
#822 = ORIENTED_EDGE('',*,*,#774,.F.);
#823 = ORIENTED_EDGE('',*,*,#512,.F.);
#824 = ORIENTED_EDGE('',*,*,#806,.T.);
#825 = PLANE('',#826);
#826 = AXIS2_PLACEMENT_3D('',#827,#828,#829);
#827 = CARTESIAN_POINT('',(-7.85,1.2,10.15));
#828 = DIRECTION('',(0.,0.,-1.));
#829 = DIRECTION('',(-1.,0.,-0.));
#830 = ADVANCED_FACE('',(#831),#837,.F.);
#831 = FACE_BOUND('',#832,.F.);
#832 = EDGE_LOOP('',(#833,#834,#835,#836));
#833 = ORIENTED_EDGE('',*,*,#667,.T.);
#834 = ORIENTED_EDGE('',*,*,#444,.F.);
#835 = ORIENTED_EDGE('',*,*,#521,.F.);
#836 = ORIENTED_EDGE('',*,*,#463,.T.);
#837 = CYLINDRICAL_SURFACE('',#838,1.6);
#838 = AXIS2_PLACEMENT_3D('',#839,#840,#841);
#839 = CARTESIAN_POINT('',(5.43,1.2,-8.06));
#840 = DIRECTION('',(-0.,-1.,-0.));
#841 = DIRECTION('',(0.,0.,-1.));
#842 = ADVANCED_FACE('',(#843),#849,.F.);
#843 = FACE_BOUND('',#844,.F.);
#844 = EDGE_LOOP('',(#845,#846,#847,#848));
#845 = ORIENTED_EDGE('',*,*,#711,.T.);
#846 = ORIENTED_EDGE('',*,*,#402,.F.);
#847 = ORIENTED_EDGE('',*,*,#531,.F.);
#848 = ORIENTED_EDGE('',*,*,#421,.T.);
#849 = CYLINDRICAL_SURFACE('',#850,0.889);
#850 = AXIS2_PLACEMENT_3D('',#851,#852,#853);
#851 = CARTESIAN_POINT('',(-6.326,1.2,-8.89));
#852 = DIRECTION('',(-0.,-1.,-0.));
#853 = DIRECTION('',(0.,0.,-1.));
#854 = ADVANCED_FACE('',(#855),#861,.F.);
#855 = FACE_BOUND('',#856,.F.);
#856 = EDGE_LOOP('',(#857,#858,#859,#860));
#857 = ORIENTED_EDGE('',*,*,#657,.T.);
#858 = ORIENTED_EDGE('',*,*,#360,.F.);
#859 = ORIENTED_EDGE('',*,*,#541,.F.);
#860 = ORIENTED_EDGE('',*,*,#379,.T.);
#861 = CYLINDRICAL_SURFACE('',#862,1.6);
#862 = AXIS2_PLACEMENT_3D('',#863,#864,#865);
#863 = CARTESIAN_POINT('',(5.43,1.2,8.06));
#864 = DIRECTION('',(-0.,-1.,-0.));
#865 = DIRECTION('',(0.,0.,-1.));
#866 = ADVANCED_FACE('',(#867),#873,.F.);
#867 = FACE_BOUND('',#868,.F.);
#868 = EDGE_LOOP('',(#869,#870,#871,#872));
#869 = ORIENTED_EDGE('',*,*,#721,.T.);
#870 = ORIENTED_EDGE('',*,*,#318,.F.);
#871 = ORIENTED_EDGE('',*,*,#551,.F.);
#872 = ORIENTED_EDGE('',*,*,#337,.T.);
#873 = CYLINDRICAL_SURFACE('',#874,0.889);
#874 = AXIS2_PLACEMENT_3D('',#875,#876,#877);
#875 = CARTESIAN_POINT('',(-6.326,1.2,-6.35));
#876 = DIRECTION('',(-0.,-1.,-0.));
#877 = DIRECTION('',(0.,0.,-1.));
#878 = ADVANCED_FACE('',(#879),#885,.F.);
#879 = FACE_BOUND('',#880,.F.);
#880 = EDGE_LOOP('',(#881,#882,#883,#884));
#881 = ORIENTED_EDGE('',*,*,#647,.T.);
#882 = ORIENTED_EDGE('',*,*,#276,.F.);
#883 = ORIENTED_EDGE('',*,*,#561,.F.);
#884 = ORIENTED_EDGE('',*,*,#295,.T.);
#885 = CYLINDRICAL_SURFACE('',#886,0.889);
#886 = AXIS2_PLACEMENT_3D('',#887,#888,#889);
#887 = CARTESIAN_POINT('',(-6.326,1.2,-3.81));
#888 = DIRECTION('',(-0.,-1.,-0.));
#889 = DIRECTION('',(0.,0.,-1.));
#890 = ADVANCED_FACE('',(#891),#897,.F.);
#891 = FACE_BOUND('',#892,.F.);
#892 = EDGE_LOOP('',(#893,#894,#895,#896));
#893 = ORIENTED_EDGE('',*,*,#731,.T.);
#894 = ORIENTED_EDGE('',*,*,#234,.F.);
#895 = ORIENTED_EDGE('',*,*,#571,.F.);
#896 = ORIENTED_EDGE('',*,*,#253,.T.);
#897 = CYLINDRICAL_SURFACE('',#898,0.889);
#898 = AXIS2_PLACEMENT_3D('',#899,#900,#901);
#899 = CARTESIAN_POINT('',(-6.326,1.2,-1.27));
#900 = DIRECTION('',(-0.,-1.,-0.));
#901 = DIRECTION('',(0.,0.,-1.));
#902 = ADVANCED_FACE('',(#903),#909,.F.);
#903 = FACE_BOUND('',#904,.F.);
#904 = EDGE_LOOP('',(#905,#906,#907,#908));
#905 = ORIENTED_EDGE('',*,*,#637,.T.);
#906 = ORIENTED_EDGE('',*,*,#192,.F.);
#907 = ORIENTED_EDGE('',*,*,#581,.F.);
#908 = ORIENTED_EDGE('',*,*,#211,.T.);
#909 = CYLINDRICAL_SURFACE('',#910,0.889);
#910 = AXIS2_PLACEMENT_3D('',#911,#912,#913);
#911 = CARTESIAN_POINT('',(-6.326,1.2,1.27));
#912 = DIRECTION('',(-0.,-1.,-0.));
#913 = DIRECTION('',(0.,0.,-1.));
#914 = ADVANCED_FACE('',(#915),#921,.F.);
#915 = FACE_BOUND('',#916,.F.);
#916 = EDGE_LOOP('',(#917,#918,#919,#920));
#917 = ORIENTED_EDGE('',*,*,#741,.T.);
#918 = ORIENTED_EDGE('',*,*,#150,.F.);
#919 = ORIENTED_EDGE('',*,*,#591,.F.);
#920 = ORIENTED_EDGE('',*,*,#169,.T.);
#921 = CYLINDRICAL_SURFACE('',#922,0.889);
#922 = AXIS2_PLACEMENT_3D('',#923,#924,#925);
#923 = CARTESIAN_POINT('',(-6.326,1.2,3.81));
#924 = DIRECTION('',(-0.,-1.,-0.));
#925 = DIRECTION('',(0.,0.,-1.));
#926 = ADVANCED_FACE('',(#927),#933,.F.);
#927 = FACE_BOUND('',#928,.F.);
#928 = EDGE_LOOP('',(#929,#930,#931,#932));
#929 = ORIENTED_EDGE('',*,*,#627,.T.);
#930 = ORIENTED_EDGE('',*,*,#108,.F.);
#931 = ORIENTED_EDGE('',*,*,#601,.F.);
#932 = ORIENTED_EDGE('',*,*,#127,.T.);
#933 = CYLINDRICAL_SURFACE('',#934,0.889);
#934 = AXIS2_PLACEMENT_3D('',#935,#936,#937);
#935 = CARTESIAN_POINT('',(-6.326,1.2,6.35));
#936 = DIRECTION('',(-0.,-1.,-0.));
#937 = DIRECTION('',(0.,0.,-1.));
#938 = ADVANCED_FACE('',(#939),#945,.F.);
#939 = FACE_BOUND('',#940,.F.);
#940 = EDGE_LOOP('',(#941,#942,#943,#944));
#941 = ORIENTED_EDGE('',*,*,#751,.T.);
#942 = ORIENTED_EDGE('',*,*,#66,.F.);
#943 = ORIENTED_EDGE('',*,*,#611,.F.);
#944 = ORIENTED_EDGE('',*,*,#85,.T.);
#945 = CYLINDRICAL_SURFACE('',#946,0.889);
#946 = AXIS2_PLACEMENT_3D('',#947,#948,#949);
#947 = CARTESIAN_POINT('',(-6.326,1.2,8.89));
#948 = DIRECTION('',(-0.,-1.,-0.));
#949 = DIRECTION('',(0.,0.,-1.));
#950 = MANIFOLD_SOLID_BREP('',#951);
#951 = CLOSED_SHELL('',(#952,#994,#1036,#1062,#1088,#1100));
#952 = ADVANCED_FACE('',(#953),#989,.F.);
#953 = FACE_BOUND('',#954,.F.);
#954 = EDGE_LOOP('',(#955,#965,#974,#982));
#955 = ORIENTED_EDGE('',*,*,#956,.T.);
#956 = EDGE_CURVE('',#957,#959,#961,.T.);
#957 = VERTEX_POINT('',#958);
#958 = CARTESIAN_POINT('',(-6.326,1.2,-9.525));
#959 = VERTEX_POINT('',#960);
#960 = CARTESIAN_POINT('',(-6.326,0.,-9.525));
#961 = LINE('',#962,#963);
#962 = CARTESIAN_POINT('',(-6.326,1.2,-9.525));
#963 = VECTOR('',#964,1.);
#964 = DIRECTION('',(-0.,-1.,-0.));
#965 = ORIENTED_EDGE('',*,*,#966,.T.);
#966 = EDGE_CURVE('',#959,#967,#969,.T.);
#967 = VERTEX_POINT('',#968);
#968 = CARTESIAN_POINT('',(-6.326,0.,-8.255));
#969 = CIRCLE('',#970,0.635);
#970 = AXIS2_PLACEMENT_3D('',#971,#972,#973);
#971 = CARTESIAN_POINT('',(-6.326,0.,-8.89));
#972 = DIRECTION('',(0.,1.,0.));
#973 = DIRECTION('',(0.,-0.,1.));
#974 = ORIENTED_EDGE('',*,*,#975,.F.);
#975 = EDGE_CURVE('',#976,#967,#978,.T.);
#976 = VERTEX_POINT('',#977);
#977 = CARTESIAN_POINT('',(-6.326,1.2,-8.255));
#978 = LINE('',#979,#980);
#979 = CARTESIAN_POINT('',(-6.326,1.2,-8.255));
#980 = VECTOR('',#981,1.);
#981 = DIRECTION('',(-0.,-1.,-0.));
#982 = ORIENTED_EDGE('',*,*,#983,.F.);
#983 = EDGE_CURVE('',#957,#976,#984,.T.);
#984 = CIRCLE('',#985,0.635);
#985 = AXIS2_PLACEMENT_3D('',#986,#987,#988);
#986 = CARTESIAN_POINT('',(-6.326,1.2,-8.89));
#987 = DIRECTION('',(0.,1.,0.));
#988 = DIRECTION('',(0.,-0.,1.));
#989 = CYLINDRICAL_SURFACE('',#990,0.635);
#990 = AXIS2_PLACEMENT_3D('',#991,#992,#993);
#991 = CARTESIAN_POINT('',(-6.326,1.2,-8.89));
#992 = DIRECTION('',(-0.,-1.,-0.));
#993 = DIRECTION('',(0.,0.,-1.));
#994 = ADVANCED_FACE('',(#995),#1031,.T.);
#995 = FACE_BOUND('',#996,.T.);
#996 = EDGE_LOOP('',(#997,#1008,#1016,#1025));
#997 = ORIENTED_EDGE('',*,*,#998,.F.);
#998 = EDGE_CURVE('',#999,#1001,#1003,.T.);
#999 = VERTEX_POINT('',#1000);
#1000 = CARTESIAN_POINT('',(-6.326,1.2,-8.001));
#1001 = VERTEX_POINT('',#1002);
#1002 = CARTESIAN_POINT('',(-6.326,1.2,-9.779));
#1003 = CIRCLE('',#1004,0.889);
#1004 = AXIS2_PLACEMENT_3D('',#1005,#1006,#1007);
#1005 = CARTESIAN_POINT('',(-6.326,1.2,-8.89));
#1006 = DIRECTION('',(0.,1.,0.));
#1007 = DIRECTION('',(0.,-0.,1.));
#1008 = ORIENTED_EDGE('',*,*,#1009,.T.);
#1009 = EDGE_CURVE('',#999,#1010,#1012,.T.);
#1010 = VERTEX_POINT('',#1011);
#1011 = CARTESIAN_POINT('',(-6.326,0.,-8.001));
#1012 = LINE('',#1013,#1014);
#1013 = CARTESIAN_POINT('',(-6.326,1.2,-8.001));
#1014 = VECTOR('',#1015,1.);
#1015 = DIRECTION('',(-0.,-1.,-0.));
#1016 = ORIENTED_EDGE('',*,*,#1017,.T.);
#1017 = EDGE_CURVE('',#1010,#1018,#1020,.T.);
#1018 = VERTEX_POINT('',#1019);
#1019 = CARTESIAN_POINT('',(-6.326,0.,-9.779));
#1020 = CIRCLE('',#1021,0.889);
#1021 = AXIS2_PLACEMENT_3D('',#1022,#1023,#1024);
#1022 = CARTESIAN_POINT('',(-6.326,0.,-8.89));
#1023 = DIRECTION('',(0.,1.,0.));
#1024 = DIRECTION('',(0.,-0.,1.));
#1025 = ORIENTED_EDGE('',*,*,#1026,.F.);
#1026 = EDGE_CURVE('',#1001,#1018,#1027,.T.);
#1027 = LINE('',#1028,#1029);
#1028 = CARTESIAN_POINT('',(-6.326,1.2,-9.779));
#1029 = VECTOR('',#1030,1.);
#1030 = DIRECTION('',(-0.,-1.,-0.));
#1031 = CYLINDRICAL_SURFACE('',#1032,0.889);
#1032 = AXIS2_PLACEMENT_3D('',#1033,#1034,#1035);
#1033 = CARTESIAN_POINT('',(-6.326,1.2,-8.89));
#1034 = DIRECTION('',(-0.,-1.,-0.));
#1035 = DIRECTION('',(0.,0.,-1.));
#1036 = ADVANCED_FACE('',(#1037,#1047),#1057,.T.);
#1037 = FACE_BOUND('',#1038,.T.);
#1038 = EDGE_LOOP('',(#1039,#1046));
#1039 = ORIENTED_EDGE('',*,*,#1040,.T.);
#1040 = EDGE_CURVE('',#1001,#999,#1041,.T.);
#1041 = CIRCLE('',#1042,0.889);
#1042 = AXIS2_PLACEMENT_3D('',#1043,#1044,#1045);
#1043 = CARTESIAN_POINT('',(-6.326,1.2,-8.89));
#1044 = DIRECTION('',(0.,1.,0.));
#1045 = DIRECTION('',(0.,-0.,1.));
#1046 = ORIENTED_EDGE('',*,*,#998,.T.);
#1047 = FACE_BOUND('',#1048,.T.);
#1048 = EDGE_LOOP('',(#1049,#1050));
#1049 = ORIENTED_EDGE('',*,*,#983,.F.);
#1050 = ORIENTED_EDGE('',*,*,#1051,.F.);
#1051 = EDGE_CURVE('',#976,#957,#1052,.T.);
#1052 = CIRCLE('',#1053,0.635);
#1053 = AXIS2_PLACEMENT_3D('',#1054,#1055,#1056);
#1054 = CARTESIAN_POINT('',(-6.326,1.2,-8.89));
#1055 = DIRECTION('',(0.,1.,0.));
#1056 = DIRECTION('',(0.,-0.,1.));
#1057 = PLANE('',#1058);
#1058 = AXIS2_PLACEMENT_3D('',#1059,#1060,#1061);
#1059 = CARTESIAN_POINT('',(-6.326,1.2,-8.89));
#1060 = DIRECTION('',(0.,1.,0.));
#1061 = DIRECTION('',(0.,-0.,1.));
#1062 = ADVANCED_FACE('',(#1063,#1073),#1083,.F.);
#1063 = FACE_BOUND('',#1064,.T.);
#1064 = EDGE_LOOP('',(#1065,#1072));
#1065 = ORIENTED_EDGE('',*,*,#1066,.F.);
#1066 = EDGE_CURVE('',#1018,#1010,#1067,.T.);
#1067 = CIRCLE('',#1068,0.889);
#1068 = AXIS2_PLACEMENT_3D('',#1069,#1070,#1071);
#1069 = CARTESIAN_POINT('',(-6.326,0.,-8.89));
#1070 = DIRECTION('',(0.,1.,0.));
#1071 = DIRECTION('',(0.,-0.,1.));
#1072 = ORIENTED_EDGE('',*,*,#1017,.F.);
#1073 = FACE_BOUND('',#1074,.T.);
#1074 = EDGE_LOOP('',(#1075,#1076));
#1075 = ORIENTED_EDGE('',*,*,#966,.T.);
#1076 = ORIENTED_EDGE('',*,*,#1077,.T.);
#1077 = EDGE_CURVE('',#967,#959,#1078,.T.);
#1078 = CIRCLE('',#1079,0.635);
#1079 = AXIS2_PLACEMENT_3D('',#1080,#1081,#1082);
#1080 = CARTESIAN_POINT('',(-6.326,0.,-8.89));
#1081 = DIRECTION('',(0.,1.,0.));
#1082 = DIRECTION('',(0.,-0.,1.));
#1083 = PLANE('',#1084);
#1084 = AXIS2_PLACEMENT_3D('',#1085,#1086,#1087);
#1085 = CARTESIAN_POINT('',(-6.326,0.,-8.89));
#1086 = DIRECTION('',(0.,1.,0.));
#1087 = DIRECTION('',(0.,-0.,1.));
#1088 = ADVANCED_FACE('',(#1089),#1095,.T.);
#1089 = FACE_BOUND('',#1090,.T.);
#1090 = EDGE_LOOP('',(#1091,#1092,#1093,#1094));
#1091 = ORIENTED_EDGE('',*,*,#1009,.F.);
#1092 = ORIENTED_EDGE('',*,*,#1040,.F.);
#1093 = ORIENTED_EDGE('',*,*,#1026,.T.);
#1094 = ORIENTED_EDGE('',*,*,#1066,.T.);
#1095 = CYLINDRICAL_SURFACE('',#1096,0.889);
#1096 = AXIS2_PLACEMENT_3D('',#1097,#1098,#1099);
#1097 = CARTESIAN_POINT('',(-6.326,1.2,-8.89));
#1098 = DIRECTION('',(-0.,-1.,-0.));
#1099 = DIRECTION('',(0.,0.,-1.));
#1100 = ADVANCED_FACE('',(#1101),#1107,.F.);
#1101 = FACE_BOUND('',#1102,.F.);
#1102 = EDGE_LOOP('',(#1103,#1104,#1105,#1106));
#1103 = ORIENTED_EDGE('',*,*,#1077,.T.);
#1104 = ORIENTED_EDGE('',*,*,#956,.F.);
#1105 = ORIENTED_EDGE('',*,*,#1051,.F.);
#1106 = ORIENTED_EDGE('',*,*,#975,.T.);
#1107 = CYLINDRICAL_SURFACE('',#1108,0.635);
#1108 = AXIS2_PLACEMENT_3D('',#1109,#1110,#1111);
#1109 = CARTESIAN_POINT('',(-6.326,1.2,-8.89));
#1110 = DIRECTION('',(-0.,-1.,-0.));
#1111 = DIRECTION('',(0.,0.,-1.));
#1112 = MANIFOLD_SOLID_BREP('',#1113);
#1113 = CLOSED_SHELL('',(#1114,#1156,#1198,#1224,#1250,#1262));
#1114 = ADVANCED_FACE('',(#1115),#1151,.F.);
#1115 = FACE_BOUND('',#1116,.F.);
#1116 = EDGE_LOOP('',(#1117,#1127,#1136,#1144));
#1117 = ORIENTED_EDGE('',*,*,#1118,.T.);
#1118 = EDGE_CURVE('',#1119,#1121,#1123,.T.);
#1119 = VERTEX_POINT('',#1120);
#1120 = CARTESIAN_POINT('',(-6.326,1.2,-6.985));
#1121 = VERTEX_POINT('',#1122);
#1122 = CARTESIAN_POINT('',(-6.326,0.,-6.985));
#1123 = LINE('',#1124,#1125);
#1124 = CARTESIAN_POINT('',(-6.326,1.2,-6.985));
#1125 = VECTOR('',#1126,1.);
#1126 = DIRECTION('',(-0.,-1.,-0.));
#1127 = ORIENTED_EDGE('',*,*,#1128,.T.);
#1128 = EDGE_CURVE('',#1121,#1129,#1131,.T.);
#1129 = VERTEX_POINT('',#1130);
#1130 = CARTESIAN_POINT('',(-6.326,0.,-5.715));
#1131 = CIRCLE('',#1132,0.635);
#1132 = AXIS2_PLACEMENT_3D('',#1133,#1134,#1135);
#1133 = CARTESIAN_POINT('',(-6.326,0.,-6.35));
#1134 = DIRECTION('',(0.,1.,0.));
#1135 = DIRECTION('',(0.,-0.,1.));
#1136 = ORIENTED_EDGE('',*,*,#1137,.F.);
#1137 = EDGE_CURVE('',#1138,#1129,#1140,.T.);
#1138 = VERTEX_POINT('',#1139);
#1139 = CARTESIAN_POINT('',(-6.326,1.2,-5.715));
#1140 = LINE('',#1141,#1142);
#1141 = CARTESIAN_POINT('',(-6.326,1.2,-5.715));
#1142 = VECTOR('',#1143,1.);
#1143 = DIRECTION('',(-0.,-1.,-0.));
#1144 = ORIENTED_EDGE('',*,*,#1145,.F.);
#1145 = EDGE_CURVE('',#1119,#1138,#1146,.T.);
#1146 = CIRCLE('',#1147,0.635);
#1147 = AXIS2_PLACEMENT_3D('',#1148,#1149,#1150);
#1148 = CARTESIAN_POINT('',(-6.326,1.2,-6.35));
#1149 = DIRECTION('',(0.,1.,0.));
#1150 = DIRECTION('',(0.,-0.,1.));
#1151 = CYLINDRICAL_SURFACE('',#1152,0.635);
#1152 = AXIS2_PLACEMENT_3D('',#1153,#1154,#1155);
#1153 = CARTESIAN_POINT('',(-6.326,1.2,-6.35));
#1154 = DIRECTION('',(-0.,-1.,-0.));
#1155 = DIRECTION('',(0.,0.,-1.));
#1156 = ADVANCED_FACE('',(#1157),#1193,.T.);
#1157 = FACE_BOUND('',#1158,.T.);
#1158 = EDGE_LOOP('',(#1159,#1170,#1178,#1187));
#1159 = ORIENTED_EDGE('',*,*,#1160,.F.);
#1160 = EDGE_CURVE('',#1161,#1163,#1165,.T.);
#1161 = VERTEX_POINT('',#1162);
#1162 = CARTESIAN_POINT('',(-6.326,1.2,-5.461));
#1163 = VERTEX_POINT('',#1164);
#1164 = CARTESIAN_POINT('',(-6.326,1.2,-7.239));
#1165 = CIRCLE('',#1166,0.889);
#1166 = AXIS2_PLACEMENT_3D('',#1167,#1168,#1169);
#1167 = CARTESIAN_POINT('',(-6.326,1.2,-6.35));
#1168 = DIRECTION('',(0.,1.,0.));
#1169 = DIRECTION('',(0.,-0.,1.));
#1170 = ORIENTED_EDGE('',*,*,#1171,.T.);
#1171 = EDGE_CURVE('',#1161,#1172,#1174,.T.);
#1172 = VERTEX_POINT('',#1173);
#1173 = CARTESIAN_POINT('',(-6.326,0.,-5.461));
#1174 = LINE('',#1175,#1176);
#1175 = CARTESIAN_POINT('',(-6.326,1.2,-5.461));
#1176 = VECTOR('',#1177,1.);
#1177 = DIRECTION('',(-0.,-1.,-0.));
#1178 = ORIENTED_EDGE('',*,*,#1179,.T.);
#1179 = EDGE_CURVE('',#1172,#1180,#1182,.T.);
#1180 = VERTEX_POINT('',#1181);
#1181 = CARTESIAN_POINT('',(-6.326,0.,-7.239));
#1182 = CIRCLE('',#1183,0.889);
#1183 = AXIS2_PLACEMENT_3D('',#1184,#1185,#1186);
#1184 = CARTESIAN_POINT('',(-6.326,0.,-6.35));
#1185 = DIRECTION('',(0.,1.,0.));
#1186 = DIRECTION('',(0.,-0.,1.));
#1187 = ORIENTED_EDGE('',*,*,#1188,.F.);
#1188 = EDGE_CURVE('',#1163,#1180,#1189,.T.);
#1189 = LINE('',#1190,#1191);
#1190 = CARTESIAN_POINT('',(-6.326,1.2,-7.239));
#1191 = VECTOR('',#1192,1.);
#1192 = DIRECTION('',(-0.,-1.,-0.));
#1193 = CYLINDRICAL_SURFACE('',#1194,0.889);
#1194 = AXIS2_PLACEMENT_3D('',#1195,#1196,#1197);
#1195 = CARTESIAN_POINT('',(-6.326,1.2,-6.35));
#1196 = DIRECTION('',(-0.,-1.,-0.));
#1197 = DIRECTION('',(0.,0.,-1.));
#1198 = ADVANCED_FACE('',(#1199,#1209),#1219,.T.);
#1199 = FACE_BOUND('',#1200,.T.);
#1200 = EDGE_LOOP('',(#1201,#1208));
#1201 = ORIENTED_EDGE('',*,*,#1202,.T.);
#1202 = EDGE_CURVE('',#1163,#1161,#1203,.T.);
#1203 = CIRCLE('',#1204,0.889);
#1204 = AXIS2_PLACEMENT_3D('',#1205,#1206,#1207);
#1205 = CARTESIAN_POINT('',(-6.326,1.2,-6.35));
#1206 = DIRECTION('',(0.,1.,0.));
#1207 = DIRECTION('',(0.,-0.,1.));
#1208 = ORIENTED_EDGE('',*,*,#1160,.T.);
#1209 = FACE_BOUND('',#1210,.T.);
#1210 = EDGE_LOOP('',(#1211,#1212));
#1211 = ORIENTED_EDGE('',*,*,#1145,.F.);
#1212 = ORIENTED_EDGE('',*,*,#1213,.F.);
#1213 = EDGE_CURVE('',#1138,#1119,#1214,.T.);
#1214 = CIRCLE('',#1215,0.635);
#1215 = AXIS2_PLACEMENT_3D('',#1216,#1217,#1218);
#1216 = CARTESIAN_POINT('',(-6.326,1.2,-6.35));
#1217 = DIRECTION('',(0.,1.,0.));
#1218 = DIRECTION('',(0.,-0.,1.));
#1219 = PLANE('',#1220);
#1220 = AXIS2_PLACEMENT_3D('',#1221,#1222,#1223);
#1221 = CARTESIAN_POINT('',(-6.326,1.2,-6.35));
#1222 = DIRECTION('',(0.,1.,0.));
#1223 = DIRECTION('',(0.,-0.,1.));
#1224 = ADVANCED_FACE('',(#1225,#1235),#1245,.F.);
#1225 = FACE_BOUND('',#1226,.T.);
#1226 = EDGE_LOOP('',(#1227,#1234));
#1227 = ORIENTED_EDGE('',*,*,#1228,.F.);
#1228 = EDGE_CURVE('',#1180,#1172,#1229,.T.);
#1229 = CIRCLE('',#1230,0.889);
#1230 = AXIS2_PLACEMENT_3D('',#1231,#1232,#1233);
#1231 = CARTESIAN_POINT('',(-6.326,0.,-6.35));
#1232 = DIRECTION('',(0.,1.,0.));
#1233 = DIRECTION('',(0.,-0.,1.));
#1234 = ORIENTED_EDGE('',*,*,#1179,.F.);
#1235 = FACE_BOUND('',#1236,.T.);
#1236 = EDGE_LOOP('',(#1237,#1238));
#1237 = ORIENTED_EDGE('',*,*,#1128,.T.);
#1238 = ORIENTED_EDGE('',*,*,#1239,.T.);
#1239 = EDGE_CURVE('',#1129,#1121,#1240,.T.);
#1240 = CIRCLE('',#1241,0.635);
#1241 = AXIS2_PLACEMENT_3D('',#1242,#1243,#1244);
#1242 = CARTESIAN_POINT('',(-6.326,0.,-6.35));
#1243 = DIRECTION('',(0.,1.,0.));
#1244 = DIRECTION('',(0.,-0.,1.));
#1245 = PLANE('',#1246);
#1246 = AXIS2_PLACEMENT_3D('',#1247,#1248,#1249);
#1247 = CARTESIAN_POINT('',(-6.326,0.,-6.35));
#1248 = DIRECTION('',(0.,1.,0.));
#1249 = DIRECTION('',(0.,-0.,1.));
#1250 = ADVANCED_FACE('',(#1251),#1257,.T.);
#1251 = FACE_BOUND('',#1252,.T.);
#1252 = EDGE_LOOP('',(#1253,#1254,#1255,#1256));
#1253 = ORIENTED_EDGE('',*,*,#1171,.F.);
#1254 = ORIENTED_EDGE('',*,*,#1202,.F.);
#1255 = ORIENTED_EDGE('',*,*,#1188,.T.);
#1256 = ORIENTED_EDGE('',*,*,#1228,.T.);
#1257 = CYLINDRICAL_SURFACE('',#1258,0.889);
#1258 = AXIS2_PLACEMENT_3D('',#1259,#1260,#1261);
#1259 = CARTESIAN_POINT('',(-6.326,1.2,-6.35));
#1260 = DIRECTION('',(-0.,-1.,-0.));
#1261 = DIRECTION('',(0.,0.,-1.));
#1262 = ADVANCED_FACE('',(#1263),#1269,.F.);
#1263 = FACE_BOUND('',#1264,.F.);
#1264 = EDGE_LOOP('',(#1265,#1266,#1267,#1268));
#1265 = ORIENTED_EDGE('',*,*,#1239,.T.);
#1266 = ORIENTED_EDGE('',*,*,#1118,.F.);
#1267 = ORIENTED_EDGE('',*,*,#1213,.F.);
#1268 = ORIENTED_EDGE('',*,*,#1137,.T.);
#1269 = CYLINDRICAL_SURFACE('',#1270,0.635);
#1270 = AXIS2_PLACEMENT_3D('',#1271,#1272,#1273);
#1271 = CARTESIAN_POINT('',(-6.326,1.2,-6.35));
#1272 = DIRECTION('',(-0.,-1.,-0.));
#1273 = DIRECTION('',(0.,0.,-1.));
#1274 = MANIFOLD_SOLID_BREP('',#1275);
#1275 = CLOSED_SHELL('',(#1276,#1318,#1360,#1386,#1412,#1424));
#1276 = ADVANCED_FACE('',(#1277),#1313,.F.);
#1277 = FACE_BOUND('',#1278,.F.);
#1278 = EDGE_LOOP('',(#1279,#1289,#1298,#1306));
#1279 = ORIENTED_EDGE('',*,*,#1280,.T.);
#1280 = EDGE_CURVE('',#1281,#1283,#1285,.T.);
#1281 = VERTEX_POINT('',#1282);
#1282 = CARTESIAN_POINT('',(-6.326,1.2,-4.445));
#1283 = VERTEX_POINT('',#1284);
#1284 = CARTESIAN_POINT('',(-6.326,0.,-4.445));
#1285 = LINE('',#1286,#1287);
#1286 = CARTESIAN_POINT('',(-6.326,1.2,-4.445));
#1287 = VECTOR('',#1288,1.);
#1288 = DIRECTION('',(-0.,-1.,-0.));
#1289 = ORIENTED_EDGE('',*,*,#1290,.T.);
#1290 = EDGE_CURVE('',#1283,#1291,#1293,.T.);
#1291 = VERTEX_POINT('',#1292);
#1292 = CARTESIAN_POINT('',(-6.326,0.,-3.175));
#1293 = CIRCLE('',#1294,0.635);
#1294 = AXIS2_PLACEMENT_3D('',#1295,#1296,#1297);
#1295 = CARTESIAN_POINT('',(-6.326,0.,-3.81));
#1296 = DIRECTION('',(0.,1.,0.));
#1297 = DIRECTION('',(0.,-0.,1.));
#1298 = ORIENTED_EDGE('',*,*,#1299,.F.);
#1299 = EDGE_CURVE('',#1300,#1291,#1302,.T.);
#1300 = VERTEX_POINT('',#1301);
#1301 = CARTESIAN_POINT('',(-6.326,1.2,-3.175));
#1302 = LINE('',#1303,#1304);
#1303 = CARTESIAN_POINT('',(-6.326,1.2,-3.175));
#1304 = VECTOR('',#1305,1.);
#1305 = DIRECTION('',(-0.,-1.,-0.));
#1306 = ORIENTED_EDGE('',*,*,#1307,.F.);
#1307 = EDGE_CURVE('',#1281,#1300,#1308,.T.);
#1308 = CIRCLE('',#1309,0.635);
#1309 = AXIS2_PLACEMENT_3D('',#1310,#1311,#1312);
#1310 = CARTESIAN_POINT('',(-6.326,1.2,-3.81));
#1311 = DIRECTION('',(0.,1.,0.));
#1312 = DIRECTION('',(0.,-0.,1.));
#1313 = CYLINDRICAL_SURFACE('',#1314,0.635);
#1314 = AXIS2_PLACEMENT_3D('',#1315,#1316,#1317);
#1315 = CARTESIAN_POINT('',(-6.326,1.2,-3.81));
#1316 = DIRECTION('',(-0.,-1.,-0.));
#1317 = DIRECTION('',(0.,0.,-1.));
#1318 = ADVANCED_FACE('',(#1319),#1355,.T.);
#1319 = FACE_BOUND('',#1320,.T.);
#1320 = EDGE_LOOP('',(#1321,#1332,#1340,#1349));
#1321 = ORIENTED_EDGE('',*,*,#1322,.F.);
#1322 = EDGE_CURVE('',#1323,#1325,#1327,.T.);
#1323 = VERTEX_POINT('',#1324);
#1324 = CARTESIAN_POINT('',(-6.326,1.2,-2.921));
#1325 = VERTEX_POINT('',#1326);
#1326 = CARTESIAN_POINT('',(-6.326,1.2,-4.699));
#1327 = CIRCLE('',#1328,0.889);
#1328 = AXIS2_PLACEMENT_3D('',#1329,#1330,#1331);
#1329 = CARTESIAN_POINT('',(-6.326,1.2,-3.81));
#1330 = DIRECTION('',(0.,1.,0.));
#1331 = DIRECTION('',(0.,-0.,1.));
#1332 = ORIENTED_EDGE('',*,*,#1333,.T.);
#1333 = EDGE_CURVE('',#1323,#1334,#1336,.T.);
#1334 = VERTEX_POINT('',#1335);
#1335 = CARTESIAN_POINT('',(-6.326,0.,-2.921));
#1336 = LINE('',#1337,#1338);
#1337 = CARTESIAN_POINT('',(-6.326,1.2,-2.921));
#1338 = VECTOR('',#1339,1.);
#1339 = DIRECTION('',(-0.,-1.,-0.));
#1340 = ORIENTED_EDGE('',*,*,#1341,.T.);
#1341 = EDGE_CURVE('',#1334,#1342,#1344,.T.);
#1342 = VERTEX_POINT('',#1343);
#1343 = CARTESIAN_POINT('',(-6.326,0.,-4.699));
#1344 = CIRCLE('',#1345,0.889);
#1345 = AXIS2_PLACEMENT_3D('',#1346,#1347,#1348);
#1346 = CARTESIAN_POINT('',(-6.326,0.,-3.81));
#1347 = DIRECTION('',(0.,1.,0.));
#1348 = DIRECTION('',(0.,-0.,1.));
#1349 = ORIENTED_EDGE('',*,*,#1350,.F.);
#1350 = EDGE_CURVE('',#1325,#1342,#1351,.T.);
#1351 = LINE('',#1352,#1353);
#1352 = CARTESIAN_POINT('',(-6.326,1.2,-4.699));
#1353 = VECTOR('',#1354,1.);
#1354 = DIRECTION('',(-0.,-1.,-0.));
#1355 = CYLINDRICAL_SURFACE('',#1356,0.889);
#1356 = AXIS2_PLACEMENT_3D('',#1357,#1358,#1359);
#1357 = CARTESIAN_POINT('',(-6.326,1.2,-3.81));
#1358 = DIRECTION('',(-0.,-1.,-0.));
#1359 = DIRECTION('',(0.,0.,-1.));
#1360 = ADVANCED_FACE('',(#1361,#1371),#1381,.T.);
#1361 = FACE_BOUND('',#1362,.T.);
#1362 = EDGE_LOOP('',(#1363,#1370));
#1363 = ORIENTED_EDGE('',*,*,#1364,.T.);
#1364 = EDGE_CURVE('',#1325,#1323,#1365,.T.);
#1365 = CIRCLE('',#1366,0.889);
#1366 = AXIS2_PLACEMENT_3D('',#1367,#1368,#1369);
#1367 = CARTESIAN_POINT('',(-6.326,1.2,-3.81));
#1368 = DIRECTION('',(0.,1.,0.));
#1369 = DIRECTION('',(0.,-0.,1.));
#1370 = ORIENTED_EDGE('',*,*,#1322,.T.);
#1371 = FACE_BOUND('',#1372,.T.);
#1372 = EDGE_LOOP('',(#1373,#1374));
#1373 = ORIENTED_EDGE('',*,*,#1307,.F.);
#1374 = ORIENTED_EDGE('',*,*,#1375,.F.);
#1375 = EDGE_CURVE('',#1300,#1281,#1376,.T.);
#1376 = CIRCLE('',#1377,0.635);
#1377 = AXIS2_PLACEMENT_3D('',#1378,#1379,#1380);
#1378 = CARTESIAN_POINT('',(-6.326,1.2,-3.81));
#1379 = DIRECTION('',(0.,1.,0.));
#1380 = DIRECTION('',(0.,-0.,1.));
#1381 = PLANE('',#1382);
#1382 = AXIS2_PLACEMENT_3D('',#1383,#1384,#1385);
#1383 = CARTESIAN_POINT('',(-6.326,1.2,-3.81));
#1384 = DIRECTION('',(0.,1.,0.));
#1385 = DIRECTION('',(0.,-0.,1.));
#1386 = ADVANCED_FACE('',(#1387,#1397),#1407,.F.);
#1387 = FACE_BOUND('',#1388,.T.);
#1388 = EDGE_LOOP('',(#1389,#1396));
#1389 = ORIENTED_EDGE('',*,*,#1390,.F.);
#1390 = EDGE_CURVE('',#1342,#1334,#1391,.T.);
#1391 = CIRCLE('',#1392,0.889);
#1392 = AXIS2_PLACEMENT_3D('',#1393,#1394,#1395);
#1393 = CARTESIAN_POINT('',(-6.326,0.,-3.81));
#1394 = DIRECTION('',(0.,1.,0.));
#1395 = DIRECTION('',(0.,-0.,1.));
#1396 = ORIENTED_EDGE('',*,*,#1341,.F.);
#1397 = FACE_BOUND('',#1398,.T.);
#1398 = EDGE_LOOP('',(#1399,#1400));
#1399 = ORIENTED_EDGE('',*,*,#1290,.T.);
#1400 = ORIENTED_EDGE('',*,*,#1401,.T.);
#1401 = EDGE_CURVE('',#1291,#1283,#1402,.T.);
#1402 = CIRCLE('',#1403,0.635);
#1403 = AXIS2_PLACEMENT_3D('',#1404,#1405,#1406);
#1404 = CARTESIAN_POINT('',(-6.326,0.,-3.81));
#1405 = DIRECTION('',(0.,1.,0.));
#1406 = DIRECTION('',(0.,-0.,1.));
#1407 = PLANE('',#1408);
#1408 = AXIS2_PLACEMENT_3D('',#1409,#1410,#1411);
#1409 = CARTESIAN_POINT('',(-6.326,0.,-3.81));
#1410 = DIRECTION('',(0.,1.,0.));
#1411 = DIRECTION('',(0.,-0.,1.));
#1412 = ADVANCED_FACE('',(#1413),#1419,.T.);
#1413 = FACE_BOUND('',#1414,.T.);
#1414 = EDGE_LOOP('',(#1415,#1416,#1417,#1418));
#1415 = ORIENTED_EDGE('',*,*,#1333,.F.);
#1416 = ORIENTED_EDGE('',*,*,#1364,.F.);
#1417 = ORIENTED_EDGE('',*,*,#1350,.T.);
#1418 = ORIENTED_EDGE('',*,*,#1390,.T.);
#1419 = CYLINDRICAL_SURFACE('',#1420,0.889);
#1420 = AXIS2_PLACEMENT_3D('',#1421,#1422,#1423);
#1421 = CARTESIAN_POINT('',(-6.326,1.2,-3.81));
#1422 = DIRECTION('',(-0.,-1.,-0.));
#1423 = DIRECTION('',(0.,0.,-1.));
#1424 = ADVANCED_FACE('',(#1425),#1431,.F.);
#1425 = FACE_BOUND('',#1426,.F.);
#1426 = EDGE_LOOP('',(#1427,#1428,#1429,#1430));
#1427 = ORIENTED_EDGE('',*,*,#1401,.T.);
#1428 = ORIENTED_EDGE('',*,*,#1280,.F.);
#1429 = ORIENTED_EDGE('',*,*,#1375,.F.);
#1430 = ORIENTED_EDGE('',*,*,#1299,.T.);
#1431 = CYLINDRICAL_SURFACE('',#1432,0.635);
#1432 = AXIS2_PLACEMENT_3D('',#1433,#1434,#1435);
#1433 = CARTESIAN_POINT('',(-6.326,1.2,-3.81));
#1434 = DIRECTION('',(-0.,-1.,-0.));
#1435 = DIRECTION('',(0.,0.,-1.));
#1436 = MANIFOLD_SOLID_BREP('',#1437);
#1437 = CLOSED_SHELL('',(#1438,#1480,#1522,#1548,#1574,#1586));
#1438 = ADVANCED_FACE('',(#1439),#1475,.F.);
#1439 = FACE_BOUND('',#1440,.F.);
#1440 = EDGE_LOOP('',(#1441,#1451,#1460,#1468));
#1441 = ORIENTED_EDGE('',*,*,#1442,.T.);
#1442 = EDGE_CURVE('',#1443,#1445,#1447,.T.);
#1443 = VERTEX_POINT('',#1444);
#1444 = CARTESIAN_POINT('',(-6.326,1.2,-1.905));
#1445 = VERTEX_POINT('',#1446);
#1446 = CARTESIAN_POINT('',(-6.326,0.,-1.905));
#1447 = LINE('',#1448,#1449);
#1448 = CARTESIAN_POINT('',(-6.326,1.2,-1.905));
#1449 = VECTOR('',#1450,1.);
#1450 = DIRECTION('',(-0.,-1.,-0.));
#1451 = ORIENTED_EDGE('',*,*,#1452,.T.);
#1452 = EDGE_CURVE('',#1445,#1453,#1455,.T.);
#1453 = VERTEX_POINT('',#1454);
#1454 = CARTESIAN_POINT('',(-6.326,0.,-0.635));
#1455 = CIRCLE('',#1456,0.635);
#1456 = AXIS2_PLACEMENT_3D('',#1457,#1458,#1459);
#1457 = CARTESIAN_POINT('',(-6.326,0.,-1.27));
#1458 = DIRECTION('',(0.,1.,0.));
#1459 = DIRECTION('',(0.,-0.,1.));
#1460 = ORIENTED_EDGE('',*,*,#1461,.F.);
#1461 = EDGE_CURVE('',#1462,#1453,#1464,.T.);
#1462 = VERTEX_POINT('',#1463);
#1463 = CARTESIAN_POINT('',(-6.326,1.2,-0.635));
#1464 = LINE('',#1465,#1466);
#1465 = CARTESIAN_POINT('',(-6.326,1.2,-0.635));
#1466 = VECTOR('',#1467,1.);
#1467 = DIRECTION('',(-0.,-1.,-0.));
#1468 = ORIENTED_EDGE('',*,*,#1469,.F.);
#1469 = EDGE_CURVE('',#1443,#1462,#1470,.T.);
#1470 = CIRCLE('',#1471,0.635);
#1471 = AXIS2_PLACEMENT_3D('',#1472,#1473,#1474);
#1472 = CARTESIAN_POINT('',(-6.326,1.2,-1.27));
#1473 = DIRECTION('',(0.,1.,0.));
#1474 = DIRECTION('',(0.,-0.,1.));
#1475 = CYLINDRICAL_SURFACE('',#1476,0.635);
#1476 = AXIS2_PLACEMENT_3D('',#1477,#1478,#1479);
#1477 = CARTESIAN_POINT('',(-6.326,1.2,-1.27));
#1478 = DIRECTION('',(-0.,-1.,-0.));
#1479 = DIRECTION('',(0.,0.,-1.));
#1480 = ADVANCED_FACE('',(#1481),#1517,.T.);
#1481 = FACE_BOUND('',#1482,.T.);
#1482 = EDGE_LOOP('',(#1483,#1494,#1502,#1511));
#1483 = ORIENTED_EDGE('',*,*,#1484,.F.);
#1484 = EDGE_CURVE('',#1485,#1487,#1489,.T.);
#1485 = VERTEX_POINT('',#1486);
#1486 = CARTESIAN_POINT('',(-6.326,1.2,-0.381));
#1487 = VERTEX_POINT('',#1488);
#1488 = CARTESIAN_POINT('',(-6.326,1.2,-2.159));
#1489 = CIRCLE('',#1490,0.889);
#1490 = AXIS2_PLACEMENT_3D('',#1491,#1492,#1493);
#1491 = CARTESIAN_POINT('',(-6.326,1.2,-1.27));
#1492 = DIRECTION('',(0.,1.,0.));
#1493 = DIRECTION('',(0.,-0.,1.));
#1494 = ORIENTED_EDGE('',*,*,#1495,.T.);
#1495 = EDGE_CURVE('',#1485,#1496,#1498,.T.);
#1496 = VERTEX_POINT('',#1497);
#1497 = CARTESIAN_POINT('',(-6.326,0.,-0.381));
#1498 = LINE('',#1499,#1500);
#1499 = CARTESIAN_POINT('',(-6.326,1.2,-0.381));
#1500 = VECTOR('',#1501,1.);
#1501 = DIRECTION('',(-0.,-1.,-0.));
#1502 = ORIENTED_EDGE('',*,*,#1503,.T.);
#1503 = EDGE_CURVE('',#1496,#1504,#1506,.T.);
#1504 = VERTEX_POINT('',#1505);
#1505 = CARTESIAN_POINT('',(-6.326,0.,-2.159));
#1506 = CIRCLE('',#1507,0.889);
#1507 = AXIS2_PLACEMENT_3D('',#1508,#1509,#1510);
#1508 = CARTESIAN_POINT('',(-6.326,0.,-1.27));
#1509 = DIRECTION('',(0.,1.,0.));
#1510 = DIRECTION('',(0.,-0.,1.));
#1511 = ORIENTED_EDGE('',*,*,#1512,.F.);
#1512 = EDGE_CURVE('',#1487,#1504,#1513,.T.);
#1513 = LINE('',#1514,#1515);
#1514 = CARTESIAN_POINT('',(-6.326,1.2,-2.159));
#1515 = VECTOR('',#1516,1.);
#1516 = DIRECTION('',(-0.,-1.,-0.));
#1517 = CYLINDRICAL_SURFACE('',#1518,0.889);
#1518 = AXIS2_PLACEMENT_3D('',#1519,#1520,#1521);
#1519 = CARTESIAN_POINT('',(-6.326,1.2,-1.27));
#1520 = DIRECTION('',(-0.,-1.,-0.));
#1521 = DIRECTION('',(0.,0.,-1.));
#1522 = ADVANCED_FACE('',(#1523,#1533),#1543,.T.);
#1523 = FACE_BOUND('',#1524,.T.);
#1524 = EDGE_LOOP('',(#1525,#1532));
#1525 = ORIENTED_EDGE('',*,*,#1526,.T.);
#1526 = EDGE_CURVE('',#1487,#1485,#1527,.T.);
#1527 = CIRCLE('',#1528,0.889);
#1528 = AXIS2_PLACEMENT_3D('',#1529,#1530,#1531);
#1529 = CARTESIAN_POINT('',(-6.326,1.2,-1.27));
#1530 = DIRECTION('',(0.,1.,0.));
#1531 = DIRECTION('',(0.,-0.,1.));
#1532 = ORIENTED_EDGE('',*,*,#1484,.T.);
#1533 = FACE_BOUND('',#1534,.T.);
#1534 = EDGE_LOOP('',(#1535,#1536));
#1535 = ORIENTED_EDGE('',*,*,#1469,.F.);
#1536 = ORIENTED_EDGE('',*,*,#1537,.F.);
#1537 = EDGE_CURVE('',#1462,#1443,#1538,.T.);
#1538 = CIRCLE('',#1539,0.635);
#1539 = AXIS2_PLACEMENT_3D('',#1540,#1541,#1542);
#1540 = CARTESIAN_POINT('',(-6.326,1.2,-1.27));
#1541 = DIRECTION('',(0.,1.,0.));
#1542 = DIRECTION('',(0.,-0.,1.));
#1543 = PLANE('',#1544);
#1544 = AXIS2_PLACEMENT_3D('',#1545,#1546,#1547);
#1545 = CARTESIAN_POINT('',(-6.326,1.2,-1.27));
#1546 = DIRECTION('',(0.,1.,0.));
#1547 = DIRECTION('',(0.,-0.,1.));
#1548 = ADVANCED_FACE('',(#1549,#1559),#1569,.F.);
#1549 = FACE_BOUND('',#1550,.T.);
#1550 = EDGE_LOOP('',(#1551,#1558));
#1551 = ORIENTED_EDGE('',*,*,#1552,.F.);
#1552 = EDGE_CURVE('',#1504,#1496,#1553,.T.);
#1553 = CIRCLE('',#1554,0.889);
#1554 = AXIS2_PLACEMENT_3D('',#1555,#1556,#1557);
#1555 = CARTESIAN_POINT('',(-6.326,0.,-1.27));
#1556 = DIRECTION('',(0.,1.,0.));
#1557 = DIRECTION('',(0.,-0.,1.));
#1558 = ORIENTED_EDGE('',*,*,#1503,.F.);
#1559 = FACE_BOUND('',#1560,.T.);
#1560 = EDGE_LOOP('',(#1561,#1562));
#1561 = ORIENTED_EDGE('',*,*,#1452,.T.);
#1562 = ORIENTED_EDGE('',*,*,#1563,.T.);
#1563 = EDGE_CURVE('',#1453,#1445,#1564,.T.);
#1564 = CIRCLE('',#1565,0.635);
#1565 = AXIS2_PLACEMENT_3D('',#1566,#1567,#1568);
#1566 = CARTESIAN_POINT('',(-6.326,0.,-1.27));
#1567 = DIRECTION('',(0.,1.,0.));
#1568 = DIRECTION('',(0.,-0.,1.));
#1569 = PLANE('',#1570);
#1570 = AXIS2_PLACEMENT_3D('',#1571,#1572,#1573);
#1571 = CARTESIAN_POINT('',(-6.326,0.,-1.27));
#1572 = DIRECTION('',(0.,1.,0.));
#1573 = DIRECTION('',(0.,-0.,1.));
#1574 = ADVANCED_FACE('',(#1575),#1581,.T.);
#1575 = FACE_BOUND('',#1576,.T.);
#1576 = EDGE_LOOP('',(#1577,#1578,#1579,#1580));
#1577 = ORIENTED_EDGE('',*,*,#1495,.F.);
#1578 = ORIENTED_EDGE('',*,*,#1526,.F.);
#1579 = ORIENTED_EDGE('',*,*,#1512,.T.);
#1580 = ORIENTED_EDGE('',*,*,#1552,.T.);
#1581 = CYLINDRICAL_SURFACE('',#1582,0.889);
#1582 = AXIS2_PLACEMENT_3D('',#1583,#1584,#1585);
#1583 = CARTESIAN_POINT('',(-6.326,1.2,-1.27));
#1584 = DIRECTION('',(-0.,-1.,-0.));
#1585 = DIRECTION('',(0.,0.,-1.));
#1586 = ADVANCED_FACE('',(#1587),#1593,.F.);
#1587 = FACE_BOUND('',#1588,.F.);
#1588 = EDGE_LOOP('',(#1589,#1590,#1591,#1592));
#1589 = ORIENTED_EDGE('',*,*,#1563,.T.);
#1590 = ORIENTED_EDGE('',*,*,#1442,.F.);
#1591 = ORIENTED_EDGE('',*,*,#1537,.F.);
#1592 = ORIENTED_EDGE('',*,*,#1461,.T.);
#1593 = CYLINDRICAL_SURFACE('',#1594,0.635);
#1594 = AXIS2_PLACEMENT_3D('',#1595,#1596,#1597);
#1595 = CARTESIAN_POINT('',(-6.326,1.2,-1.27));
#1596 = DIRECTION('',(-0.,-1.,-0.));
#1597 = DIRECTION('',(0.,0.,-1.));
#1598 = MANIFOLD_SOLID_BREP('',#1599);
#1599 = CLOSED_SHELL('',(#1600,#1642,#1684,#1710,#1736,#1748));
#1600 = ADVANCED_FACE('',(#1601),#1637,.F.);
#1601 = FACE_BOUND('',#1602,.F.);
#1602 = EDGE_LOOP('',(#1603,#1613,#1622,#1630));
#1603 = ORIENTED_EDGE('',*,*,#1604,.T.);
#1604 = EDGE_CURVE('',#1605,#1607,#1609,.T.);
#1605 = VERTEX_POINT('',#1606);
#1606 = CARTESIAN_POINT('',(-6.326,1.2,0.635));
#1607 = VERTEX_POINT('',#1608);
#1608 = CARTESIAN_POINT('',(-6.326,0.,0.635));
#1609 = LINE('',#1610,#1611);
#1610 = CARTESIAN_POINT('',(-6.326,1.2,0.635));
#1611 = VECTOR('',#1612,1.);
#1612 = DIRECTION('',(-0.,-1.,-0.));
#1613 = ORIENTED_EDGE('',*,*,#1614,.T.);
#1614 = EDGE_CURVE('',#1607,#1615,#1617,.T.);
#1615 = VERTEX_POINT('',#1616);
#1616 = CARTESIAN_POINT('',(-6.326,0.,1.905));
#1617 = CIRCLE('',#1618,0.635);
#1618 = AXIS2_PLACEMENT_3D('',#1619,#1620,#1621);
#1619 = CARTESIAN_POINT('',(-6.326,0.,1.27));
#1620 = DIRECTION('',(0.,1.,0.));
#1621 = DIRECTION('',(0.,-0.,1.));
#1622 = ORIENTED_EDGE('',*,*,#1623,.F.);
#1623 = EDGE_CURVE('',#1624,#1615,#1626,.T.);
#1624 = VERTEX_POINT('',#1625);
#1625 = CARTESIAN_POINT('',(-6.326,1.2,1.905));
#1626 = LINE('',#1627,#1628);
#1627 = CARTESIAN_POINT('',(-6.326,1.2,1.905));
#1628 = VECTOR('',#1629,1.);
#1629 = DIRECTION('',(-0.,-1.,-0.));
#1630 = ORIENTED_EDGE('',*,*,#1631,.F.);
#1631 = EDGE_CURVE('',#1605,#1624,#1632,.T.);
#1632 = CIRCLE('',#1633,0.635);
#1633 = AXIS2_PLACEMENT_3D('',#1634,#1635,#1636);
#1634 = CARTESIAN_POINT('',(-6.326,1.2,1.27));
#1635 = DIRECTION('',(0.,1.,0.));
#1636 = DIRECTION('',(0.,-0.,1.));
#1637 = CYLINDRICAL_SURFACE('',#1638,0.635);
#1638 = AXIS2_PLACEMENT_3D('',#1639,#1640,#1641);
#1639 = CARTESIAN_POINT('',(-6.326,1.2,1.27));
#1640 = DIRECTION('',(-0.,-1.,-0.));
#1641 = DIRECTION('',(0.,0.,-1.));
#1642 = ADVANCED_FACE('',(#1643),#1679,.T.);
#1643 = FACE_BOUND('',#1644,.T.);
#1644 = EDGE_LOOP('',(#1645,#1656,#1664,#1673));
#1645 = ORIENTED_EDGE('',*,*,#1646,.F.);
#1646 = EDGE_CURVE('',#1647,#1649,#1651,.T.);
#1647 = VERTEX_POINT('',#1648);
#1648 = CARTESIAN_POINT('',(-6.326,1.2,2.159));
#1649 = VERTEX_POINT('',#1650);
#1650 = CARTESIAN_POINT('',(-6.326,1.2,0.381));
#1651 = CIRCLE('',#1652,0.889);
#1652 = AXIS2_PLACEMENT_3D('',#1653,#1654,#1655);
#1653 = CARTESIAN_POINT('',(-6.326,1.2,1.27));
#1654 = DIRECTION('',(0.,1.,0.));
#1655 = DIRECTION('',(0.,-0.,1.));
#1656 = ORIENTED_EDGE('',*,*,#1657,.T.);
#1657 = EDGE_CURVE('',#1647,#1658,#1660,.T.);
#1658 = VERTEX_POINT('',#1659);
#1659 = CARTESIAN_POINT('',(-6.326,0.,2.159));
#1660 = LINE('',#1661,#1662);
#1661 = CARTESIAN_POINT('',(-6.326,1.2,2.159));
#1662 = VECTOR('',#1663,1.);
#1663 = DIRECTION('',(-0.,-1.,-0.));
#1664 = ORIENTED_EDGE('',*,*,#1665,.T.);
#1665 = EDGE_CURVE('',#1658,#1666,#1668,.T.);
#1666 = VERTEX_POINT('',#1667);
#1667 = CARTESIAN_POINT('',(-6.326,0.,0.381));
#1668 = CIRCLE('',#1669,0.889);
#1669 = AXIS2_PLACEMENT_3D('',#1670,#1671,#1672);
#1670 = CARTESIAN_POINT('',(-6.326,0.,1.27));
#1671 = DIRECTION('',(0.,1.,0.));
#1672 = DIRECTION('',(0.,-0.,1.));
#1673 = ORIENTED_EDGE('',*,*,#1674,.F.);
#1674 = EDGE_CURVE('',#1649,#1666,#1675,.T.);
#1675 = LINE('',#1676,#1677);
#1676 = CARTESIAN_POINT('',(-6.326,1.2,0.381));
#1677 = VECTOR('',#1678,1.);
#1678 = DIRECTION('',(-0.,-1.,-0.));
#1679 = CYLINDRICAL_SURFACE('',#1680,0.889);
#1680 = AXIS2_PLACEMENT_3D('',#1681,#1682,#1683);
#1681 = CARTESIAN_POINT('',(-6.326,1.2,1.27));
#1682 = DIRECTION('',(-0.,-1.,-0.));
#1683 = DIRECTION('',(0.,0.,-1.));
#1684 = ADVANCED_FACE('',(#1685,#1695),#1705,.T.);
#1685 = FACE_BOUND('',#1686,.T.);
#1686 = EDGE_LOOP('',(#1687,#1694));
#1687 = ORIENTED_EDGE('',*,*,#1688,.T.);
#1688 = EDGE_CURVE('',#1649,#1647,#1689,.T.);
#1689 = CIRCLE('',#1690,0.889);
#1690 = AXIS2_PLACEMENT_3D('',#1691,#1692,#1693);
#1691 = CARTESIAN_POINT('',(-6.326,1.2,1.27));
#1692 = DIRECTION('',(0.,1.,0.));
#1693 = DIRECTION('',(0.,-0.,1.));
#1694 = ORIENTED_EDGE('',*,*,#1646,.T.);
#1695 = FACE_BOUND('',#1696,.T.);
#1696 = EDGE_LOOP('',(#1697,#1698));
#1697 = ORIENTED_EDGE('',*,*,#1631,.F.);
#1698 = ORIENTED_EDGE('',*,*,#1699,.F.);
#1699 = EDGE_CURVE('',#1624,#1605,#1700,.T.);
#1700 = CIRCLE('',#1701,0.635);
#1701 = AXIS2_PLACEMENT_3D('',#1702,#1703,#1704);
#1702 = CARTESIAN_POINT('',(-6.326,1.2,1.27));
#1703 = DIRECTION('',(0.,1.,0.));
#1704 = DIRECTION('',(0.,-0.,1.));
#1705 = PLANE('',#1706);
#1706 = AXIS2_PLACEMENT_3D('',#1707,#1708,#1709);
#1707 = CARTESIAN_POINT('',(-6.326,1.2,1.27));
#1708 = DIRECTION('',(0.,1.,0.));
#1709 = DIRECTION('',(0.,-0.,1.));
#1710 = ADVANCED_FACE('',(#1711,#1721),#1731,.F.);
#1711 = FACE_BOUND('',#1712,.T.);
#1712 = EDGE_LOOP('',(#1713,#1720));
#1713 = ORIENTED_EDGE('',*,*,#1714,.F.);
#1714 = EDGE_CURVE('',#1666,#1658,#1715,.T.);
#1715 = CIRCLE('',#1716,0.889);
#1716 = AXIS2_PLACEMENT_3D('',#1717,#1718,#1719);
#1717 = CARTESIAN_POINT('',(-6.326,0.,1.27));
#1718 = DIRECTION('',(0.,1.,0.));
#1719 = DIRECTION('',(0.,-0.,1.));
#1720 = ORIENTED_EDGE('',*,*,#1665,.F.);
#1721 = FACE_BOUND('',#1722,.T.);
#1722 = EDGE_LOOP('',(#1723,#1724));
#1723 = ORIENTED_EDGE('',*,*,#1614,.T.);
#1724 = ORIENTED_EDGE('',*,*,#1725,.T.);
#1725 = EDGE_CURVE('',#1615,#1607,#1726,.T.);
#1726 = CIRCLE('',#1727,0.635);
#1727 = AXIS2_PLACEMENT_3D('',#1728,#1729,#1730);
#1728 = CARTESIAN_POINT('',(-6.326,0.,1.27));
#1729 = DIRECTION('',(0.,1.,0.));
#1730 = DIRECTION('',(0.,-0.,1.));
#1731 = PLANE('',#1732);
#1732 = AXIS2_PLACEMENT_3D('',#1733,#1734,#1735);
#1733 = CARTESIAN_POINT('',(-6.326,0.,1.27));
#1734 = DIRECTION('',(0.,1.,0.));
#1735 = DIRECTION('',(0.,-0.,1.));
#1736 = ADVANCED_FACE('',(#1737),#1743,.T.);
#1737 = FACE_BOUND('',#1738,.T.);
#1738 = EDGE_LOOP('',(#1739,#1740,#1741,#1742));
#1739 = ORIENTED_EDGE('',*,*,#1657,.F.);
#1740 = ORIENTED_EDGE('',*,*,#1688,.F.);
#1741 = ORIENTED_EDGE('',*,*,#1674,.T.);
#1742 = ORIENTED_EDGE('',*,*,#1714,.T.);
#1743 = CYLINDRICAL_SURFACE('',#1744,0.889);
#1744 = AXIS2_PLACEMENT_3D('',#1745,#1746,#1747);
#1745 = CARTESIAN_POINT('',(-6.326,1.2,1.27));
#1746 = DIRECTION('',(-0.,-1.,-0.));
#1747 = DIRECTION('',(0.,0.,-1.));
#1748 = ADVANCED_FACE('',(#1749),#1755,.F.);
#1749 = FACE_BOUND('',#1750,.F.);
#1750 = EDGE_LOOP('',(#1751,#1752,#1753,#1754));
#1751 = ORIENTED_EDGE('',*,*,#1725,.T.);
#1752 = ORIENTED_EDGE('',*,*,#1604,.F.);
#1753 = ORIENTED_EDGE('',*,*,#1699,.F.);
#1754 = ORIENTED_EDGE('',*,*,#1623,.T.);
#1755 = CYLINDRICAL_SURFACE('',#1756,0.635);
#1756 = AXIS2_PLACEMENT_3D('',#1757,#1758,#1759);
#1757 = CARTESIAN_POINT('',(-6.326,1.2,1.27));
#1758 = DIRECTION('',(-0.,-1.,-0.));
#1759 = DIRECTION('',(0.,0.,-1.));
#1760 = MANIFOLD_SOLID_BREP('',#1761);
#1761 = CLOSED_SHELL('',(#1762,#1804,#1846,#1872,#1898,#1910));
#1762 = ADVANCED_FACE('',(#1763),#1799,.F.);
#1763 = FACE_BOUND('',#1764,.F.);
#1764 = EDGE_LOOP('',(#1765,#1775,#1784,#1792));
#1765 = ORIENTED_EDGE('',*,*,#1766,.T.);
#1766 = EDGE_CURVE('',#1767,#1769,#1771,.T.);
#1767 = VERTEX_POINT('',#1768);
#1768 = CARTESIAN_POINT('',(-6.326,1.2,3.175));
#1769 = VERTEX_POINT('',#1770);
#1770 = CARTESIAN_POINT('',(-6.326,0.,3.175));
#1771 = LINE('',#1772,#1773);
#1772 = CARTESIAN_POINT('',(-6.326,1.2,3.175));
#1773 = VECTOR('',#1774,1.);
#1774 = DIRECTION('',(-0.,-1.,-0.));
#1775 = ORIENTED_EDGE('',*,*,#1776,.T.);
#1776 = EDGE_CURVE('',#1769,#1777,#1779,.T.);
#1777 = VERTEX_POINT('',#1778);
#1778 = CARTESIAN_POINT('',(-6.326,0.,4.445));
#1779 = CIRCLE('',#1780,0.635);
#1780 = AXIS2_PLACEMENT_3D('',#1781,#1782,#1783);
#1781 = CARTESIAN_POINT('',(-6.326,0.,3.81));
#1782 = DIRECTION('',(0.,1.,0.));
#1783 = DIRECTION('',(0.,-0.,1.));
#1784 = ORIENTED_EDGE('',*,*,#1785,.F.);
#1785 = EDGE_CURVE('',#1786,#1777,#1788,.T.);
#1786 = VERTEX_POINT('',#1787);
#1787 = CARTESIAN_POINT('',(-6.326,1.2,4.445));
#1788 = LINE('',#1789,#1790);
#1789 = CARTESIAN_POINT('',(-6.326,1.2,4.445));
#1790 = VECTOR('',#1791,1.);
#1791 = DIRECTION('',(-0.,-1.,-0.));
#1792 = ORIENTED_EDGE('',*,*,#1793,.F.);
#1793 = EDGE_CURVE('',#1767,#1786,#1794,.T.);
#1794 = CIRCLE('',#1795,0.635);
#1795 = AXIS2_PLACEMENT_3D('',#1796,#1797,#1798);
#1796 = CARTESIAN_POINT('',(-6.326,1.2,3.81));
#1797 = DIRECTION('',(0.,1.,0.));
#1798 = DIRECTION('',(0.,-0.,1.));
#1799 = CYLINDRICAL_SURFACE('',#1800,0.635);
#1800 = AXIS2_PLACEMENT_3D('',#1801,#1802,#1803);
#1801 = CARTESIAN_POINT('',(-6.326,1.2,3.81));
#1802 = DIRECTION('',(-0.,-1.,-0.));
#1803 = DIRECTION('',(0.,0.,-1.));
#1804 = ADVANCED_FACE('',(#1805),#1841,.T.);
#1805 = FACE_BOUND('',#1806,.T.);
#1806 = EDGE_LOOP('',(#1807,#1818,#1826,#1835));
#1807 = ORIENTED_EDGE('',*,*,#1808,.F.);
#1808 = EDGE_CURVE('',#1809,#1811,#1813,.T.);
#1809 = VERTEX_POINT('',#1810);
#1810 = CARTESIAN_POINT('',(-6.326,1.2,4.699));
#1811 = VERTEX_POINT('',#1812);
#1812 = CARTESIAN_POINT('',(-6.326,1.2,2.921));
#1813 = CIRCLE('',#1814,0.889);
#1814 = AXIS2_PLACEMENT_3D('',#1815,#1816,#1817);
#1815 = CARTESIAN_POINT('',(-6.326,1.2,3.81));
#1816 = DIRECTION('',(0.,1.,0.));
#1817 = DIRECTION('',(0.,-0.,1.));
#1818 = ORIENTED_EDGE('',*,*,#1819,.T.);
#1819 = EDGE_CURVE('',#1809,#1820,#1822,.T.);
#1820 = VERTEX_POINT('',#1821);
#1821 = CARTESIAN_POINT('',(-6.326,0.,4.699));
#1822 = LINE('',#1823,#1824);
#1823 = CARTESIAN_POINT('',(-6.326,1.2,4.699));
#1824 = VECTOR('',#1825,1.);
#1825 = DIRECTION('',(-0.,-1.,-0.));
#1826 = ORIENTED_EDGE('',*,*,#1827,.T.);
#1827 = EDGE_CURVE('',#1820,#1828,#1830,.T.);
#1828 = VERTEX_POINT('',#1829);
#1829 = CARTESIAN_POINT('',(-6.326,0.,2.921));
#1830 = CIRCLE('',#1831,0.889);
#1831 = AXIS2_PLACEMENT_3D('',#1832,#1833,#1834);
#1832 = CARTESIAN_POINT('',(-6.326,0.,3.81));
#1833 = DIRECTION('',(0.,1.,0.));
#1834 = DIRECTION('',(0.,-0.,1.));
#1835 = ORIENTED_EDGE('',*,*,#1836,.F.);
#1836 = EDGE_CURVE('',#1811,#1828,#1837,.T.);
#1837 = LINE('',#1838,#1839);
#1838 = CARTESIAN_POINT('',(-6.326,1.2,2.921));
#1839 = VECTOR('',#1840,1.);
#1840 = DIRECTION('',(-0.,-1.,-0.));
#1841 = CYLINDRICAL_SURFACE('',#1842,0.889);
#1842 = AXIS2_PLACEMENT_3D('',#1843,#1844,#1845);
#1843 = CARTESIAN_POINT('',(-6.326,1.2,3.81));
#1844 = DIRECTION('',(-0.,-1.,-0.));
#1845 = DIRECTION('',(0.,0.,-1.));
#1846 = ADVANCED_FACE('',(#1847,#1857),#1867,.T.);
#1847 = FACE_BOUND('',#1848,.T.);
#1848 = EDGE_LOOP('',(#1849,#1856));
#1849 = ORIENTED_EDGE('',*,*,#1850,.T.);
#1850 = EDGE_CURVE('',#1811,#1809,#1851,.T.);
#1851 = CIRCLE('',#1852,0.889);
#1852 = AXIS2_PLACEMENT_3D('',#1853,#1854,#1855);
#1853 = CARTESIAN_POINT('',(-6.326,1.2,3.81));
#1854 = DIRECTION('',(0.,1.,0.));
#1855 = DIRECTION('',(0.,-0.,1.));
#1856 = ORIENTED_EDGE('',*,*,#1808,.T.);
#1857 = FACE_BOUND('',#1858,.T.);
#1858 = EDGE_LOOP('',(#1859,#1860));
#1859 = ORIENTED_EDGE('',*,*,#1793,.F.);
#1860 = ORIENTED_EDGE('',*,*,#1861,.F.);
#1861 = EDGE_CURVE('',#1786,#1767,#1862,.T.);
#1862 = CIRCLE('',#1863,0.635);
#1863 = AXIS2_PLACEMENT_3D('',#1864,#1865,#1866);
#1864 = CARTESIAN_POINT('',(-6.326,1.2,3.81));
#1865 = DIRECTION('',(0.,1.,0.));
#1866 = DIRECTION('',(0.,-0.,1.));
#1867 = PLANE('',#1868);
#1868 = AXIS2_PLACEMENT_3D('',#1869,#1870,#1871);
#1869 = CARTESIAN_POINT('',(-6.326,1.2,3.81));
#1870 = DIRECTION('',(0.,1.,0.));
#1871 = DIRECTION('',(0.,-0.,1.));
#1872 = ADVANCED_FACE('',(#1873,#1883),#1893,.F.);
#1873 = FACE_BOUND('',#1874,.T.);
#1874 = EDGE_LOOP('',(#1875,#1882));
#1875 = ORIENTED_EDGE('',*,*,#1876,.F.);
#1876 = EDGE_CURVE('',#1828,#1820,#1877,.T.);
#1877 = CIRCLE('',#1878,0.889);
#1878 = AXIS2_PLACEMENT_3D('',#1879,#1880,#1881);
#1879 = CARTESIAN_POINT('',(-6.326,0.,3.81));
#1880 = DIRECTION('',(0.,1.,0.));
#1881 = DIRECTION('',(0.,-0.,1.));
#1882 = ORIENTED_EDGE('',*,*,#1827,.F.);
#1883 = FACE_BOUND('',#1884,.T.);
#1884 = EDGE_LOOP('',(#1885,#1886));
#1885 = ORIENTED_EDGE('',*,*,#1776,.T.);
#1886 = ORIENTED_EDGE('',*,*,#1887,.T.);
#1887 = EDGE_CURVE('',#1777,#1769,#1888,.T.);
#1888 = CIRCLE('',#1889,0.635);
#1889 = AXIS2_PLACEMENT_3D('',#1890,#1891,#1892);
#1890 = CARTESIAN_POINT('',(-6.326,0.,3.81));
#1891 = DIRECTION('',(0.,1.,0.));
#1892 = DIRECTION('',(0.,-0.,1.));
#1893 = PLANE('',#1894);
#1894 = AXIS2_PLACEMENT_3D('',#1895,#1896,#1897);
#1895 = CARTESIAN_POINT('',(-6.326,0.,3.81));
#1896 = DIRECTION('',(0.,1.,0.));
#1897 = DIRECTION('',(0.,-0.,1.));
#1898 = ADVANCED_FACE('',(#1899),#1905,.T.);
#1899 = FACE_BOUND('',#1900,.T.);
#1900 = EDGE_LOOP('',(#1901,#1902,#1903,#1904));
#1901 = ORIENTED_EDGE('',*,*,#1819,.F.);
#1902 = ORIENTED_EDGE('',*,*,#1850,.F.);
#1903 = ORIENTED_EDGE('',*,*,#1836,.T.);
#1904 = ORIENTED_EDGE('',*,*,#1876,.T.);
#1905 = CYLINDRICAL_SURFACE('',#1906,0.889);
#1906 = AXIS2_PLACEMENT_3D('',#1907,#1908,#1909);
#1907 = CARTESIAN_POINT('',(-6.326,1.2,3.81));
#1908 = DIRECTION('',(-0.,-1.,-0.));
#1909 = DIRECTION('',(0.,0.,-1.));
#1910 = ADVANCED_FACE('',(#1911),#1917,.F.);
#1911 = FACE_BOUND('',#1912,.F.);
#1912 = EDGE_LOOP('',(#1913,#1914,#1915,#1916));
#1913 = ORIENTED_EDGE('',*,*,#1887,.T.);
#1914 = ORIENTED_EDGE('',*,*,#1766,.F.);
#1915 = ORIENTED_EDGE('',*,*,#1861,.F.);
#1916 = ORIENTED_EDGE('',*,*,#1785,.T.);
#1917 = CYLINDRICAL_SURFACE('',#1918,0.635);
#1918 = AXIS2_PLACEMENT_3D('',#1919,#1920,#1921);
#1919 = CARTESIAN_POINT('',(-6.326,1.2,3.81));
#1920 = DIRECTION('',(-0.,-1.,-0.));
#1921 = DIRECTION('',(0.,0.,-1.));
#1922 = MANIFOLD_SOLID_BREP('',#1923);
#1923 = CLOSED_SHELL('',(#1924,#1966,#2008,#2034,#2060,#2072));
#1924 = ADVANCED_FACE('',(#1925),#1961,.F.);
#1925 = FACE_BOUND('',#1926,.F.);
#1926 = EDGE_LOOP('',(#1927,#1937,#1946,#1954));
#1927 = ORIENTED_EDGE('',*,*,#1928,.T.);
#1928 = EDGE_CURVE('',#1929,#1931,#1933,.T.);
#1929 = VERTEX_POINT('',#1930);
#1930 = CARTESIAN_POINT('',(-6.326,1.2,5.715));
#1931 = VERTEX_POINT('',#1932);
#1932 = CARTESIAN_POINT('',(-6.326,0.,5.715));
#1933 = LINE('',#1934,#1935);
#1934 = CARTESIAN_POINT('',(-6.326,1.2,5.715));
#1935 = VECTOR('',#1936,1.);
#1936 = DIRECTION('',(-0.,-1.,-0.));
#1937 = ORIENTED_EDGE('',*,*,#1938,.T.);
#1938 = EDGE_CURVE('',#1931,#1939,#1941,.T.);
#1939 = VERTEX_POINT('',#1940);
#1940 = CARTESIAN_POINT('',(-6.326,0.,6.985));
#1941 = CIRCLE('',#1942,0.635);
#1942 = AXIS2_PLACEMENT_3D('',#1943,#1944,#1945);
#1943 = CARTESIAN_POINT('',(-6.326,0.,6.35));
#1944 = DIRECTION('',(0.,1.,0.));
#1945 = DIRECTION('',(0.,-0.,1.));
#1946 = ORIENTED_EDGE('',*,*,#1947,.F.);
#1947 = EDGE_CURVE('',#1948,#1939,#1950,.T.);
#1948 = VERTEX_POINT('',#1949);
#1949 = CARTESIAN_POINT('',(-6.326,1.2,6.985));
#1950 = LINE('',#1951,#1952);
#1951 = CARTESIAN_POINT('',(-6.326,1.2,6.985));
#1952 = VECTOR('',#1953,1.);
#1953 = DIRECTION('',(-0.,-1.,-0.));
#1954 = ORIENTED_EDGE('',*,*,#1955,.F.);
#1955 = EDGE_CURVE('',#1929,#1948,#1956,.T.);
#1956 = CIRCLE('',#1957,0.635);
#1957 = AXIS2_PLACEMENT_3D('',#1958,#1959,#1960);
#1958 = CARTESIAN_POINT('',(-6.326,1.2,6.35));
#1959 = DIRECTION('',(0.,1.,0.));
#1960 = DIRECTION('',(0.,-0.,1.));
#1961 = CYLINDRICAL_SURFACE('',#1962,0.635);
#1962 = AXIS2_PLACEMENT_3D('',#1963,#1964,#1965);
#1963 = CARTESIAN_POINT('',(-6.326,1.2,6.35));
#1964 = DIRECTION('',(-0.,-1.,-0.));
#1965 = DIRECTION('',(0.,0.,-1.));
#1966 = ADVANCED_FACE('',(#1967),#2003,.T.);
#1967 = FACE_BOUND('',#1968,.T.);
#1968 = EDGE_LOOP('',(#1969,#1980,#1988,#1997));
#1969 = ORIENTED_EDGE('',*,*,#1970,.F.);
#1970 = EDGE_CURVE('',#1971,#1973,#1975,.T.);
#1971 = VERTEX_POINT('',#1972);
#1972 = CARTESIAN_POINT('',(-6.326,1.2,7.239));
#1973 = VERTEX_POINT('',#1974);
#1974 = CARTESIAN_POINT('',(-6.326,1.2,5.461));
#1975 = CIRCLE('',#1976,0.889);
#1976 = AXIS2_PLACEMENT_3D('',#1977,#1978,#1979);
#1977 = CARTESIAN_POINT('',(-6.326,1.2,6.35));
#1978 = DIRECTION('',(0.,1.,0.));
#1979 = DIRECTION('',(0.,-0.,1.));
#1980 = ORIENTED_EDGE('',*,*,#1981,.T.);
#1981 = EDGE_CURVE('',#1971,#1982,#1984,.T.);
#1982 = VERTEX_POINT('',#1983);
#1983 = CARTESIAN_POINT('',(-6.326,0.,7.239));
#1984 = LINE('',#1985,#1986);
#1985 = CARTESIAN_POINT('',(-6.326,1.2,7.239));
#1986 = VECTOR('',#1987,1.);
#1987 = DIRECTION('',(-0.,-1.,-0.));
#1988 = ORIENTED_EDGE('',*,*,#1989,.T.);
#1989 = EDGE_CURVE('',#1982,#1990,#1992,.T.);
#1990 = VERTEX_POINT('',#1991);
#1991 = CARTESIAN_POINT('',(-6.326,0.,5.461));
#1992 = CIRCLE('',#1993,0.889);
#1993 = AXIS2_PLACEMENT_3D('',#1994,#1995,#1996);
#1994 = CARTESIAN_POINT('',(-6.326,0.,6.35));
#1995 = DIRECTION('',(0.,1.,0.));
#1996 = DIRECTION('',(0.,-0.,1.));
#1997 = ORIENTED_EDGE('',*,*,#1998,.F.);
#1998 = EDGE_CURVE('',#1973,#1990,#1999,.T.);
#1999 = LINE('',#2000,#2001);
#2000 = CARTESIAN_POINT('',(-6.326,1.2,5.461));
#2001 = VECTOR('',#2002,1.);
#2002 = DIRECTION('',(-0.,-1.,-0.));
#2003 = CYLINDRICAL_SURFACE('',#2004,0.889);
#2004 = AXIS2_PLACEMENT_3D('',#2005,#2006,#2007);
#2005 = CARTESIAN_POINT('',(-6.326,1.2,6.35));
#2006 = DIRECTION('',(-0.,-1.,-0.));
#2007 = DIRECTION('',(0.,0.,-1.));
#2008 = ADVANCED_FACE('',(#2009,#2019),#2029,.T.);
#2009 = FACE_BOUND('',#2010,.T.);
#2010 = EDGE_LOOP('',(#2011,#2018));
#2011 = ORIENTED_EDGE('',*,*,#2012,.T.);
#2012 = EDGE_CURVE('',#1973,#1971,#2013,.T.);
#2013 = CIRCLE('',#2014,0.889);
#2014 = AXIS2_PLACEMENT_3D('',#2015,#2016,#2017);
#2015 = CARTESIAN_POINT('',(-6.326,1.2,6.35));
#2016 = DIRECTION('',(0.,1.,0.));
#2017 = DIRECTION('',(0.,-0.,1.));
#2018 = ORIENTED_EDGE('',*,*,#1970,.T.);
#2019 = FACE_BOUND('',#2020,.T.);
#2020 = EDGE_LOOP('',(#2021,#2022));
#2021 = ORIENTED_EDGE('',*,*,#1955,.F.);
#2022 = ORIENTED_EDGE('',*,*,#2023,.F.);
#2023 = EDGE_CURVE('',#1948,#1929,#2024,.T.);
#2024 = CIRCLE('',#2025,0.635);
#2025 = AXIS2_PLACEMENT_3D('',#2026,#2027,#2028);
#2026 = CARTESIAN_POINT('',(-6.326,1.2,6.35));
#2027 = DIRECTION('',(0.,1.,0.));
#2028 = DIRECTION('',(0.,-0.,1.));
#2029 = PLANE('',#2030);
#2030 = AXIS2_PLACEMENT_3D('',#2031,#2032,#2033);
#2031 = CARTESIAN_POINT('',(-6.326,1.2,6.35));
#2032 = DIRECTION('',(0.,1.,0.));
#2033 = DIRECTION('',(0.,-0.,1.));
#2034 = ADVANCED_FACE('',(#2035,#2045),#2055,.F.);
#2035 = FACE_BOUND('',#2036,.T.);
#2036 = EDGE_LOOP('',(#2037,#2044));
#2037 = ORIENTED_EDGE('',*,*,#2038,.F.);
#2038 = EDGE_CURVE('',#1990,#1982,#2039,.T.);
#2039 = CIRCLE('',#2040,0.889);
#2040 = AXIS2_PLACEMENT_3D('',#2041,#2042,#2043);
#2041 = CARTESIAN_POINT('',(-6.326,0.,6.35));
#2042 = DIRECTION('',(0.,1.,0.));
#2043 = DIRECTION('',(0.,-0.,1.));
#2044 = ORIENTED_EDGE('',*,*,#1989,.F.);
#2045 = FACE_BOUND('',#2046,.T.);
#2046 = EDGE_LOOP('',(#2047,#2048));
#2047 = ORIENTED_EDGE('',*,*,#1938,.T.);
#2048 = ORIENTED_EDGE('',*,*,#2049,.T.);
#2049 = EDGE_CURVE('',#1939,#1931,#2050,.T.);
#2050 = CIRCLE('',#2051,0.635);
#2051 = AXIS2_PLACEMENT_3D('',#2052,#2053,#2054);
#2052 = CARTESIAN_POINT('',(-6.326,0.,6.35));
#2053 = DIRECTION('',(0.,1.,0.));
#2054 = DIRECTION('',(0.,-0.,1.));
#2055 = PLANE('',#2056);
#2056 = AXIS2_PLACEMENT_3D('',#2057,#2058,#2059);
#2057 = CARTESIAN_POINT('',(-6.326,0.,6.35));
#2058 = DIRECTION('',(0.,1.,0.));
#2059 = DIRECTION('',(0.,-0.,1.));
#2060 = ADVANCED_FACE('',(#2061),#2067,.T.);
#2061 = FACE_BOUND('',#2062,.T.);
#2062 = EDGE_LOOP('',(#2063,#2064,#2065,#2066));
#2063 = ORIENTED_EDGE('',*,*,#1981,.F.);
#2064 = ORIENTED_EDGE('',*,*,#2012,.F.);
#2065 = ORIENTED_EDGE('',*,*,#1998,.T.);
#2066 = ORIENTED_EDGE('',*,*,#2038,.T.);
#2067 = CYLINDRICAL_SURFACE('',#2068,0.889);
#2068 = AXIS2_PLACEMENT_3D('',#2069,#2070,#2071);
#2069 = CARTESIAN_POINT('',(-6.326,1.2,6.35));
#2070 = DIRECTION('',(-0.,-1.,-0.));
#2071 = DIRECTION('',(0.,0.,-1.));
#2072 = ADVANCED_FACE('',(#2073),#2079,.F.);
#2073 = FACE_BOUND('',#2074,.F.);
#2074 = EDGE_LOOP('',(#2075,#2076,#2077,#2078));
#2075 = ORIENTED_EDGE('',*,*,#2049,.T.);
#2076 = ORIENTED_EDGE('',*,*,#1928,.F.);
#2077 = ORIENTED_EDGE('',*,*,#2023,.F.);
#2078 = ORIENTED_EDGE('',*,*,#1947,.T.);
#2079 = CYLINDRICAL_SURFACE('',#2080,0.635);
#2080 = AXIS2_PLACEMENT_3D('',#2081,#2082,#2083);
#2081 = CARTESIAN_POINT('',(-6.326,1.2,6.35));
#2082 = DIRECTION('',(-0.,-1.,-0.));
#2083 = DIRECTION('',(0.,0.,-1.));
#2084 = MANIFOLD_SOLID_BREP('',#2085);
#2085 = CLOSED_SHELL('',(#2086,#2128,#2170,#2196,#2222,#2234));
#2086 = ADVANCED_FACE('',(#2087),#2123,.F.);
#2087 = FACE_BOUND('',#2088,.F.);
#2088 = EDGE_LOOP('',(#2089,#2099,#2108,#2116));
#2089 = ORIENTED_EDGE('',*,*,#2090,.T.);
#2090 = EDGE_CURVE('',#2091,#2093,#2095,.T.);
#2091 = VERTEX_POINT('',#2092);
#2092 = CARTESIAN_POINT('',(-6.326,1.2,8.255));
#2093 = VERTEX_POINT('',#2094);
#2094 = CARTESIAN_POINT('',(-6.326,0.,8.255));
#2095 = LINE('',#2096,#2097);
#2096 = CARTESIAN_POINT('',(-6.326,1.2,8.255));
#2097 = VECTOR('',#2098,1.);
#2098 = DIRECTION('',(-0.,-1.,-0.));
#2099 = ORIENTED_EDGE('',*,*,#2100,.T.);
#2100 = EDGE_CURVE('',#2093,#2101,#2103,.T.);
#2101 = VERTEX_POINT('',#2102);
#2102 = CARTESIAN_POINT('',(-6.326,0.,9.525));
#2103 = CIRCLE('',#2104,0.635);
#2104 = AXIS2_PLACEMENT_3D('',#2105,#2106,#2107);
#2105 = CARTESIAN_POINT('',(-6.326,0.,8.89));
#2106 = DIRECTION('',(0.,1.,0.));
#2107 = DIRECTION('',(0.,-0.,1.));
#2108 = ORIENTED_EDGE('',*,*,#2109,.F.);
#2109 = EDGE_CURVE('',#2110,#2101,#2112,.T.);
#2110 = VERTEX_POINT('',#2111);
#2111 = CARTESIAN_POINT('',(-6.326,1.2,9.525));
#2112 = LINE('',#2113,#2114);
#2113 = CARTESIAN_POINT('',(-6.326,1.2,9.525));
#2114 = VECTOR('',#2115,1.);
#2115 = DIRECTION('',(-0.,-1.,-0.));
#2116 = ORIENTED_EDGE('',*,*,#2117,.F.);
#2117 = EDGE_CURVE('',#2091,#2110,#2118,.T.);
#2118 = CIRCLE('',#2119,0.635);
#2119 = AXIS2_PLACEMENT_3D('',#2120,#2121,#2122);
#2120 = CARTESIAN_POINT('',(-6.326,1.2,8.89));
#2121 = DIRECTION('',(0.,1.,0.));
#2122 = DIRECTION('',(0.,-0.,1.));
#2123 = CYLINDRICAL_SURFACE('',#2124,0.635);
#2124 = AXIS2_PLACEMENT_3D('',#2125,#2126,#2127);
#2125 = CARTESIAN_POINT('',(-6.326,1.2,8.89));
#2126 = DIRECTION('',(-0.,-1.,-0.));
#2127 = DIRECTION('',(0.,0.,-1.));
#2128 = ADVANCED_FACE('',(#2129),#2165,.T.);
#2129 = FACE_BOUND('',#2130,.T.);
#2130 = EDGE_LOOP('',(#2131,#2142,#2150,#2159));
#2131 = ORIENTED_EDGE('',*,*,#2132,.F.);
#2132 = EDGE_CURVE('',#2133,#2135,#2137,.T.);
#2133 = VERTEX_POINT('',#2134);
#2134 = CARTESIAN_POINT('',(-6.326,1.2,9.779));
#2135 = VERTEX_POINT('',#2136);
#2136 = CARTESIAN_POINT('',(-6.326,1.2,8.001));
#2137 = CIRCLE('',#2138,0.889);
#2138 = AXIS2_PLACEMENT_3D('',#2139,#2140,#2141);
#2139 = CARTESIAN_POINT('',(-6.326,1.2,8.89));
#2140 = DIRECTION('',(0.,1.,0.));
#2141 = DIRECTION('',(0.,-0.,1.));
#2142 = ORIENTED_EDGE('',*,*,#2143,.T.);
#2143 = EDGE_CURVE('',#2133,#2144,#2146,.T.);
#2144 = VERTEX_POINT('',#2145);
#2145 = CARTESIAN_POINT('',(-6.326,0.,9.779));
#2146 = LINE('',#2147,#2148);
#2147 = CARTESIAN_POINT('',(-6.326,1.2,9.779));
#2148 = VECTOR('',#2149,1.);
#2149 = DIRECTION('',(-0.,-1.,-0.));
#2150 = ORIENTED_EDGE('',*,*,#2151,.T.);
#2151 = EDGE_CURVE('',#2144,#2152,#2154,.T.);
#2152 = VERTEX_POINT('',#2153);
#2153 = CARTESIAN_POINT('',(-6.326,0.,8.001));
#2154 = CIRCLE('',#2155,0.889);
#2155 = AXIS2_PLACEMENT_3D('',#2156,#2157,#2158);
#2156 = CARTESIAN_POINT('',(-6.326,0.,8.89));
#2157 = DIRECTION('',(0.,1.,0.));
#2158 = DIRECTION('',(0.,-0.,1.));
#2159 = ORIENTED_EDGE('',*,*,#2160,.F.);
#2160 = EDGE_CURVE('',#2135,#2152,#2161,.T.);
#2161 = LINE('',#2162,#2163);
#2162 = CARTESIAN_POINT('',(-6.326,1.2,8.001));
#2163 = VECTOR('',#2164,1.);
#2164 = DIRECTION('',(-0.,-1.,-0.));
#2165 = CYLINDRICAL_SURFACE('',#2166,0.889);
#2166 = AXIS2_PLACEMENT_3D('',#2167,#2168,#2169);
#2167 = CARTESIAN_POINT('',(-6.326,1.2,8.89));
#2168 = DIRECTION('',(-0.,-1.,-0.));
#2169 = DIRECTION('',(0.,0.,-1.));
#2170 = ADVANCED_FACE('',(#2171,#2181),#2191,.T.);
#2171 = FACE_BOUND('',#2172,.T.);
#2172 = EDGE_LOOP('',(#2173,#2180));
#2173 = ORIENTED_EDGE('',*,*,#2174,.T.);
#2174 = EDGE_CURVE('',#2135,#2133,#2175,.T.);
#2175 = CIRCLE('',#2176,0.889);
#2176 = AXIS2_PLACEMENT_3D('',#2177,#2178,#2179);
#2177 = CARTESIAN_POINT('',(-6.326,1.2,8.89));
#2178 = DIRECTION('',(0.,1.,0.));
#2179 = DIRECTION('',(0.,-0.,1.));
#2180 = ORIENTED_EDGE('',*,*,#2132,.T.);
#2181 = FACE_BOUND('',#2182,.T.);
#2182 = EDGE_LOOP('',(#2183,#2184));
#2183 = ORIENTED_EDGE('',*,*,#2117,.F.);
#2184 = ORIENTED_EDGE('',*,*,#2185,.F.);
#2185 = EDGE_CURVE('',#2110,#2091,#2186,.T.);
#2186 = CIRCLE('',#2187,0.635);
#2187 = AXIS2_PLACEMENT_3D('',#2188,#2189,#2190);
#2188 = CARTESIAN_POINT('',(-6.326,1.2,8.89));
#2189 = DIRECTION('',(0.,1.,0.));
#2190 = DIRECTION('',(0.,-0.,1.));
#2191 = PLANE('',#2192);
#2192 = AXIS2_PLACEMENT_3D('',#2193,#2194,#2195);
#2193 = CARTESIAN_POINT('',(-6.326,1.2,8.89));
#2194 = DIRECTION('',(0.,1.,0.));
#2195 = DIRECTION('',(0.,-0.,1.));
#2196 = ADVANCED_FACE('',(#2197,#2207),#2217,.F.);
#2197 = FACE_BOUND('',#2198,.T.);
#2198 = EDGE_LOOP('',(#2199,#2206));
#2199 = ORIENTED_EDGE('',*,*,#2200,.F.);
#2200 = EDGE_CURVE('',#2152,#2144,#2201,.T.);
#2201 = CIRCLE('',#2202,0.889);
#2202 = AXIS2_PLACEMENT_3D('',#2203,#2204,#2205);
#2203 = CARTESIAN_POINT('',(-6.326,0.,8.89));
#2204 = DIRECTION('',(0.,1.,0.));
#2205 = DIRECTION('',(0.,-0.,1.));
#2206 = ORIENTED_EDGE('',*,*,#2151,.F.);
#2207 = FACE_BOUND('',#2208,.T.);
#2208 = EDGE_LOOP('',(#2209,#2210));
#2209 = ORIENTED_EDGE('',*,*,#2100,.T.);
#2210 = ORIENTED_EDGE('',*,*,#2211,.T.);
#2211 = EDGE_CURVE('',#2101,#2093,#2212,.T.);
#2212 = CIRCLE('',#2213,0.635);
#2213 = AXIS2_PLACEMENT_3D('',#2214,#2215,#2216);
#2214 = CARTESIAN_POINT('',(-6.326,0.,8.89));
#2215 = DIRECTION('',(0.,1.,0.));
#2216 = DIRECTION('',(0.,-0.,1.));
#2217 = PLANE('',#2218);
#2218 = AXIS2_PLACEMENT_3D('',#2219,#2220,#2221);
#2219 = CARTESIAN_POINT('',(-6.326,0.,8.89));
#2220 = DIRECTION('',(0.,1.,0.));
#2221 = DIRECTION('',(0.,-0.,1.));
#2222 = ADVANCED_FACE('',(#2223),#2229,.T.);
#2223 = FACE_BOUND('',#2224,.T.);
#2224 = EDGE_LOOP('',(#2225,#2226,#2227,#2228));
#2225 = ORIENTED_EDGE('',*,*,#2143,.F.);
#2226 = ORIENTED_EDGE('',*,*,#2174,.F.);
#2227 = ORIENTED_EDGE('',*,*,#2160,.T.);
#2228 = ORIENTED_EDGE('',*,*,#2200,.T.);
#2229 = CYLINDRICAL_SURFACE('',#2230,0.889);
#2230 = AXIS2_PLACEMENT_3D('',#2231,#2232,#2233);
#2231 = CARTESIAN_POINT('',(-6.326,1.2,8.89));
#2232 = DIRECTION('',(-0.,-1.,-0.));
#2233 = DIRECTION('',(0.,0.,-1.));
#2234 = ADVANCED_FACE('',(#2235),#2241,.F.);
#2235 = FACE_BOUND('',#2236,.F.);
#2236 = EDGE_LOOP('',(#2237,#2238,#2239,#2240));
#2237 = ORIENTED_EDGE('',*,*,#2211,.T.);
#2238 = ORIENTED_EDGE('',*,*,#2090,.F.);
#2239 = ORIENTED_EDGE('',*,*,#2185,.F.);
#2240 = ORIENTED_EDGE('',*,*,#2109,.T.);
#2241 = CYLINDRICAL_SURFACE('',#2242,0.635);
#2242 = AXIS2_PLACEMENT_3D('',#2243,#2244,#2245);
#2243 = CARTESIAN_POINT('',(-6.326,1.2,8.89));
#2244 = DIRECTION('',(-0.,-1.,-0.));
#2245 = DIRECTION('',(0.,0.,-1.));
#2246 = MANIFOLD_SOLID_BREP('',#2247);
#2247 = CLOSED_SHELL('',(#2248,#2290,#2330,#2361,#2392,#2414,#2436,#2448
    ,#2466));
#2248 = ADVANCED_FACE('',(#2249),#2285,.F.);
#2249 = FACE_BOUND('',#2250,.F.);
#2250 = EDGE_LOOP('',(#2251,#2261,#2270,#2278));
#2251 = ORIENTED_EDGE('',*,*,#2252,.T.);
#2252 = EDGE_CURVE('',#2253,#2255,#2257,.T.);
#2253 = VERTEX_POINT('',#2254);
#2254 = CARTESIAN_POINT('',(-1.05,2.1,-1.475));
#2255 = VERTEX_POINT('',#2256);
#2256 = CARTESIAN_POINT('',(-1.05,2.15,-1.475));
#2257 = LINE('',#2258,#2259);
#2258 = CARTESIAN_POINT('',(-1.05,2.1,-1.475));
#2259 = VECTOR('',#2260,1.);
#2260 = DIRECTION('',(-0.,1.,-0.));
#2261 = ORIENTED_EDGE('',*,*,#2262,.F.);
#2262 = EDGE_CURVE('',#2263,#2255,#2265,.T.);
#2263 = VERTEX_POINT('',#2264);
#2264 = CARTESIAN_POINT('',(-1.05,2.15,-1.825));
#2265 = CIRCLE('',#2266,0.175);
#2266 = AXIS2_PLACEMENT_3D('',#2267,#2268,#2269);
#2267 = CARTESIAN_POINT('',(-1.05,2.15,-1.65));
#2268 = DIRECTION('',(0.,1.,0.));
#2269 = DIRECTION('',(0.,-0.,1.));
#2270 = ORIENTED_EDGE('',*,*,#2271,.F.);
#2271 = EDGE_CURVE('',#2272,#2263,#2274,.T.);
#2272 = VERTEX_POINT('',#2273);
#2273 = CARTESIAN_POINT('',(-1.05,2.1,-1.825));
#2274 = LINE('',#2275,#2276);
#2275 = CARTESIAN_POINT('',(-1.05,2.1,-1.825));
#2276 = VECTOR('',#2277,1.);
#2277 = DIRECTION('',(-0.,1.,-0.));
#2278 = ORIENTED_EDGE('',*,*,#2279,.T.);
#2279 = EDGE_CURVE('',#2272,#2253,#2280,.T.);
#2280 = CIRCLE('',#2281,0.175);
#2281 = AXIS2_PLACEMENT_3D('',#2282,#2283,#2284);
#2282 = CARTESIAN_POINT('',(-1.05,2.1,-1.65));
#2283 = DIRECTION('',(0.,1.,0.));
#2284 = DIRECTION('',(0.,-0.,1.));
#2285 = CYLINDRICAL_SURFACE('',#2286,0.175);
#2286 = AXIS2_PLACEMENT_3D('',#2287,#2288,#2289);
#2287 = CARTESIAN_POINT('',(-1.05,2.1,-1.65));
#2288 = DIRECTION('',(-0.,1.,-0.));
#2289 = DIRECTION('',(0.,0.,1.));
#2290 = ADVANCED_FACE('',(#2291),#2325,.F.);
#2291 = FACE_BOUND('',#2292,.T.);
#2292 = EDGE_LOOP('',(#2293,#2303,#2311,#2319));
#2293 = ORIENTED_EDGE('',*,*,#2294,.T.);
#2294 = EDGE_CURVE('',#2295,#2297,#2299,.T.);
#2295 = VERTEX_POINT('',#2296);
#2296 = CARTESIAN_POINT('',(-1.45,1.2,-2.05));
#2297 = VERTEX_POINT('',#2298);
#2298 = CARTESIAN_POINT('',(-1.45,1.2,1.95));
#2299 = LINE('',#2300,#2301);
#2300 = CARTESIAN_POINT('',(-1.45,1.2,-2.05));
#2301 = VECTOR('',#2302,1.);
#2302 = DIRECTION('',(1.084202172486E-16,0.,1.));
#2303 = ORIENTED_EDGE('',*,*,#2304,.F.);
#2304 = EDGE_CURVE('',#2305,#2297,#2307,.T.);
#2305 = VERTEX_POINT('',#2306);
#2306 = CARTESIAN_POINT('',(-1.45,2.15,1.95));
#2307 = LINE('',#2308,#2309);
#2308 = CARTESIAN_POINT('',(-1.45,2.15,1.95));
#2309 = VECTOR('',#2310,1.);
#2310 = DIRECTION('',(-0.,-1.,-0.));
#2311 = ORIENTED_EDGE('',*,*,#2312,.F.);
#2312 = EDGE_CURVE('',#2313,#2305,#2315,.T.);
#2313 = VERTEX_POINT('',#2314);
#2314 = CARTESIAN_POINT('',(-1.45,2.15,-2.05));
#2315 = LINE('',#2316,#2317);
#2316 = CARTESIAN_POINT('',(-1.45,2.15,-2.05));
#2317 = VECTOR('',#2318,1.);
#2318 = DIRECTION('',(1.084202172486E-16,0.,1.));
#2319 = ORIENTED_EDGE('',*,*,#2320,.T.);
#2320 = EDGE_CURVE('',#2313,#2295,#2321,.T.);
#2321 = LINE('',#2322,#2323);
#2322 = CARTESIAN_POINT('',(-1.45,2.15,-2.05));
#2323 = VECTOR('',#2324,1.);
#2324 = DIRECTION('',(-0.,-1.,-0.));
#2325 = PLANE('',#2326);
#2326 = AXIS2_PLACEMENT_3D('',#2327,#2328,#2329);
#2327 = CARTESIAN_POINT('',(-1.45,2.15,-2.05));
#2328 = DIRECTION('',(1.,0.,-1.084202172486E-16));
#2329 = DIRECTION('',(-1.084202172486E-16,0.,-1.));
#2330 = ADVANCED_FACE('',(#2331),#2356,.F.);
#2331 = FACE_BOUND('',#2332,.T.);
#2332 = EDGE_LOOP('',(#2333,#2341,#2349,#2355));
#2333 = ORIENTED_EDGE('',*,*,#2334,.T.);
#2334 = EDGE_CURVE('',#2297,#2335,#2337,.T.);
#2335 = VERTEX_POINT('',#2336);
#2336 = CARTESIAN_POINT('',(2.55,1.2,1.95));
#2337 = LINE('',#2338,#2339);
#2338 = CARTESIAN_POINT('',(-1.45,1.2,1.95));
#2339 = VECTOR('',#2340,1.);
#2340 = DIRECTION('',(1.,0.,0.));
#2341 = ORIENTED_EDGE('',*,*,#2342,.F.);
#2342 = EDGE_CURVE('',#2343,#2335,#2345,.T.);
#2343 = VERTEX_POINT('',#2344);
#2344 = CARTESIAN_POINT('',(2.55,2.15,1.95));
#2345 = LINE('',#2346,#2347);
#2346 = CARTESIAN_POINT('',(2.55,2.15,1.95));
#2347 = VECTOR('',#2348,1.);
#2348 = DIRECTION('',(-0.,-1.,-0.));
#2349 = ORIENTED_EDGE('',*,*,#2350,.F.);
#2350 = EDGE_CURVE('',#2305,#2343,#2351,.T.);
#2351 = LINE('',#2352,#2353);
#2352 = CARTESIAN_POINT('',(-1.45,2.15,1.95));
#2353 = VECTOR('',#2354,1.);
#2354 = DIRECTION('',(1.,0.,0.));
#2355 = ORIENTED_EDGE('',*,*,#2304,.T.);
#2356 = PLANE('',#2357);
#2357 = AXIS2_PLACEMENT_3D('',#2358,#2359,#2360);
#2358 = CARTESIAN_POINT('',(-1.45,2.15,1.95));
#2359 = DIRECTION('',(0.,0.,-1.));
#2360 = DIRECTION('',(-1.,0.,-0.));
#2361 = ADVANCED_FACE('',(#2362),#2387,.F.);
#2362 = FACE_BOUND('',#2363,.T.);
#2363 = EDGE_LOOP('',(#2364,#2372,#2380,#2386));
#2364 = ORIENTED_EDGE('',*,*,#2365,.T.);
#2365 = EDGE_CURVE('',#2335,#2366,#2368,.T.);
#2366 = VERTEX_POINT('',#2367);
#2367 = CARTESIAN_POINT('',(2.55,1.2,-2.05));
#2368 = LINE('',#2369,#2370);
#2369 = CARTESIAN_POINT('',(2.55,1.2,-2.05));
#2370 = VECTOR('',#2371,1.);
#2371 = DIRECTION('',(1.084202172486E-16,-0.,-1.));
#2372 = ORIENTED_EDGE('',*,*,#2373,.F.);
#2373 = EDGE_CURVE('',#2374,#2366,#2376,.T.);
#2374 = VERTEX_POINT('',#2375);
#2375 = CARTESIAN_POINT('',(2.55,2.15,-2.05));
#2376 = LINE('',#2377,#2378);
#2377 = CARTESIAN_POINT('',(2.55,2.15,-2.05));
#2378 = VECTOR('',#2379,1.);
#2379 = DIRECTION('',(-0.,-1.,-0.));
#2380 = ORIENTED_EDGE('',*,*,#2381,.F.);
#2381 = EDGE_CURVE('',#2343,#2374,#2382,.T.);
#2382 = LINE('',#2383,#2384);
#2383 = CARTESIAN_POINT('',(2.55,2.15,-2.05));
#2384 = VECTOR('',#2385,1.);
#2385 = DIRECTION('',(1.084202172486E-16,-0.,-1.));
#2386 = ORIENTED_EDGE('',*,*,#2342,.T.);
#2387 = PLANE('',#2388);
#2388 = AXIS2_PLACEMENT_3D('',#2389,#2390,#2391);
#2389 = CARTESIAN_POINT('',(2.55,2.15,-2.05));
#2390 = DIRECTION('',(-1.,0.,-1.084202172486E-16));
#2391 = DIRECTION('',(-1.084202172486E-16,0.,1.));
#2392 = ADVANCED_FACE('',(#2393),#2409,.F.);
#2393 = FACE_BOUND('',#2394,.T.);
#2394 = EDGE_LOOP('',(#2395,#2401,#2402,#2408));
#2395 = ORIENTED_EDGE('',*,*,#2396,.T.);
#2396 = EDGE_CURVE('',#2366,#2295,#2397,.T.);
#2397 = LINE('',#2398,#2399);
#2398 = CARTESIAN_POINT('',(-1.45,1.2,-2.05));
#2399 = VECTOR('',#2400,1.);
#2400 = DIRECTION('',(-1.,-0.,-0.));
#2401 = ORIENTED_EDGE('',*,*,#2320,.F.);
#2402 = ORIENTED_EDGE('',*,*,#2403,.F.);
#2403 = EDGE_CURVE('',#2374,#2313,#2404,.T.);
#2404 = LINE('',#2405,#2406);
#2405 = CARTESIAN_POINT('',(-1.45,2.15,-2.05));
#2406 = VECTOR('',#2407,1.);
#2407 = DIRECTION('',(-1.,-0.,-0.));
#2408 = ORIENTED_EDGE('',*,*,#2373,.T.);
#2409 = PLANE('',#2410);
#2410 = AXIS2_PLACEMENT_3D('',#2411,#2412,#2413);
#2411 = CARTESIAN_POINT('',(-1.45,2.15,-2.05));
#2412 = DIRECTION('',(0.,0.,1.));
#2413 = DIRECTION('',(1.,0.,-0.));
#2414 = ADVANCED_FACE('',(#2415,#2425),#2431,.T.);
#2415 = FACE_BOUND('',#2416,.T.);
#2416 = EDGE_LOOP('',(#2417,#2424));
#2417 = ORIENTED_EDGE('',*,*,#2418,.F.);
#2418 = EDGE_CURVE('',#2255,#2263,#2419,.T.);
#2419 = CIRCLE('',#2420,0.175);
#2420 = AXIS2_PLACEMENT_3D('',#2421,#2422,#2423);
#2421 = CARTESIAN_POINT('',(-1.05,2.15,-1.65));
#2422 = DIRECTION('',(0.,1.,0.));
#2423 = DIRECTION('',(0.,-0.,1.));
#2424 = ORIENTED_EDGE('',*,*,#2262,.F.);
#2425 = FACE_BOUND('',#2426,.T.);
#2426 = EDGE_LOOP('',(#2427,#2428,#2429,#2430));
#2427 = ORIENTED_EDGE('',*,*,#2312,.T.);
#2428 = ORIENTED_EDGE('',*,*,#2350,.T.);
#2429 = ORIENTED_EDGE('',*,*,#2381,.T.);
#2430 = ORIENTED_EDGE('',*,*,#2403,.T.);
#2431 = PLANE('',#2432);
#2432 = AXIS2_PLACEMENT_3D('',#2433,#2434,#2435);
#2433 = CARTESIAN_POINT('',(0.,2.15,0.));
#2434 = DIRECTION('',(0.,1.,0.));
#2435 = DIRECTION('',(0.,-0.,1.));
#2436 = ADVANCED_FACE('',(#2437),#2443,.F.);
#2437 = FACE_BOUND('',#2438,.T.);
#2438 = EDGE_LOOP('',(#2439,#2440,#2441,#2442));
#2439 = ORIENTED_EDGE('',*,*,#2294,.F.);
#2440 = ORIENTED_EDGE('',*,*,#2396,.F.);
#2441 = ORIENTED_EDGE('',*,*,#2365,.F.);
#2442 = ORIENTED_EDGE('',*,*,#2334,.F.);
#2443 = PLANE('',#2444);
#2444 = AXIS2_PLACEMENT_3D('',#2445,#2446,#2447);
#2445 = CARTESIAN_POINT('',(0.,1.2,0.));
#2446 = DIRECTION('',(0.,1.,0.));
#2447 = DIRECTION('',(0.,-0.,1.));
#2448 = ADVANCED_FACE('',(#2449),#2461,.F.);
#2449 = FACE_BOUND('',#2450,.F.);
#2450 = EDGE_LOOP('',(#2451,#2452,#2453,#2460));
#2451 = ORIENTED_EDGE('',*,*,#2418,.F.);
#2452 = ORIENTED_EDGE('',*,*,#2252,.F.);
#2453 = ORIENTED_EDGE('',*,*,#2454,.T.);
#2454 = EDGE_CURVE('',#2253,#2272,#2455,.T.);
#2455 = CIRCLE('',#2456,0.175);
#2456 = AXIS2_PLACEMENT_3D('',#2457,#2458,#2459);
#2457 = CARTESIAN_POINT('',(-1.05,2.1,-1.65));
#2458 = DIRECTION('',(0.,1.,0.));
#2459 = DIRECTION('',(0.,-0.,1.));
#2460 = ORIENTED_EDGE('',*,*,#2271,.T.);
#2461 = CYLINDRICAL_SURFACE('',#2462,0.175);
#2462 = AXIS2_PLACEMENT_3D('',#2463,#2464,#2465);
#2463 = CARTESIAN_POINT('',(-1.05,2.1,-1.65));
#2464 = DIRECTION('',(-0.,1.,-0.));
#2465 = DIRECTION('',(0.,0.,1.));
#2466 = ADVANCED_FACE('',(#2467),#2471,.T.);
#2467 = FACE_BOUND('',#2468,.T.);
#2468 = EDGE_LOOP('',(#2469,#2470));
#2469 = ORIENTED_EDGE('',*,*,#2454,.T.);
#2470 = ORIENTED_EDGE('',*,*,#2279,.T.);
#2471 = PLANE('',#2472);
#2472 = AXIS2_PLACEMENT_3D('',#2473,#2474,#2475);
#2473 = CARTESIAN_POINT('',(-1.05,2.1,-1.65));
#2474 = DIRECTION('',(0.,1.,0.));
#2475 = DIRECTION('',(0.,-0.,1.));
#2476 = MANIFOLD_SOLID_BREP('',#2477);
#2477 = CLOSED_SHELL('',(#2478,#2520,#2544,#2554));
#2478 = ADVANCED_FACE('',(#2479),#2515,.T.);
#2479 = FACE_BOUND('',#2480,.T.);
#2480 = EDGE_LOOP('',(#2481,#2492,#2500,#2509));
#2481 = ORIENTED_EDGE('',*,*,#2482,.T.);
#2482 = EDGE_CURVE('',#2483,#2485,#2487,.T.);
#2483 = VERTEX_POINT('',#2484);
#2484 = CARTESIAN_POINT('',(-1.05,2.1,-1.475));
#2485 = VERTEX_POINT('',#2486);
#2486 = CARTESIAN_POINT('',(-1.05,2.1,-1.825));
#2487 = CIRCLE('',#2488,0.175);
#2488 = AXIS2_PLACEMENT_3D('',#2489,#2490,#2491);
#2489 = CARTESIAN_POINT('',(-1.05,2.1,-1.65));
#2490 = DIRECTION('',(0.,1.,0.));
#2491 = DIRECTION('',(0.,-0.,1.));
#2492 = ORIENTED_EDGE('',*,*,#2493,.T.);
#2493 = EDGE_CURVE('',#2485,#2494,#2496,.T.);
#2494 = VERTEX_POINT('',#2495);
#2495 = CARTESIAN_POINT('',(-1.05,2.15,-1.825));
#2496 = LINE('',#2497,#2498);
#2497 = CARTESIAN_POINT('',(-1.05,2.1,-1.825));
#2498 = VECTOR('',#2499,1.);
#2499 = DIRECTION('',(0.,1.,0.));
#2500 = ORIENTED_EDGE('',*,*,#2501,.F.);
#2501 = EDGE_CURVE('',#2502,#2494,#2504,.T.);
#2502 = VERTEX_POINT('',#2503);
#2503 = CARTESIAN_POINT('',(-1.05,2.15,-1.475));
#2504 = CIRCLE('',#2505,0.175);
#2505 = AXIS2_PLACEMENT_3D('',#2506,#2507,#2508);
#2506 = CARTESIAN_POINT('',(-1.05,2.15,-1.65));
#2507 = DIRECTION('',(0.,1.,0.));
#2508 = DIRECTION('',(0.,-0.,1.));
#2509 = ORIENTED_EDGE('',*,*,#2510,.F.);
#2510 = EDGE_CURVE('',#2483,#2502,#2511,.T.);
#2511 = LINE('',#2512,#2513);
#2512 = CARTESIAN_POINT('',(-1.05,2.1,-1.475));
#2513 = VECTOR('',#2514,1.);
#2514 = DIRECTION('',(0.,1.,0.));
#2515 = CYLINDRICAL_SURFACE('',#2516,0.175);
#2516 = AXIS2_PLACEMENT_3D('',#2517,#2518,#2519);
#2517 = CARTESIAN_POINT('',(-1.05,2.1,-1.65));
#2518 = DIRECTION('',(0.,1.,0.));
#2519 = DIRECTION('',(0.,-0.,1.));
#2520 = ADVANCED_FACE('',(#2521),#2539,.T.);
#2521 = FACE_BOUND('',#2522,.T.);
#2522 = EDGE_LOOP('',(#2523,#2524,#2531,#2532));
#2523 = ORIENTED_EDGE('',*,*,#2493,.F.);
#2524 = ORIENTED_EDGE('',*,*,#2525,.T.);
#2525 = EDGE_CURVE('',#2485,#2483,#2526,.T.);
#2526 = CIRCLE('',#2527,0.175);
#2527 = AXIS2_PLACEMENT_3D('',#2528,#2529,#2530);
#2528 = CARTESIAN_POINT('',(-1.05,2.1,-1.65));
#2529 = DIRECTION('',(0.,1.,0.));
#2530 = DIRECTION('',(0.,-0.,1.));
#2531 = ORIENTED_EDGE('',*,*,#2510,.T.);
#2532 = ORIENTED_EDGE('',*,*,#2533,.F.);
#2533 = EDGE_CURVE('',#2494,#2502,#2534,.T.);
#2534 = CIRCLE('',#2535,0.175);
#2535 = AXIS2_PLACEMENT_3D('',#2536,#2537,#2538);
#2536 = CARTESIAN_POINT('',(-1.05,2.15,-1.65));
#2537 = DIRECTION('',(0.,1.,0.));
#2538 = DIRECTION('',(0.,-0.,1.));
#2539 = CYLINDRICAL_SURFACE('',#2540,0.175);
#2540 = AXIS2_PLACEMENT_3D('',#2541,#2542,#2543);
#2541 = CARTESIAN_POINT('',(-1.05,2.1,-1.65));
#2542 = DIRECTION('',(0.,1.,0.));
#2543 = DIRECTION('',(0.,-0.,1.));
#2544 = ADVANCED_FACE('',(#2545),#2549,.F.);
#2545 = FACE_BOUND('',#2546,.T.);
#2546 = EDGE_LOOP('',(#2547,#2548));
#2547 = ORIENTED_EDGE('',*,*,#2482,.F.);
#2548 = ORIENTED_EDGE('',*,*,#2525,.F.);
#2549 = PLANE('',#2550);
#2550 = AXIS2_PLACEMENT_3D('',#2551,#2552,#2553);
#2551 = CARTESIAN_POINT('',(-1.05,2.1,-1.65));
#2552 = DIRECTION('',(0.,1.,0.));
#2553 = DIRECTION('',(0.,-0.,1.));
#2554 = ADVANCED_FACE('',(#2555),#2559,.T.);
#2555 = FACE_BOUND('',#2556,.T.);
#2556 = EDGE_LOOP('',(#2557,#2558));
#2557 = ORIENTED_EDGE('',*,*,#2501,.T.);
#2558 = ORIENTED_EDGE('',*,*,#2533,.T.);
#2559 = PLANE('',#2560);
#2560 = AXIS2_PLACEMENT_3D('',#2561,#2562,#2563);
#2561 = CARTESIAN_POINT('',(-1.05,2.15,-1.65));
#2562 = DIRECTION('',(0.,1.,0.));
#2563 = DIRECTION('',(0.,-0.,1.));
#2564 = MANIFOLD_SOLID_BREP('',#2565);
#2565 = CLOSED_SHELL('',(#2566,#2606,#2653,#2700,#2722,#2734,#2751,#2768
    ));
#2566 = ADVANCED_FACE('',(#2567),#2601,.F.);
#2567 = FACE_BOUND('',#2568,.T.);
#2568 = EDGE_LOOP('',(#2569,#2579,#2587,#2595));
#2569 = ORIENTED_EDGE('',*,*,#2570,.F.);
#2570 = EDGE_CURVE('',#2571,#2573,#2575,.T.);
#2571 = VERTEX_POINT('',#2572);
#2572 = CARTESIAN_POINT('',(4.3,2.95,1.25));
#2573 = VERTEX_POINT('',#2574);
#2574 = CARTESIAN_POINT('',(5.75,2.95,1.25));
#2575 = LINE('',#2576,#2577);
#2576 = CARTESIAN_POINT('',(5.75,2.95,1.25));
#2577 = VECTOR('',#2578,1.);
#2578 = DIRECTION('',(1.,-0.,-0.));
#2579 = ORIENTED_EDGE('',*,*,#2580,.T.);
#2580 = EDGE_CURVE('',#2571,#2581,#2583,.T.);
#2581 = VERTEX_POINT('',#2582);
#2582 = CARTESIAN_POINT('',(4.3,1.2,1.25));
#2583 = LINE('',#2584,#2585);
#2584 = CARTESIAN_POINT('',(4.3,9.242298567375,1.25));
#2585 = VECTOR('',#2586,1.);
#2586 = DIRECTION('',(-0.,-1.,-0.));
#2587 = ORIENTED_EDGE('',*,*,#2588,.T.);
#2588 = EDGE_CURVE('',#2581,#2589,#2591,.T.);
#2589 = VERTEX_POINT('',#2590);
#2590 = CARTESIAN_POINT('',(5.75,1.2,1.25));
#2591 = LINE('',#2592,#2593);
#2592 = CARTESIAN_POINT('',(4.3,1.2,1.25));
#2593 = VECTOR('',#2594,1.);
#2594 = DIRECTION('',(1.,0.,0.));
#2595 = ORIENTED_EDGE('',*,*,#2596,.F.);
#2596 = EDGE_CURVE('',#2573,#2589,#2597,.T.);
#2597 = LINE('',#2598,#2599);
#2598 = CARTESIAN_POINT('',(5.75,9.242298567375,1.25));
#2599 = VECTOR('',#2600,1.);
#2600 = DIRECTION('',(-0.,-1.,-0.));
#2601 = PLANE('',#2602);
#2602 = AXIS2_PLACEMENT_3D('',#2603,#2604,#2605);
#2603 = CARTESIAN_POINT('',(4.3,9.242298567375,1.25));
#2604 = DIRECTION('',(0.,0.,-1.));
#2605 = DIRECTION('',(-1.,0.,-0.));
#2606 = ADVANCED_FACE('',(#2607),#2648,.F.);
#2607 = FACE_BOUND('',#2608,.T.);
#2608 = EDGE_LOOP('',(#2609,#2617,#2625,#2633,#2641,#2647));
#2609 = ORIENTED_EDGE('',*,*,#2610,.F.);
#2610 = EDGE_CURVE('',#2611,#2571,#2613,.T.);
#2611 = VERTEX_POINT('',#2612);
#2612 = CARTESIAN_POINT('',(4.3,2.95,0.7));
#2613 = LINE('',#2614,#2615);
#2614 = CARTESIAN_POINT('',(4.3,2.95,1.25));
#2615 = VECTOR('',#2616,1.);
#2616 = DIRECTION('',(-0.,-0.,1.));
#2617 = ORIENTED_EDGE('',*,*,#2618,.T.);
#2618 = EDGE_CURVE('',#2611,#2619,#2621,.T.);
#2619 = VERTEX_POINT('',#2620);
#2620 = CARTESIAN_POINT('',(4.3,3.,0.7));
#2621 = LINE('',#2622,#2623);
#2622 = CARTESIAN_POINT('',(4.3,2.95,0.7));
#2623 = VECTOR('',#2624,1.);
#2624 = DIRECTION('',(-0.,1.,-0.));
#2625 = ORIENTED_EDGE('',*,*,#2626,.F.);
#2626 = EDGE_CURVE('',#2627,#2619,#2629,.T.);
#2627 = VERTEX_POINT('',#2628);
#2628 = CARTESIAN_POINT('',(4.3,3.,-1.65));
#2629 = LINE('',#2630,#2631);
#2630 = CARTESIAN_POINT('',(4.3,3.,-1.65));
#2631 = VECTOR('',#2632,1.);
#2632 = DIRECTION('',(0.,0.,1.));
#2633 = ORIENTED_EDGE('',*,*,#2634,.T.);
#2634 = EDGE_CURVE('',#2627,#2635,#2637,.T.);
#2635 = VERTEX_POINT('',#2636);
#2636 = CARTESIAN_POINT('',(4.3,1.2,-1.65));
#2637 = LINE('',#2638,#2639);
#2638 = CARTESIAN_POINT('',(4.3,9.242298567375,-1.65));
#2639 = VECTOR('',#2640,1.);
#2640 = DIRECTION('',(-0.,-1.,-0.));
#2641 = ORIENTED_EDGE('',*,*,#2642,.T.);
#2642 = EDGE_CURVE('',#2635,#2581,#2643,.T.);
#2643 = LINE('',#2644,#2645);
#2644 = CARTESIAN_POINT('',(4.3,1.2,-1.65));
#2645 = VECTOR('',#2646,1.);
#2646 = DIRECTION('',(0.,0.,1.));
#2647 = ORIENTED_EDGE('',*,*,#2580,.F.);
#2648 = PLANE('',#2649);
#2649 = AXIS2_PLACEMENT_3D('',#2650,#2651,#2652);
#2650 = CARTESIAN_POINT('',(4.3,9.242298567375,-1.65));
#2651 = DIRECTION('',(1.,0.,0.));
#2652 = DIRECTION('',(0.,0.,-1.));
#2653 = ADVANCED_FACE('',(#2654),#2695,.F.);
#2654 = FACE_BOUND('',#2655,.T.);
#2655 = EDGE_LOOP('',(#2656,#2666,#2674,#2680,#2681,#2689));
#2656 = ORIENTED_EDGE('',*,*,#2657,.F.);
#2657 = EDGE_CURVE('',#2658,#2660,#2662,.T.);
#2658 = VERTEX_POINT('',#2659);
#2659 = CARTESIAN_POINT('',(5.75,3.,0.7));
#2660 = VERTEX_POINT('',#2661);
#2661 = CARTESIAN_POINT('',(5.75,3.,-1.65));
#2662 = LINE('',#2663,#2664);
#2663 = CARTESIAN_POINT('',(5.75,3.,-1.65));
#2664 = VECTOR('',#2665,1.);
#2665 = DIRECTION('',(0.,0.,-1.));
#2666 = ORIENTED_EDGE('',*,*,#2667,.F.);
#2667 = EDGE_CURVE('',#2668,#2658,#2670,.T.);
#2668 = VERTEX_POINT('',#2669);
#2669 = CARTESIAN_POINT('',(5.75,2.95,0.7));
#2670 = LINE('',#2671,#2672);
#2671 = CARTESIAN_POINT('',(5.75,2.95,0.7));
#2672 = VECTOR('',#2673,1.);
#2673 = DIRECTION('',(-0.,1.,-0.));
#2674 = ORIENTED_EDGE('',*,*,#2675,.F.);
#2675 = EDGE_CURVE('',#2573,#2668,#2676,.T.);
#2676 = LINE('',#2677,#2678);
#2677 = CARTESIAN_POINT('',(5.75,2.95,1.25));
#2678 = VECTOR('',#2679,1.);
#2679 = DIRECTION('',(0.,0.,-1.));
#2680 = ORIENTED_EDGE('',*,*,#2596,.T.);
#2681 = ORIENTED_EDGE('',*,*,#2682,.T.);
#2682 = EDGE_CURVE('',#2589,#2683,#2685,.T.);
#2683 = VERTEX_POINT('',#2684);
#2684 = CARTESIAN_POINT('',(5.75,1.2,-1.65));
#2685 = LINE('',#2686,#2687);
#2686 = CARTESIAN_POINT('',(5.75,1.2,-1.65));
#2687 = VECTOR('',#2688,1.);
#2688 = DIRECTION('',(-0.,-0.,-1.));
#2689 = ORIENTED_EDGE('',*,*,#2690,.F.);
#2690 = EDGE_CURVE('',#2660,#2683,#2691,.T.);
#2691 = LINE('',#2692,#2693);
#2692 = CARTESIAN_POINT('',(5.75,9.242298567375,-1.65));
#2693 = VECTOR('',#2694,1.);
#2694 = DIRECTION('',(-0.,-1.,-0.));
#2695 = PLANE('',#2696);
#2696 = AXIS2_PLACEMENT_3D('',#2697,#2698,#2699);
#2697 = CARTESIAN_POINT('',(5.75,9.242298567375,-1.65));
#2698 = DIRECTION('',(-1.,0.,0.));
#2699 = DIRECTION('',(0.,0.,1.));
#2700 = ADVANCED_FACE('',(#2701),#2717,.F.);
#2701 = FACE_BOUND('',#2702,.T.);
#2702 = EDGE_LOOP('',(#2703,#2709,#2710,#2716));
#2703 = ORIENTED_EDGE('',*,*,#2704,.F.);
#2704 = EDGE_CURVE('',#2660,#2627,#2705,.T.);
#2705 = LINE('',#2706,#2707);
#2706 = CARTESIAN_POINT('',(4.3,3.,-1.65));
#2707 = VECTOR('',#2708,1.);
#2708 = DIRECTION('',(-1.,0.,0.));
#2709 = ORIENTED_EDGE('',*,*,#2690,.T.);
#2710 = ORIENTED_EDGE('',*,*,#2711,.T.);
#2711 = EDGE_CURVE('',#2683,#2635,#2712,.T.);
#2712 = LINE('',#2713,#2714);
#2713 = CARTESIAN_POINT('',(4.3,1.2,-1.65));
#2714 = VECTOR('',#2715,1.);
#2715 = DIRECTION('',(-1.,-0.,-0.));
#2716 = ORIENTED_EDGE('',*,*,#2634,.F.);
#2717 = PLANE('',#2718);
#2718 = AXIS2_PLACEMENT_3D('',#2719,#2720,#2721);
#2719 = CARTESIAN_POINT('',(4.3,9.242298567375,-1.65));
#2720 = DIRECTION('',(0.,0.,1.));
#2721 = DIRECTION('',(1.,0.,-0.));
#2722 = ADVANCED_FACE('',(#2723),#2729,.F.);
#2723 = FACE_BOUND('',#2724,.T.);
#2724 = EDGE_LOOP('',(#2725,#2726,#2727,#2728));
#2725 = ORIENTED_EDGE('',*,*,#2642,.F.);
#2726 = ORIENTED_EDGE('',*,*,#2711,.F.);
#2727 = ORIENTED_EDGE('',*,*,#2682,.F.);
#2728 = ORIENTED_EDGE('',*,*,#2588,.F.);
#2729 = PLANE('',#2730);
#2730 = AXIS2_PLACEMENT_3D('',#2731,#2732,#2733);
#2731 = CARTESIAN_POINT('',(0.,1.2,0.));
#2732 = DIRECTION('',(0.,1.,0.));
#2733 = DIRECTION('',(0.,-0.,1.));
#2734 = ADVANCED_FACE('',(#2735),#2746,.T.);
#2735 = FACE_BOUND('',#2736,.T.);
#2736 = EDGE_LOOP('',(#2737,#2743,#2744,#2745));
#2737 = ORIENTED_EDGE('',*,*,#2738,.F.);
#2738 = EDGE_CURVE('',#2658,#2619,#2739,.T.);
#2739 = LINE('',#2740,#2741);
#2740 = CARTESIAN_POINT('',(5.75,3.,0.7));
#2741 = VECTOR('',#2742,1.);
#2742 = DIRECTION('',(-1.,0.,-1.495451272394E-16));
#2743 = ORIENTED_EDGE('',*,*,#2657,.T.);
#2744 = ORIENTED_EDGE('',*,*,#2704,.T.);
#2745 = ORIENTED_EDGE('',*,*,#2626,.T.);
#2746 = PLANE('',#2747);
#2747 = AXIS2_PLACEMENT_3D('',#2748,#2749,#2750);
#2748 = CARTESIAN_POINT('',(0.,3.,0.));
#2749 = DIRECTION('',(0.,1.,0.));
#2750 = DIRECTION('',(0.,-0.,1.));
#2751 = ADVANCED_FACE('',(#2752),#2763,.F.);
#2752 = FACE_BOUND('',#2753,.T.);
#2753 = EDGE_LOOP('',(#2754,#2755,#2756,#2762));
#2754 = ORIENTED_EDGE('',*,*,#2738,.T.);
#2755 = ORIENTED_EDGE('',*,*,#2618,.F.);
#2756 = ORIENTED_EDGE('',*,*,#2757,.F.);
#2757 = EDGE_CURVE('',#2668,#2611,#2758,.T.);
#2758 = LINE('',#2759,#2760);
#2759 = CARTESIAN_POINT('',(5.75,2.95,0.7));
#2760 = VECTOR('',#2761,1.);
#2761 = DIRECTION('',(-1.,0.,-1.495451272394E-16));
#2762 = ORIENTED_EDGE('',*,*,#2667,.T.);
#2763 = PLANE('',#2764);
#2764 = AXIS2_PLACEMENT_3D('',#2765,#2766,#2767);
#2765 = CARTESIAN_POINT('',(5.75,2.95,0.7));
#2766 = DIRECTION('',(1.495451272394E-16,0.,-1.));
#2767 = DIRECTION('',(-1.,0.,-1.495451272394E-16));
#2768 = ADVANCED_FACE('',(#2769),#2775,.T.);
#2769 = FACE_BOUND('',#2770,.T.);
#2770 = EDGE_LOOP('',(#2771,#2772,#2773,#2774));
#2771 = ORIENTED_EDGE('',*,*,#2675,.T.);
#2772 = ORIENTED_EDGE('',*,*,#2757,.T.);
#2773 = ORIENTED_EDGE('',*,*,#2610,.T.);
#2774 = ORIENTED_EDGE('',*,*,#2570,.T.);
#2775 = PLANE('',#2776);
#2776 = AXIS2_PLACEMENT_3D('',#2777,#2778,#2779);
#2777 = CARTESIAN_POINT('',(0.,2.95,0.));
#2778 = DIRECTION('',(0.,1.,0.));
#2779 = DIRECTION('',(0.,-0.,1.));
#2780 = MANIFOLD_SOLID_BREP('',#2781);
#2781 = CLOSED_SHELL('',(#2782,#2822,#2853,#2884,#2906,#2918));
#2782 = ADVANCED_FACE('',(#2783),#2817,.T.);
#2783 = FACE_BOUND('',#2784,.T.);
#2784 = EDGE_LOOP('',(#2785,#2795,#2803,#2811));
#2785 = ORIENTED_EDGE('',*,*,#2786,.F.);
#2786 = EDGE_CURVE('',#2787,#2789,#2791,.T.);
#2787 = VERTEX_POINT('',#2788);
#2788 = CARTESIAN_POINT('',(5.75,2.95,0.7));
#2789 = VERTEX_POINT('',#2790);
#2790 = CARTESIAN_POINT('',(5.75,2.95,1.25));
#2791 = LINE('',#2792,#2793);
#2792 = CARTESIAN_POINT('',(5.75,2.95,1.25));
#2793 = VECTOR('',#2794,1.);
#2794 = DIRECTION('',(-0.,0.,1.));
#2795 = ORIENTED_EDGE('',*,*,#2796,.T.);
#2796 = EDGE_CURVE('',#2787,#2797,#2799,.T.);
#2797 = VERTEX_POINT('',#2798);
#2798 = CARTESIAN_POINT('',(5.75,3.,0.7));
#2799 = LINE('',#2800,#2801);
#2800 = CARTESIAN_POINT('',(5.75,1.399193758073,0.7));
#2801 = VECTOR('',#2802,1.);
#2802 = DIRECTION('',(0.,1.,0.));
#2803 = ORIENTED_EDGE('',*,*,#2804,.F.);
#2804 = EDGE_CURVE('',#2805,#2797,#2807,.T.);
#2805 = VERTEX_POINT('',#2806);
#2806 = CARTESIAN_POINT('',(5.75,3.,1.25));
#2807 = LINE('',#2808,#2809);
#2808 = CARTESIAN_POINT('',(5.75,3.,1.25));
#2809 = VECTOR('',#2810,1.);
#2810 = DIRECTION('',(0.,0.,-1.));
#2811 = ORIENTED_EDGE('',*,*,#2812,.F.);
#2812 = EDGE_CURVE('',#2789,#2805,#2813,.T.);
#2813 = LINE('',#2814,#2815);
#2814 = CARTESIAN_POINT('',(5.75,1.399193758073,1.25));
#2815 = VECTOR('',#2816,1.);
#2816 = DIRECTION('',(0.,1.,0.));
#2817 = PLANE('',#2818);
#2818 = AXIS2_PLACEMENT_3D('',#2819,#2820,#2821);
#2819 = CARTESIAN_POINT('',(5.75,1.399193758073,1.25));
#2820 = DIRECTION('',(1.,-0.,0.));
#2821 = DIRECTION('',(0.,0.,-1.));
#2822 = ADVANCED_FACE('',(#2823),#2848,.T.);
#2823 = FACE_BOUND('',#2824,.T.);
#2824 = EDGE_LOOP('',(#2825,#2833,#2834,#2842));
#2825 = ORIENTED_EDGE('',*,*,#2826,.F.);
#2826 = EDGE_CURVE('',#2789,#2827,#2829,.T.);
#2827 = VERTEX_POINT('',#2828);
#2828 = CARTESIAN_POINT('',(4.3,2.95,1.25));
#2829 = LINE('',#2830,#2831);
#2830 = CARTESIAN_POINT('',(5.75,2.95,1.25));
#2831 = VECTOR('',#2832,1.);
#2832 = DIRECTION('',(-1.,0.,0.));
#2833 = ORIENTED_EDGE('',*,*,#2812,.T.);
#2834 = ORIENTED_EDGE('',*,*,#2835,.F.);
#2835 = EDGE_CURVE('',#2836,#2805,#2838,.T.);
#2836 = VERTEX_POINT('',#2837);
#2837 = CARTESIAN_POINT('',(4.3,3.,1.25));
#2838 = LINE('',#2839,#2840);
#2839 = CARTESIAN_POINT('',(5.75,3.,1.25));
#2840 = VECTOR('',#2841,1.);
#2841 = DIRECTION('',(1.,-0.,-0.));
#2842 = ORIENTED_EDGE('',*,*,#2843,.F.);
#2843 = EDGE_CURVE('',#2827,#2836,#2844,.T.);
#2844 = LINE('',#2845,#2846);
#2845 = CARTESIAN_POINT('',(4.3,1.399193758073,1.25));
#2846 = VECTOR('',#2847,1.);
#2847 = DIRECTION('',(0.,1.,0.));
#2848 = PLANE('',#2849);
#2849 = AXIS2_PLACEMENT_3D('',#2850,#2851,#2852);
#2850 = CARTESIAN_POINT('',(5.75,1.399193758073,1.25));
#2851 = DIRECTION('',(0.,-0.,1.));
#2852 = DIRECTION('',(1.,0.,0.));
#2853 = ADVANCED_FACE('',(#2854),#2879,.T.);
#2854 = FACE_BOUND('',#2855,.T.);
#2855 = EDGE_LOOP('',(#2856,#2864,#2865,#2873));
#2856 = ORIENTED_EDGE('',*,*,#2857,.F.);
#2857 = EDGE_CURVE('',#2827,#2858,#2860,.T.);
#2858 = VERTEX_POINT('',#2859);
#2859 = CARTESIAN_POINT('',(4.3,2.95,0.7));
#2860 = LINE('',#2861,#2862);
#2861 = CARTESIAN_POINT('',(4.3,2.95,1.25));
#2862 = VECTOR('',#2863,1.);
#2863 = DIRECTION('',(0.,0.,-1.));
#2864 = ORIENTED_EDGE('',*,*,#2843,.T.);
#2865 = ORIENTED_EDGE('',*,*,#2866,.F.);
#2866 = EDGE_CURVE('',#2867,#2836,#2869,.T.);
#2867 = VERTEX_POINT('',#2868);
#2868 = CARTESIAN_POINT('',(4.3,3.,0.7));
#2869 = LINE('',#2870,#2871);
#2870 = CARTESIAN_POINT('',(4.3,3.,1.25));
#2871 = VECTOR('',#2872,1.);
#2872 = DIRECTION('',(-0.,-0.,1.));
#2873 = ORIENTED_EDGE('',*,*,#2874,.F.);
#2874 = EDGE_CURVE('',#2858,#2867,#2875,.T.);
#2875 = LINE('',#2876,#2877);
#2876 = CARTESIAN_POINT('',(4.3,1.399193758073,0.7));
#2877 = VECTOR('',#2878,1.);
#2878 = DIRECTION('',(0.,1.,0.));
#2879 = PLANE('',#2880);
#2880 = AXIS2_PLACEMENT_3D('',#2881,#2882,#2883);
#2881 = CARTESIAN_POINT('',(4.3,1.399193758073,1.25));
#2882 = DIRECTION('',(-1.,0.,0.));
#2883 = DIRECTION('',(0.,0.,1.));
#2884 = ADVANCED_FACE('',(#2885),#2901,.T.);
#2885 = FACE_BOUND('',#2886,.T.);
#2886 = EDGE_LOOP('',(#2887,#2893,#2894,#2900));
#2887 = ORIENTED_EDGE('',*,*,#2888,.F.);
#2888 = EDGE_CURVE('',#2858,#2787,#2889,.T.);
#2889 = LINE('',#2890,#2891);
#2890 = CARTESIAN_POINT('',(5.75,2.95,0.7));
#2891 = VECTOR('',#2892,1.);
#2892 = DIRECTION('',(1.,-0.,1.495451272394E-16));
#2893 = ORIENTED_EDGE('',*,*,#2874,.T.);
#2894 = ORIENTED_EDGE('',*,*,#2895,.F.);
#2895 = EDGE_CURVE('',#2797,#2867,#2896,.T.);
#2896 = LINE('',#2897,#2898);
#2897 = CARTESIAN_POINT('',(5.75,3.,0.7));
#2898 = VECTOR('',#2899,1.);
#2899 = DIRECTION('',(-1.,0.,-1.495451272394E-16));
#2900 = ORIENTED_EDGE('',*,*,#2796,.F.);
#2901 = PLANE('',#2902);
#2902 = AXIS2_PLACEMENT_3D('',#2903,#2904,#2905);
#2903 = CARTESIAN_POINT('',(5.75,1.399193758073,0.7));
#2904 = DIRECTION('',(1.495451272394E-16,0.,-1.));
#2905 = DIRECTION('',(-1.,0.,-1.495451272394E-16));
#2906 = ADVANCED_FACE('',(#2907),#2913,.T.);
#2907 = FACE_BOUND('',#2908,.T.);
#2908 = EDGE_LOOP('',(#2909,#2910,#2911,#2912));
#2909 = ORIENTED_EDGE('',*,*,#2804,.T.);
#2910 = ORIENTED_EDGE('',*,*,#2895,.T.);
#2911 = ORIENTED_EDGE('',*,*,#2866,.T.);
#2912 = ORIENTED_EDGE('',*,*,#2835,.T.);
#2913 = PLANE('',#2914);
#2914 = AXIS2_PLACEMENT_3D('',#2915,#2916,#2917);
#2915 = CARTESIAN_POINT('',(0.,3.,0.));
#2916 = DIRECTION('',(0.,1.,0.));
#2917 = DIRECTION('',(0.,-0.,1.));
#2918 = ADVANCED_FACE('',(#2919),#2925,.F.);
#2919 = FACE_BOUND('',#2920,.T.);
#2920 = EDGE_LOOP('',(#2921,#2922,#2923,#2924));
#2921 = ORIENTED_EDGE('',*,*,#2786,.T.);
#2922 = ORIENTED_EDGE('',*,*,#2826,.T.);
#2923 = ORIENTED_EDGE('',*,*,#2857,.T.);
#2924 = ORIENTED_EDGE('',*,*,#2888,.T.);
#2925 = PLANE('',#2926);
#2926 = AXIS2_PLACEMENT_3D('',#2927,#2928,#2929);
#2927 = CARTESIAN_POINT('',(0.,2.95,0.));
#2928 = DIRECTION('',(0.,1.,0.));
#2929 = DIRECTION('',(0.,-0.,1.));
#2930 = MANIFOLD_SOLID_BREP('',#2931);
#2931 = CLOSED_SHELL('',(#2932,#2972,#3003,#3034,#3056,#3096,#3136,#3158
    ,#3175,#3192,#3204,#3226,#3243,#3260));
#2932 = ADVANCED_FACE('',(#2933),#2967,.F.);
#2933 = FACE_BOUND('',#2934,.T.);
#2934 = EDGE_LOOP('',(#2935,#2945,#2953,#2961));
#2935 = ORIENTED_EDGE('',*,*,#2936,.T.);
#2936 = EDGE_CURVE('',#2937,#2939,#2941,.T.);
#2937 = VERTEX_POINT('',#2938);
#2938 = CARTESIAN_POINT('',(-1.,2.05,-9.95));
#2939 = VERTEX_POINT('',#2940);
#2940 = CARTESIAN_POINT('',(-1.,1.9,-9.95));
#2941 = LINE('',#2942,#2943);
#2942 = CARTESIAN_POINT('',(-1.,2.75,-9.95));
#2943 = VECTOR('',#2944,1.);
#2944 = DIRECTION('',(-0.,-1.,-0.));
#2945 = ORIENTED_EDGE('',*,*,#2946,.T.);
#2946 = EDGE_CURVE('',#2939,#2947,#2949,.T.);
#2947 = VERTEX_POINT('',#2948);
#2948 = CARTESIAN_POINT('',(-1.,1.9,-7.35));
#2949 = LINE('',#2950,#2951);
#2950 = CARTESIAN_POINT('',(-1.,1.9,-9.95));
#2951 = VECTOR('',#2952,1.);
#2952 = DIRECTION('',(1.668003342285E-16,0.,1.));
#2953 = ORIENTED_EDGE('',*,*,#2954,.F.);
#2954 = EDGE_CURVE('',#2955,#2947,#2957,.T.);
#2955 = VERTEX_POINT('',#2956);
#2956 = CARTESIAN_POINT('',(-1.,2.05,-7.35));
#2957 = LINE('',#2958,#2959);
#2958 = CARTESIAN_POINT('',(-1.,2.75,-7.35));
#2959 = VECTOR('',#2960,1.);
#2960 = DIRECTION('',(-0.,-1.,-0.));
#2961 = ORIENTED_EDGE('',*,*,#2962,.T.);
#2962 = EDGE_CURVE('',#2955,#2937,#2963,.T.);
#2963 = LINE('',#2964,#2965);
#2964 = CARTESIAN_POINT('',(-1.,2.05,-9.95));
#2965 = VECTOR('',#2966,1.);
#2966 = DIRECTION('',(-1.668003342285E-16,0.,-1.));
#2967 = PLANE('',#2968);
#2968 = AXIS2_PLACEMENT_3D('',#2969,#2970,#2971);
#2969 = CARTESIAN_POINT('',(-1.,2.75,-9.95));
#2970 = DIRECTION('',(1.,0.,-1.668003342285E-16));
#2971 = DIRECTION('',(-1.668003342285E-16,0.,-1.));
#2972 = ADVANCED_FACE('',(#2973),#2998,.F.);
#2973 = FACE_BOUND('',#2974,.T.);
#2974 = EDGE_LOOP('',(#2975,#2976,#2984,#2992));
#2975 = ORIENTED_EDGE('',*,*,#2954,.T.);
#2976 = ORIENTED_EDGE('',*,*,#2977,.T.);
#2977 = EDGE_CURVE('',#2947,#2978,#2980,.T.);
#2978 = VERTEX_POINT('',#2979);
#2979 = CARTESIAN_POINT('',(0.5,1.9,-7.35));
#2980 = LINE('',#2981,#2982);
#2981 = CARTESIAN_POINT('',(-1.,1.9,-7.35));
#2982 = VECTOR('',#2983,1.);
#2983 = DIRECTION('',(1.,0.,0.));
#2984 = ORIENTED_EDGE('',*,*,#2985,.F.);
#2985 = EDGE_CURVE('',#2986,#2978,#2988,.T.);
#2986 = VERTEX_POINT('',#2987);
#2987 = CARTESIAN_POINT('',(0.5,2.05,-7.35));
#2988 = LINE('',#2989,#2990);
#2989 = CARTESIAN_POINT('',(0.5,2.75,-7.35));
#2990 = VECTOR('',#2991,1.);
#2991 = DIRECTION('',(-0.,-1.,-0.));
#2992 = ORIENTED_EDGE('',*,*,#2993,.T.);
#2993 = EDGE_CURVE('',#2986,#2955,#2994,.T.);
#2994 = LINE('',#2995,#2996);
#2995 = CARTESIAN_POINT('',(-1.,2.05,-7.35));
#2996 = VECTOR('',#2997,1.);
#2997 = DIRECTION('',(-1.,0.,0.));
#2998 = PLANE('',#2999);
#2999 = AXIS2_PLACEMENT_3D('',#3000,#3001,#3002);
#3000 = CARTESIAN_POINT('',(-1.,2.75,-7.35));
#3001 = DIRECTION('',(0.,0.,-1.));
#3002 = DIRECTION('',(-1.,0.,-0.));
#3003 = ADVANCED_FACE('',(#3004),#3029,.F.);
#3004 = FACE_BOUND('',#3005,.T.);
#3005 = EDGE_LOOP('',(#3006,#3007,#3015,#3023));
#3006 = ORIENTED_EDGE('',*,*,#2985,.T.);
#3007 = ORIENTED_EDGE('',*,*,#3008,.T.);
#3008 = EDGE_CURVE('',#2978,#3009,#3011,.T.);
#3009 = VERTEX_POINT('',#3010);
#3010 = CARTESIAN_POINT('',(0.5,1.9,-9.95));
#3011 = LINE('',#3012,#3013);
#3012 = CARTESIAN_POINT('',(0.5,1.9,-9.95));
#3013 = VECTOR('',#3014,1.);
#3014 = DIRECTION('',(-1.668003342285E-16,0.,-1.));
#3015 = ORIENTED_EDGE('',*,*,#3016,.F.);
#3016 = EDGE_CURVE('',#3017,#3009,#3019,.T.);
#3017 = VERTEX_POINT('',#3018);
#3018 = CARTESIAN_POINT('',(0.5,2.05,-9.95));
#3019 = LINE('',#3020,#3021);
#3020 = CARTESIAN_POINT('',(0.5,2.75,-9.95));
#3021 = VECTOR('',#3022,1.);
#3022 = DIRECTION('',(-0.,-1.,-0.));
#3023 = ORIENTED_EDGE('',*,*,#3024,.T.);
#3024 = EDGE_CURVE('',#3017,#2986,#3025,.T.);
#3025 = LINE('',#3026,#3027);
#3026 = CARTESIAN_POINT('',(0.5,2.05,-7.35));
#3027 = VECTOR('',#3028,1.);
#3028 = DIRECTION('',(1.668003342285E-16,0.,1.));
#3029 = PLANE('',#3030);
#3030 = AXIS2_PLACEMENT_3D('',#3031,#3032,#3033);
#3031 = CARTESIAN_POINT('',(0.5,2.75,-9.95));
#3032 = DIRECTION('',(-1.,0.,1.668003342285E-16));
#3033 = DIRECTION('',(1.668003342285E-16,0.,1.));
#3034 = ADVANCED_FACE('',(#3035),#3051,.F.);
#3035 = FACE_BOUND('',#3036,.T.);
#3036 = EDGE_LOOP('',(#3037,#3038,#3044,#3045));
#3037 = ORIENTED_EDGE('',*,*,#3016,.T.);
#3038 = ORIENTED_EDGE('',*,*,#3039,.T.);
#3039 = EDGE_CURVE('',#3009,#2939,#3040,.T.);
#3040 = LINE('',#3041,#3042);
#3041 = CARTESIAN_POINT('',(-1.,1.9,-9.95));
#3042 = VECTOR('',#3043,1.);
#3043 = DIRECTION('',(-1.,0.,0.));
#3044 = ORIENTED_EDGE('',*,*,#2936,.F.);
#3045 = ORIENTED_EDGE('',*,*,#3046,.T.);
#3046 = EDGE_CURVE('',#2937,#3017,#3047,.T.);
#3047 = LINE('',#3048,#3049);
#3048 = CARTESIAN_POINT('',(0.5,2.05,-9.95));
#3049 = VECTOR('',#3050,1.);
#3050 = DIRECTION('',(1.,0.,0.));
#3051 = PLANE('',#3052);
#3052 = AXIS2_PLACEMENT_3D('',#3053,#3054,#3055);
#3053 = CARTESIAN_POINT('',(-1.,2.75,-9.95));
#3054 = DIRECTION('',(0.,0.,1.));
#3055 = DIRECTION('',(1.,0.,-0.));
#3056 = ADVANCED_FACE('',(#3057),#3091,.T.);
#3057 = FACE_BOUND('',#3058,.T.);
#3058 = EDGE_LOOP('',(#3059,#3069,#3077,#3085));
#3059 = ORIENTED_EDGE('',*,*,#3060,.T.);
#3060 = EDGE_CURVE('',#3061,#3063,#3065,.T.);
#3061 = VERTEX_POINT('',#3062);
#3062 = CARTESIAN_POINT('',(0.376571113504,2.75,-7.473428886496));
#3063 = VERTEX_POINT('',#3064);
#3064 = CARTESIAN_POINT('',(0.376571113504,2.75,-9.826571113504));
#3065 = LINE('',#3066,#3067);
#3066 = CARTESIAN_POINT('',(0.376571113504,2.75,-9.95));
#3067 = VECTOR('',#3068,1.);
#3068 = DIRECTION('',(-1.668003342285E-16,0.,-1.));
#3069 = ORIENTED_EDGE('',*,*,#3070,.T.);
#3070 = EDGE_CURVE('',#3063,#3071,#3073,.T.);
#3071 = VERTEX_POINT('',#3072);
#3072 = CARTESIAN_POINT('',(-0.876571113504,2.75,-9.826571113504));
#3073 = LINE('',#3074,#3075);
#3074 = CARTESIAN_POINT('',(-1.,2.75,-9.826571113504));
#3075 = VECTOR('',#3076,1.);
#3076 = DIRECTION('',(-1.,0.,0.));
#3077 = ORIENTED_EDGE('',*,*,#3078,.T.);
#3078 = EDGE_CURVE('',#3071,#3079,#3081,.T.);
#3079 = VERTEX_POINT('',#3080);
#3080 = CARTESIAN_POINT('',(-0.876571113504,2.75,-7.473428886496));
#3081 = LINE('',#3082,#3083);
#3082 = CARTESIAN_POINT('',(-0.876571113504,2.75,-7.35));
#3083 = VECTOR('',#3084,1.);
#3084 = DIRECTION('',(1.668003342285E-16,0.,1.));
#3085 = ORIENTED_EDGE('',*,*,#3086,.T.);
#3086 = EDGE_CURVE('',#3079,#3061,#3087,.T.);
#3087 = LINE('',#3088,#3089);
#3088 = CARTESIAN_POINT('',(0.5,2.75,-7.473428886496));
#3089 = VECTOR('',#3090,1.);
#3090 = DIRECTION('',(1.,0.,0.));
#3091 = PLANE('',#3092);
#3092 = AXIS2_PLACEMENT_3D('',#3093,#3094,#3095);
#3093 = CARTESIAN_POINT('',(0.,2.75,0.));
#3094 = DIRECTION('',(0.,1.,0.));
#3095 = DIRECTION('',(0.,-0.,1.));
#3096 = ADVANCED_FACE('',(#3097),#3131,.F.);
#3097 = FACE_BOUND('',#3098,.T.);
#3098 = EDGE_LOOP('',(#3099,#3109,#3117,#3125));
#3099 = ORIENTED_EDGE('',*,*,#3100,.T.);
#3100 = EDGE_CURVE('',#3101,#3103,#3105,.T.);
#3101 = VERTEX_POINT('',#3102);
#3102 = CARTESIAN_POINT('',(0.376571113504,1.2,-9.826571113504));
#3103 = VERTEX_POINT('',#3104);
#3104 = CARTESIAN_POINT('',(0.376571113504,1.2,-7.473428886496));
#3105 = LINE('',#3106,#3107);
#3106 = CARTESIAN_POINT('',(0.376571113504,1.2,-6.281218759329E-17));
#3107 = VECTOR('',#3108,1.);
#3108 = DIRECTION('',(1.668003342285E-16,0.,1.));
#3109 = ORIENTED_EDGE('',*,*,#3110,.T.);
#3110 = EDGE_CURVE('',#3103,#3111,#3113,.T.);
#3111 = VERTEX_POINT('',#3112);
#3112 = CARTESIAN_POINT('',(-0.876571113504,1.2,-7.473428886496));
#3113 = LINE('',#3114,#3115);
#3114 = CARTESIAN_POINT('',(0.,1.2,-7.473428886496));
#3115 = VECTOR('',#3116,1.);
#3116 = DIRECTION('',(-1.,0.,0.));
#3117 = ORIENTED_EDGE('',*,*,#3118,.T.);
#3118 = EDGE_CURVE('',#3111,#3119,#3121,.T.);
#3119 = VERTEX_POINT('',#3120);
#3120 = CARTESIAN_POINT('',(-0.876571113504,1.2,-9.826571113504));
#3121 = LINE('',#3122,#3123);
#3122 = CARTESIAN_POINT('',(-0.876571113504,1.2,1.462123547076E-16));
#3123 = VECTOR('',#3124,1.);
#3124 = DIRECTION('',(-1.668003342285E-16,0.,-1.));
#3125 = ORIENTED_EDGE('',*,*,#3126,.T.);
#3126 = EDGE_CURVE('',#3119,#3101,#3127,.T.);
#3127 = LINE('',#3128,#3129);
#3128 = CARTESIAN_POINT('',(0.,1.2,-9.826571113504));
#3129 = VECTOR('',#3130,1.);
#3130 = DIRECTION('',(1.,0.,0.));
#3131 = PLANE('',#3132);
#3132 = AXIS2_PLACEMENT_3D('',#3133,#3134,#3135);
#3133 = CARTESIAN_POINT('',(0.,1.2,0.));
#3134 = DIRECTION('',(0.,1.,0.));
#3135 = DIRECTION('',(0.,-0.,1.));
#3136 = ADVANCED_FACE('',(#3137),#3153,.F.);
#3137 = FACE_BOUND('',#3138,.T.);
#3138 = EDGE_LOOP('',(#3139,#3145,#3146,#3152));
#3139 = ORIENTED_EDGE('',*,*,#3140,.F.);
#3140 = EDGE_CURVE('',#3101,#3009,#3141,.T.);
#3141 = LINE('',#3142,#3143);
#3142 = CARTESIAN_POINT('',(0.456093411239,1.650993361396,
    -9.906093411239));
#3143 = VECTOR('',#3144,1.);
#3144 = DIRECTION('',(0.171087869746,0.970287525248,-0.171087869746));
#3145 = ORIENTED_EDGE('',*,*,#3126,.F.);
#3146 = ORIENTED_EDGE('',*,*,#3147,.F.);
#3147 = EDGE_CURVE('',#2939,#3119,#3148,.T.);
#3148 = LINE('',#3149,#3150);
#3149 = CARTESIAN_POINT('',(-1.,1.9,-9.95));
#3150 = VECTOR('',#3151,1.);
#3151 = DIRECTION('',(0.171087869746,-0.970287525248,0.171087869746));
#3152 = ORIENTED_EDGE('',*,*,#3039,.F.);
#3153 = PLANE('',#3154);
#3154 = AXIS2_PLACEMENT_3D('',#3155,#3156,#3157);
#3155 = CARTESIAN_POINT('',(-1.,1.9,-9.95));
#3156 = DIRECTION('',(0.,0.173648177667,0.984807753012));
#3157 = DIRECTION('',(-1.,0.,0.));
#3158 = ADVANCED_FACE('',(#3159),#3170,.F.);
#3159 = FACE_BOUND('',#3160,.T.);
#3160 = EDGE_LOOP('',(#3161,#3162,#3163,#3169));
#3161 = ORIENTED_EDGE('',*,*,#3147,.T.);
#3162 = ORIENTED_EDGE('',*,*,#3118,.F.);
#3163 = ORIENTED_EDGE('',*,*,#3164,.F.);
#3164 = EDGE_CURVE('',#2947,#3111,#3165,.T.);
#3165 = LINE('',#3166,#3167);
#3166 = CARTESIAN_POINT('',(-0.923895246147,1.468388493087,
    -7.426104753853));
#3167 = VECTOR('',#3168,1.);
#3168 = DIRECTION('',(0.171087869746,-0.970287525248,-0.171087869746));
#3169 = ORIENTED_EDGE('',*,*,#2946,.F.);
#3170 = PLANE('',#3171);
#3171 = AXIS2_PLACEMENT_3D('',#3172,#3173,#3174);
#3172 = CARTESIAN_POINT('',(-1.,1.9,-9.95));
#3173 = DIRECTION('',(0.984807753012,0.173648177667,-1.642662623533E-16)
  );
#3174 = DIRECTION('',(1.668003342285E-16,0.,1.));
#3175 = ADVANCED_FACE('',(#3176),#3187,.F.);
#3176 = FACE_BOUND('',#3177,.T.);
#3177 = EDGE_LOOP('',(#3178,#3179,#3180,#3186));
#3178 = ORIENTED_EDGE('',*,*,#3140,.T.);
#3179 = ORIENTED_EDGE('',*,*,#3008,.F.);
#3180 = ORIENTED_EDGE('',*,*,#3181,.F.);
#3181 = EDGE_CURVE('',#3103,#2978,#3182,.T.);
#3182 = LINE('',#3183,#3184);
#3183 = CARTESIAN_POINT('',(0.423895246147,1.468388493087,
    -7.426104753853));
#3184 = VECTOR('',#3185,1.);
#3185 = DIRECTION('',(0.171087869746,0.970287525248,0.171087869746));
#3186 = ORIENTED_EDGE('',*,*,#3100,.F.);
#3187 = PLANE('',#3188);
#3188 = AXIS2_PLACEMENT_3D('',#3189,#3190,#3191);
#3189 = CARTESIAN_POINT('',(0.5,1.9,-9.95));
#3190 = DIRECTION('',(-0.984807753012,0.173648177667,1.642662623533E-16)
  );
#3191 = DIRECTION('',(-1.668003342285E-16,6.162975822039E-33,-1.));
#3192 = ADVANCED_FACE('',(#3193),#3199,.F.);
#3193 = FACE_BOUND('',#3194,.T.);
#3194 = EDGE_LOOP('',(#3195,#3196,#3197,#3198));
#3195 = ORIENTED_EDGE('',*,*,#3164,.T.);
#3196 = ORIENTED_EDGE('',*,*,#3110,.F.);
#3197 = ORIENTED_EDGE('',*,*,#3181,.T.);
#3198 = ORIENTED_EDGE('',*,*,#2977,.F.);
#3199 = PLANE('',#3200);
#3200 = AXIS2_PLACEMENT_3D('',#3201,#3202,#3203);
#3201 = CARTESIAN_POINT('',(-1.,1.9,-7.35));
#3202 = DIRECTION('',(0.,0.173648177667,-0.984807753012));
#3203 = DIRECTION('',(1.,-0.,0.));
#3204 = ADVANCED_FACE('',(#3205),#3221,.T.);
#3205 = FACE_BOUND('',#3206,.T.);
#3206 = EDGE_LOOP('',(#3207,#3213,#3214,#3220));
#3207 = ORIENTED_EDGE('',*,*,#3208,.F.);
#3208 = EDGE_CURVE('',#2955,#3079,#3209,.T.);
#3209 = LINE('',#3210,#3211);
#3210 = CARTESIAN_POINT('',(-1.095326292675,1.50937772942,
    -7.254673707325));
#3211 = VECTOR('',#3212,1.);
#3212 = DIRECTION('',(0.171087869746,0.970287525248,-0.171087869746));
#3213 = ORIENTED_EDGE('',*,*,#2993,.F.);
#3214 = ORIENTED_EDGE('',*,*,#3215,.F.);
#3215 = EDGE_CURVE('',#3061,#2986,#3216,.T.);
#3216 = LINE('',#3217,#3218);
#3217 = CARTESIAN_POINT('',(0.365548478157,2.812512471446,
    -7.484451521843));
#3218 = VECTOR('',#3219,1.);
#3219 = DIRECTION('',(0.171087869746,-0.970287525248,0.171087869746));
#3220 = ORIENTED_EDGE('',*,*,#3086,.F.);
#3221 = PLANE('',#3222);
#3222 = AXIS2_PLACEMENT_3D('',#3223,#3224,#3225);
#3223 = CARTESIAN_POINT('',(0.,2.75,-7.473428886496));
#3224 = DIRECTION('',(0.,0.173648177667,0.984807753012));
#3225 = DIRECTION('',(-1.,0.,0.));
#3226 = ADVANCED_FACE('',(#3227),#3238,.T.);
#3227 = FACE_BOUND('',#3228,.T.);
#3228 = EDGE_LOOP('',(#3229,#3230,#3231,#3237));
#3229 = ORIENTED_EDGE('',*,*,#3215,.T.);
#3230 = ORIENTED_EDGE('',*,*,#3024,.F.);
#3231 = ORIENTED_EDGE('',*,*,#3232,.F.);
#3232 = EDGE_CURVE('',#3063,#3017,#3233,.T.);
#3233 = LINE('',#3234,#3235);
#3234 = CARTESIAN_POINT('',(8.893696896086E-02,4.381254294649,
    -9.538936968961));
#3235 = VECTOR('',#3236,1.);
#3236 = DIRECTION('',(0.171087869746,-0.970287525248,-0.171087869746));
#3237 = ORIENTED_EDGE('',*,*,#3060,.F.);
#3238 = PLANE('',#3239);
#3239 = AXIS2_PLACEMENT_3D('',#3240,#3241,#3242);
#3240 = CARTESIAN_POINT('',(0.376571113504,2.75,-6.281218759329E-17));
#3241 = DIRECTION('',(0.984807753012,0.173648177667,-1.642662623533E-16)
  );
#3242 = DIRECTION('',(1.668003342285E-16,6.162975822039E-33,1.));
#3243 = ADVANCED_FACE('',(#3244),#3255,.T.);
#3244 = FACE_BOUND('',#3245,.T.);
#3245 = EDGE_LOOP('',(#3246,#3247,#3248,#3254));
#3246 = ORIENTED_EDGE('',*,*,#3208,.T.);
#3247 = ORIENTED_EDGE('',*,*,#3078,.F.);
#3248 = ORIENTED_EDGE('',*,*,#3249,.F.);
#3249 = EDGE_CURVE('',#2937,#3071,#3250,.T.);
#3250 = LINE('',#3251,#3252);
#3251 = CARTESIAN_POINT('',(-0.588936968961,4.381254294649,
    -9.538936968961));
#3252 = VECTOR('',#3253,1.);
#3253 = DIRECTION('',(0.171087869746,0.970287525248,0.171087869746));
#3254 = ORIENTED_EDGE('',*,*,#2962,.F.);
#3255 = PLANE('',#3256);
#3256 = AXIS2_PLACEMENT_3D('',#3257,#3258,#3259);
#3257 = CARTESIAN_POINT('',(-0.876571113504,2.75,1.462123547076E-16));
#3258 = DIRECTION('',(-0.984807753012,0.173648177667,1.642662623533E-16)
  );
#3259 = DIRECTION('',(-1.668003342285E-16,0.,-1.));
#3260 = ADVANCED_FACE('',(#3261),#3267,.T.);
#3261 = FACE_BOUND('',#3262,.T.);
#3262 = EDGE_LOOP('',(#3263,#3264,#3265,#3266));
#3263 = ORIENTED_EDGE('',*,*,#3232,.T.);
#3264 = ORIENTED_EDGE('',*,*,#3046,.F.);
#3265 = ORIENTED_EDGE('',*,*,#3249,.T.);
#3266 = ORIENTED_EDGE('',*,*,#3070,.F.);
#3267 = PLANE('',#3268);
#3268 = AXIS2_PLACEMENT_3D('',#3269,#3270,#3271);
#3269 = CARTESIAN_POINT('',(0.,2.75,-9.826571113504));
#3270 = DIRECTION('',(0.,0.173648177667,-0.984807753012));
#3271 = DIRECTION('',(1.,0.,0.));
#3272 = MANIFOLD_SOLID_BREP('',#3273);
#3273 = CLOSED_SHELL('',(#3274,#3314,#3347,#3378,#3411,#3442,#3473,#3504
    ,#3537,#3568,#3601,#3632,#3654,#3674));
#3274 = ADVANCED_FACE('',(#3275),#3309,.F.);
#3275 = FACE_BOUND('',#3276,.T.);
#3276 = EDGE_LOOP('',(#3277,#3287,#3295,#3303));
#3277 = ORIENTED_EDGE('',*,*,#3278,.T.);
#3278 = EDGE_CURVE('',#3279,#3281,#3283,.T.);
#3279 = VERTEX_POINT('',#3280);
#3280 = CARTESIAN_POINT('',(0.5,2.05,-9.35));
#3281 = VERTEX_POINT('',#3282);
#3282 = CARTESIAN_POINT('',(0.65,2.05,-9.35));
#3283 = LINE('',#3284,#3285);
#3284 = CARTESIAN_POINT('',(0.65,2.05,-9.35));
#3285 = VECTOR('',#3286,1.);
#3286 = DIRECTION('',(1.,-0.,-0.));
#3287 = ORIENTED_EDGE('',*,*,#3288,.F.);
#3288 = EDGE_CURVE('',#3289,#3281,#3291,.T.);
#3289 = VERTEX_POINT('',#3290);
#3290 = CARTESIAN_POINT('',(0.65,2.05,-9.85));
#3291 = LINE('',#3292,#3293);
#3292 = CARTESIAN_POINT('',(0.65,2.05,-9.85));
#3293 = VECTOR('',#3294,1.);
#3294 = DIRECTION('',(1.668003342285E-16,-0.,1.));
#3295 = ORIENTED_EDGE('',*,*,#3296,.F.);
#3296 = EDGE_CURVE('',#3297,#3289,#3299,.T.);
#3297 = VERTEX_POINT('',#3298);
#3298 = CARTESIAN_POINT('',(0.5,2.05,-9.85));
#3299 = LINE('',#3300,#3301);
#3300 = CARTESIAN_POINT('',(0.65,2.05,-9.85));
#3301 = VECTOR('',#3302,1.);
#3302 = DIRECTION('',(1.,-0.,-0.));
#3303 = ORIENTED_EDGE('',*,*,#3304,.T.);
#3304 = EDGE_CURVE('',#3297,#3279,#3305,.T.);
#3305 = LINE('',#3306,#3307);
#3306 = CARTESIAN_POINT('',(0.5,2.05,-9.85));
#3307 = VECTOR('',#3308,1.);
#3308 = DIRECTION('',(1.668003342285E-16,-0.,1.));
#3309 = PLANE('',#3310);
#3310 = AXIS2_PLACEMENT_3D('',#3311,#3312,#3313);
#3311 = CARTESIAN_POINT('',(0.65,2.05,-9.85));
#3312 = DIRECTION('',(0.,-1.,0.));
#3313 = DIRECTION('',(0.,-0.,-1.));
#3314 = ADVANCED_FACE('',(#3315),#3342,.T.);
#3315 = FACE_BOUND('',#3316,.T.);
#3316 = EDGE_LOOP('',(#3317,#3326,#3334,#3341));
#3317 = ORIENTED_EDGE('',*,*,#3318,.T.);
#3318 = EDGE_CURVE('',#3281,#3319,#3321,.T.);
#3319 = VERTEX_POINT('',#3320);
#3320 = CARTESIAN_POINT('',(0.85,1.85,-9.35));
#3321 = CIRCLE('',#3322,0.2);
#3322 = AXIS2_PLACEMENT_3D('',#3323,#3324,#3325);
#3323 = CARTESIAN_POINT('',(0.65,1.85,-9.35));
#3324 = DIRECTION('',(-1.668003342285E-16,0.,-1.));
#3325 = DIRECTION('',(1.,0.,-1.668003342285E-16));
#3326 = ORIENTED_EDGE('',*,*,#3327,.F.);
#3327 = EDGE_CURVE('',#3328,#3319,#3330,.T.);
#3328 = VERTEX_POINT('',#3329);
#3329 = CARTESIAN_POINT('',(0.85,1.85,-9.85));
#3330 = LINE('',#3331,#3332);
#3331 = CARTESIAN_POINT('',(0.85,1.85,-9.85));
#3332 = VECTOR('',#3333,1.);
#3333 = DIRECTION('',(1.668003342285E-16,-0.,1.));
#3334 = ORIENTED_EDGE('',*,*,#3335,.F.);
#3335 = EDGE_CURVE('',#3289,#3328,#3336,.T.);
#3336 = CIRCLE('',#3337,0.2);
#3337 = AXIS2_PLACEMENT_3D('',#3338,#3339,#3340);
#3338 = CARTESIAN_POINT('',(0.65,1.85,-9.85));
#3339 = DIRECTION('',(-1.668003342285E-16,0.,-1.));
#3340 = DIRECTION('',(1.,0.,-1.668003342285E-16));
#3341 = ORIENTED_EDGE('',*,*,#3288,.T.);
#3342 = CYLINDRICAL_SURFACE('',#3343,0.2);
#3343 = AXIS2_PLACEMENT_3D('',#3344,#3345,#3346);
#3344 = CARTESIAN_POINT('',(0.65,1.85,-9.85));
#3345 = DIRECTION('',(1.668003342285E-16,-0.,1.));
#3346 = DIRECTION('',(1.,0.,-1.668003342285E-16));
#3347 = ADVANCED_FACE('',(#3348),#3373,.F.);
#3348 = FACE_BOUND('',#3349,.T.);
#3349 = EDGE_LOOP('',(#3350,#3358,#3366,#3372));
#3350 = ORIENTED_EDGE('',*,*,#3351,.T.);
#3351 = EDGE_CURVE('',#3319,#3352,#3354,.T.);
#3352 = VERTEX_POINT('',#3353);
#3353 = CARTESIAN_POINT('',(0.85,1.4,-9.35));
#3354 = LINE('',#3355,#3356);
#3355 = CARTESIAN_POINT('',(0.85,1.4,-9.35));
#3356 = VECTOR('',#3357,1.);
#3357 = DIRECTION('',(-0.,-1.,-0.));
#3358 = ORIENTED_EDGE('',*,*,#3359,.F.);
#3359 = EDGE_CURVE('',#3360,#3352,#3362,.T.);
#3360 = VERTEX_POINT('',#3361);
#3361 = CARTESIAN_POINT('',(0.85,1.4,-9.85));
#3362 = LINE('',#3363,#3364);
#3363 = CARTESIAN_POINT('',(0.85,1.4,-9.85));
#3364 = VECTOR('',#3365,1.);
#3365 = DIRECTION('',(1.668003342285E-16,-0.,1.));
#3366 = ORIENTED_EDGE('',*,*,#3367,.F.);
#3367 = EDGE_CURVE('',#3328,#3360,#3368,.T.);
#3368 = LINE('',#3369,#3370);
#3369 = CARTESIAN_POINT('',(0.85,1.4,-9.85));
#3370 = VECTOR('',#3371,1.);
#3371 = DIRECTION('',(-0.,-1.,-0.));
#3372 = ORIENTED_EDGE('',*,*,#3327,.T.);
#3373 = PLANE('',#3374);
#3374 = AXIS2_PLACEMENT_3D('',#3375,#3376,#3377);
#3375 = CARTESIAN_POINT('',(0.85,1.4,-9.85));
#3376 = DIRECTION('',(-1.,0.,1.668003342285E-16));
#3377 = DIRECTION('',(1.668003342285E-16,0.,1.));
#3378 = ADVANCED_FACE('',(#3379),#3406,.F.);
#3379 = FACE_BOUND('',#3380,.F.);
#3380 = EDGE_LOOP('',(#3381,#3382,#3391,#3399));
#3381 = ORIENTED_EDGE('',*,*,#3359,.F.);
#3382 = ORIENTED_EDGE('',*,*,#3383,.T.);
#3383 = EDGE_CURVE('',#3360,#3384,#3386,.T.);
#3384 = VERTEX_POINT('',#3385);
#3385 = CARTESIAN_POINT('',(0.9,1.35,-9.85));
#3386 = CIRCLE('',#3387,5.E-02);
#3387 = AXIS2_PLACEMENT_3D('',#3388,#3389,#3390);
#3388 = CARTESIAN_POINT('',(0.9,1.4,-9.85));
#3389 = DIRECTION('',(1.668003342285E-16,0.,1.));
#3390 = DIRECTION('',(-1.,0.,1.668003342285E-16));
#3391 = ORIENTED_EDGE('',*,*,#3392,.T.);
#3392 = EDGE_CURVE('',#3384,#3393,#3395,.T.);
#3393 = VERTEX_POINT('',#3394);
#3394 = CARTESIAN_POINT('',(0.9,1.35,-9.35));
#3395 = LINE('',#3396,#3397);
#3396 = CARTESIAN_POINT('',(0.9,1.35,-9.85));
#3397 = VECTOR('',#3398,1.);
#3398 = DIRECTION('',(1.668003342285E-16,-0.,1.));
#3399 = ORIENTED_EDGE('',*,*,#3400,.F.);
#3400 = EDGE_CURVE('',#3352,#3393,#3401,.T.);
#3401 = CIRCLE('',#3402,5.E-02);
#3402 = AXIS2_PLACEMENT_3D('',#3403,#3404,#3405);
#3403 = CARTESIAN_POINT('',(0.9,1.4,-9.35));
#3404 = DIRECTION('',(1.668003342285E-16,0.,1.));
#3405 = DIRECTION('',(-1.,0.,1.668003342285E-16));
#3406 = CYLINDRICAL_SURFACE('',#3407,5.E-02);
#3407 = AXIS2_PLACEMENT_3D('',#3408,#3409,#3410);
#3408 = CARTESIAN_POINT('',(0.9,1.4,-9.85));
#3409 = DIRECTION('',(1.668003342285E-16,-0.,1.));
#3410 = DIRECTION('',(1.,0.,-1.668003342285E-16));
#3411 = ADVANCED_FACE('',(#3412),#3437,.F.);
#3412 = FACE_BOUND('',#3413,.T.);
#3413 = EDGE_LOOP('',(#3414,#3422,#3430,#3436));
#3414 = ORIENTED_EDGE('',*,*,#3415,.T.);
#3415 = EDGE_CURVE('',#3393,#3416,#3418,.T.);
#3416 = VERTEX_POINT('',#3417);
#3417 = CARTESIAN_POINT('',(1.1,1.35,-9.35));
#3418 = LINE('',#3419,#3420);
#3419 = CARTESIAN_POINT('',(1.1,1.35,-9.35));
#3420 = VECTOR('',#3421,1.);
#3421 = DIRECTION('',(1.,-0.,-0.));
#3422 = ORIENTED_EDGE('',*,*,#3423,.F.);
#3423 = EDGE_CURVE('',#3424,#3416,#3426,.T.);
#3424 = VERTEX_POINT('',#3425);
#3425 = CARTESIAN_POINT('',(1.1,1.35,-9.85));
#3426 = LINE('',#3427,#3428);
#3427 = CARTESIAN_POINT('',(1.1,1.35,-9.85));
#3428 = VECTOR('',#3429,1.);
#3429 = DIRECTION('',(1.668003342285E-16,-0.,1.));
#3430 = ORIENTED_EDGE('',*,*,#3431,.F.);
#3431 = EDGE_CURVE('',#3384,#3424,#3432,.T.);
#3432 = LINE('',#3433,#3434);
#3433 = CARTESIAN_POINT('',(1.1,1.35,-9.85));
#3434 = VECTOR('',#3435,1.);
#3435 = DIRECTION('',(1.,-0.,-0.));
#3436 = ORIENTED_EDGE('',*,*,#3392,.T.);
#3437 = PLANE('',#3438);
#3438 = AXIS2_PLACEMENT_3D('',#3439,#3440,#3441);
#3439 = CARTESIAN_POINT('',(1.1,1.35,-9.85));
#3440 = DIRECTION('',(0.,-1.,0.));
#3441 = DIRECTION('',(0.,-0.,-1.));
#3442 = ADVANCED_FACE('',(#3443),#3468,.F.);
#3443 = FACE_BOUND('',#3444,.T.);
#3444 = EDGE_LOOP('',(#3445,#3453,#3461,#3467));
#3445 = ORIENTED_EDGE('',*,*,#3446,.T.);
#3446 = EDGE_CURVE('',#3416,#3447,#3449,.T.);
#3447 = VERTEX_POINT('',#3448);
#3448 = CARTESIAN_POINT('',(1.1,1.2,-9.35));
#3449 = LINE('',#3450,#3451);
#3450 = CARTESIAN_POINT('',(1.1,1.2,-9.35));
#3451 = VECTOR('',#3452,1.);
#3452 = DIRECTION('',(-0.,-1.,-0.));
#3453 = ORIENTED_EDGE('',*,*,#3454,.F.);
#3454 = EDGE_CURVE('',#3455,#3447,#3457,.T.);
#3455 = VERTEX_POINT('',#3456);
#3456 = CARTESIAN_POINT('',(1.1,1.2,-9.85));
#3457 = LINE('',#3458,#3459);
#3458 = CARTESIAN_POINT('',(1.1,1.2,-9.85));
#3459 = VECTOR('',#3460,1.);
#3460 = DIRECTION('',(1.668003342285E-16,-0.,1.));
#3461 = ORIENTED_EDGE('',*,*,#3462,.F.);
#3462 = EDGE_CURVE('',#3424,#3455,#3463,.T.);
#3463 = LINE('',#3464,#3465);
#3464 = CARTESIAN_POINT('',(1.1,1.2,-9.85));
#3465 = VECTOR('',#3466,1.);
#3466 = DIRECTION('',(-0.,-1.,-0.));
#3467 = ORIENTED_EDGE('',*,*,#3423,.T.);
#3468 = PLANE('',#3469);
#3469 = AXIS2_PLACEMENT_3D('',#3470,#3471,#3472);
#3470 = CARTESIAN_POINT('',(1.1,1.2,-9.85));
#3471 = DIRECTION('',(-1.,0.,1.668003342285E-16));
#3472 = DIRECTION('',(1.668003342285E-16,0.,1.));
#3473 = ADVANCED_FACE('',(#3474),#3499,.F.);
#3474 = FACE_BOUND('',#3475,.T.);
#3475 = EDGE_LOOP('',(#3476,#3484,#3492,#3498));
#3476 = ORIENTED_EDGE('',*,*,#3477,.T.);
#3477 = EDGE_CURVE('',#3447,#3478,#3480,.T.);
#3478 = VERTEX_POINT('',#3479);
#3479 = CARTESIAN_POINT('',(0.9,1.2,-9.35));
#3480 = LINE('',#3481,#3482);
#3481 = CARTESIAN_POINT('',(0.9,1.2,-9.35));
#3482 = VECTOR('',#3483,1.);
#3483 = DIRECTION('',(-1.,-0.,-0.));
#3484 = ORIENTED_EDGE('',*,*,#3485,.F.);
#3485 = EDGE_CURVE('',#3486,#3478,#3488,.T.);
#3486 = VERTEX_POINT('',#3487);
#3487 = CARTESIAN_POINT('',(0.9,1.2,-9.85));
#3488 = LINE('',#3489,#3490);
#3489 = CARTESIAN_POINT('',(0.9,1.2,-9.85));
#3490 = VECTOR('',#3491,1.);
#3491 = DIRECTION('',(1.668003342285E-16,-0.,1.));
#3492 = ORIENTED_EDGE('',*,*,#3493,.F.);
#3493 = EDGE_CURVE('',#3455,#3486,#3494,.T.);
#3494 = LINE('',#3495,#3496);
#3495 = CARTESIAN_POINT('',(0.9,1.2,-9.85));
#3496 = VECTOR('',#3497,1.);
#3497 = DIRECTION('',(-1.,-0.,-0.));
#3498 = ORIENTED_EDGE('',*,*,#3454,.T.);
#3499 = PLANE('',#3500);
#3500 = AXIS2_PLACEMENT_3D('',#3501,#3502,#3503);
#3501 = CARTESIAN_POINT('',(0.9,1.2,-9.85));
#3502 = DIRECTION('',(-0.,1.,0.));
#3503 = DIRECTION('',(0.,0.,1.));
#3504 = ADVANCED_FACE('',(#3505),#3532,.T.);
#3505 = FACE_BOUND('',#3506,.T.);
#3506 = EDGE_LOOP('',(#3507,#3516,#3524,#3531));
#3507 = ORIENTED_EDGE('',*,*,#3508,.T.);
#3508 = EDGE_CURVE('',#3478,#3509,#3511,.T.);
#3509 = VERTEX_POINT('',#3510);
#3510 = CARTESIAN_POINT('',(0.7,1.4,-9.35));
#3511 = CIRCLE('',#3512,0.2);
#3512 = AXIS2_PLACEMENT_3D('',#3513,#3514,#3515);
#3513 = CARTESIAN_POINT('',(0.9,1.4,-9.35));
#3514 = DIRECTION('',(-1.668003342285E-16,0.,-1.));
#3515 = DIRECTION('',(1.,0.,-1.668003342285E-16));
#3516 = ORIENTED_EDGE('',*,*,#3517,.F.);
#3517 = EDGE_CURVE('',#3518,#3509,#3520,.T.);
#3518 = VERTEX_POINT('',#3519);
#3519 = CARTESIAN_POINT('',(0.7,1.4,-9.85));
#3520 = LINE('',#3521,#3522);
#3521 = CARTESIAN_POINT('',(0.7,1.4,-9.85));
#3522 = VECTOR('',#3523,1.);
#3523 = DIRECTION('',(1.668003342285E-16,-0.,1.));
#3524 = ORIENTED_EDGE('',*,*,#3525,.F.);
#3525 = EDGE_CURVE('',#3486,#3518,#3526,.T.);
#3526 = CIRCLE('',#3527,0.2);
#3527 = AXIS2_PLACEMENT_3D('',#3528,#3529,#3530);
#3528 = CARTESIAN_POINT('',(0.9,1.4,-9.85));
#3529 = DIRECTION('',(-1.668003342285E-16,0.,-1.));
#3530 = DIRECTION('',(1.,0.,-1.668003342285E-16));
#3531 = ORIENTED_EDGE('',*,*,#3485,.T.);
#3532 = CYLINDRICAL_SURFACE('',#3533,0.2);
#3533 = AXIS2_PLACEMENT_3D('',#3534,#3535,#3536);
#3534 = CARTESIAN_POINT('',(0.9,1.4,-9.85));
#3535 = DIRECTION('',(1.668003342285E-16,-0.,1.));
#3536 = DIRECTION('',(1.,0.,-1.668003342285E-16));
#3537 = ADVANCED_FACE('',(#3538),#3563,.F.);
#3538 = FACE_BOUND('',#3539,.T.);
#3539 = EDGE_LOOP('',(#3540,#3548,#3556,#3562));
#3540 = ORIENTED_EDGE('',*,*,#3541,.T.);
#3541 = EDGE_CURVE('',#3509,#3542,#3544,.T.);
#3542 = VERTEX_POINT('',#3543);
#3543 = CARTESIAN_POINT('',(0.7,1.85,-9.35));
#3544 = LINE('',#3545,#3546);
#3545 = CARTESIAN_POINT('',(0.7,1.85,-9.35));
#3546 = VECTOR('',#3547,1.);
#3547 = DIRECTION('',(-0.,1.,-0.));
#3548 = ORIENTED_EDGE('',*,*,#3549,.F.);
#3549 = EDGE_CURVE('',#3550,#3542,#3552,.T.);
#3550 = VERTEX_POINT('',#3551);
#3551 = CARTESIAN_POINT('',(0.7,1.85,-9.85));
#3552 = LINE('',#3553,#3554);
#3553 = CARTESIAN_POINT('',(0.7,1.85,-9.85));
#3554 = VECTOR('',#3555,1.);
#3555 = DIRECTION('',(1.668003342285E-16,-0.,1.));
#3556 = ORIENTED_EDGE('',*,*,#3557,.F.);
#3557 = EDGE_CURVE('',#3518,#3550,#3558,.T.);
#3558 = LINE('',#3559,#3560);
#3559 = CARTESIAN_POINT('',(0.7,1.85,-9.85));
#3560 = VECTOR('',#3561,1.);
#3561 = DIRECTION('',(-0.,1.,-0.));
#3562 = ORIENTED_EDGE('',*,*,#3517,.T.);
#3563 = PLANE('',#3564);
#3564 = AXIS2_PLACEMENT_3D('',#3565,#3566,#3567);
#3565 = CARTESIAN_POINT('',(0.7,1.85,-9.85));
#3566 = DIRECTION('',(1.,0.,-1.668003342285E-16));
#3567 = DIRECTION('',(-1.668003342285E-16,0.,-1.));
#3568 = ADVANCED_FACE('',(#3569),#3596,.F.);
#3569 = FACE_BOUND('',#3570,.F.);
#3570 = EDGE_LOOP('',(#3571,#3572,#3581,#3589));
#3571 = ORIENTED_EDGE('',*,*,#3549,.F.);
#3572 = ORIENTED_EDGE('',*,*,#3573,.T.);
#3573 = EDGE_CURVE('',#3550,#3574,#3576,.T.);
#3574 = VERTEX_POINT('',#3575);
#3575 = CARTESIAN_POINT('',(0.65,1.9,-9.85));
#3576 = CIRCLE('',#3577,5.E-02);
#3577 = AXIS2_PLACEMENT_3D('',#3578,#3579,#3580);
#3578 = CARTESIAN_POINT('',(0.65,1.85,-9.85));
#3579 = DIRECTION('',(1.668003342285E-16,0.,1.));
#3580 = DIRECTION('',(-1.,0.,1.668003342285E-16));
#3581 = ORIENTED_EDGE('',*,*,#3582,.T.);
#3582 = EDGE_CURVE('',#3574,#3583,#3585,.T.);
#3583 = VERTEX_POINT('',#3584);
#3584 = CARTESIAN_POINT('',(0.65,1.9,-9.35));
#3585 = LINE('',#3586,#3587);
#3586 = CARTESIAN_POINT('',(0.65,1.9,-9.85));
#3587 = VECTOR('',#3588,1.);
#3588 = DIRECTION('',(1.668003342285E-16,-0.,1.));
#3589 = ORIENTED_EDGE('',*,*,#3590,.F.);
#3590 = EDGE_CURVE('',#3542,#3583,#3591,.T.);
#3591 = CIRCLE('',#3592,5.E-02);
#3592 = AXIS2_PLACEMENT_3D('',#3593,#3594,#3595);
#3593 = CARTESIAN_POINT('',(0.65,1.85,-9.35));
#3594 = DIRECTION('',(1.668003342285E-16,0.,1.));
#3595 = DIRECTION('',(-1.,0.,1.668003342285E-16));
#3596 = CYLINDRICAL_SURFACE('',#3597,5.E-02);
#3597 = AXIS2_PLACEMENT_3D('',#3598,#3599,#3600);
#3598 = CARTESIAN_POINT('',(0.65,1.85,-9.85));
#3599 = DIRECTION('',(1.668003342285E-16,-0.,1.));
#3600 = DIRECTION('',(1.,0.,-1.668003342285E-16));
#3601 = ADVANCED_FACE('',(#3602),#3627,.F.);
#3602 = FACE_BOUND('',#3603,.T.);
#3603 = EDGE_LOOP('',(#3604,#3612,#3620,#3626));
#3604 = ORIENTED_EDGE('',*,*,#3605,.T.);
#3605 = EDGE_CURVE('',#3583,#3606,#3608,.T.);
#3606 = VERTEX_POINT('',#3607);
#3607 = CARTESIAN_POINT('',(0.5,1.9,-9.35));
#3608 = LINE('',#3609,#3610);
#3609 = CARTESIAN_POINT('',(0.5,1.9,-9.35));
#3610 = VECTOR('',#3611,1.);
#3611 = DIRECTION('',(-1.,-0.,-0.));
#3612 = ORIENTED_EDGE('',*,*,#3613,.F.);
#3613 = EDGE_CURVE('',#3614,#3606,#3616,.T.);
#3614 = VERTEX_POINT('',#3615);
#3615 = CARTESIAN_POINT('',(0.5,1.9,-9.85));
#3616 = LINE('',#3617,#3618);
#3617 = CARTESIAN_POINT('',(0.5,1.9,-9.85));
#3618 = VECTOR('',#3619,1.);
#3619 = DIRECTION('',(1.668003342285E-16,-0.,1.));
#3620 = ORIENTED_EDGE('',*,*,#3621,.F.);
#3621 = EDGE_CURVE('',#3574,#3614,#3622,.T.);
#3622 = LINE('',#3623,#3624);
#3623 = CARTESIAN_POINT('',(0.5,1.9,-9.85));
#3624 = VECTOR('',#3625,1.);
#3625 = DIRECTION('',(-1.,-0.,-0.));
#3626 = ORIENTED_EDGE('',*,*,#3582,.T.);
#3627 = PLANE('',#3628);
#3628 = AXIS2_PLACEMENT_3D('',#3629,#3630,#3631);
#3629 = CARTESIAN_POINT('',(0.5,1.9,-9.85));
#3630 = DIRECTION('',(-0.,1.,0.));
#3631 = DIRECTION('',(0.,0.,1.));
#3632 = ADVANCED_FACE('',(#3633),#3649,.F.);
#3633 = FACE_BOUND('',#3634,.T.);
#3634 = EDGE_LOOP('',(#3635,#3641,#3642,#3648));
#3635 = ORIENTED_EDGE('',*,*,#3636,.T.);
#3636 = EDGE_CURVE('',#3606,#3279,#3637,.T.);
#3637 = LINE('',#3638,#3639);
#3638 = CARTESIAN_POINT('',(0.5,2.05,-9.35));
#3639 = VECTOR('',#3640,1.);
#3640 = DIRECTION('',(-0.,1.,-0.));
#3641 = ORIENTED_EDGE('',*,*,#3304,.F.);
#3642 = ORIENTED_EDGE('',*,*,#3643,.F.);
#3643 = EDGE_CURVE('',#3614,#3297,#3644,.T.);
#3644 = LINE('',#3645,#3646);
#3645 = CARTESIAN_POINT('',(0.5,2.05,-9.85));
#3646 = VECTOR('',#3647,1.);
#3647 = DIRECTION('',(-0.,1.,-0.));
#3648 = ORIENTED_EDGE('',*,*,#3613,.T.);
#3649 = PLANE('',#3650);
#3650 = AXIS2_PLACEMENT_3D('',#3651,#3652,#3653);
#3651 = CARTESIAN_POINT('',(0.5,2.05,-9.85));
#3652 = DIRECTION('',(1.,0.,-1.668003342285E-16));
#3653 = DIRECTION('',(-1.668003342285E-16,0.,-1.));
#3654 = ADVANCED_FACE('',(#3655),#3669,.T.);
#3655 = FACE_BOUND('',#3656,.T.);
#3656 = EDGE_LOOP('',(#3657,#3658,#3659,#3660,#3661,#3662,#3663,#3664,
    #3665,#3666,#3667,#3668));
#3657 = ORIENTED_EDGE('',*,*,#3296,.T.);
#3658 = ORIENTED_EDGE('',*,*,#3335,.T.);
#3659 = ORIENTED_EDGE('',*,*,#3367,.T.);
#3660 = ORIENTED_EDGE('',*,*,#3383,.T.);
#3661 = ORIENTED_EDGE('',*,*,#3431,.T.);
#3662 = ORIENTED_EDGE('',*,*,#3462,.T.);
#3663 = ORIENTED_EDGE('',*,*,#3493,.T.);
#3664 = ORIENTED_EDGE('',*,*,#3525,.T.);
#3665 = ORIENTED_EDGE('',*,*,#3557,.T.);
#3666 = ORIENTED_EDGE('',*,*,#3573,.T.);
#3667 = ORIENTED_EDGE('',*,*,#3621,.T.);
#3668 = ORIENTED_EDGE('',*,*,#3643,.T.);
#3669 = PLANE('',#3670);
#3670 = AXIS2_PLACEMENT_3D('',#3671,#3672,#3673);
#3671 = CARTESIAN_POINT('',(0.65,1.85,-9.85));
#3672 = DIRECTION('',(-1.668003342285E-16,0.,-1.));
#3673 = DIRECTION('',(-1.,0.,1.668003342285E-16));
#3674 = ADVANCED_FACE('',(#3675),#3689,.F.);
#3675 = FACE_BOUND('',#3676,.T.);
#3676 = EDGE_LOOP('',(#3677,#3678,#3679,#3680,#3681,#3682,#3683,#3684,
    #3685,#3686,#3687,#3688));
#3677 = ORIENTED_EDGE('',*,*,#3278,.F.);
#3678 = ORIENTED_EDGE('',*,*,#3636,.F.);
#3679 = ORIENTED_EDGE('',*,*,#3605,.F.);
#3680 = ORIENTED_EDGE('',*,*,#3590,.F.);
#3681 = ORIENTED_EDGE('',*,*,#3541,.F.);
#3682 = ORIENTED_EDGE('',*,*,#3508,.F.);
#3683 = ORIENTED_EDGE('',*,*,#3477,.F.);
#3684 = ORIENTED_EDGE('',*,*,#3446,.F.);
#3685 = ORIENTED_EDGE('',*,*,#3415,.F.);
#3686 = ORIENTED_EDGE('',*,*,#3400,.F.);
#3687 = ORIENTED_EDGE('',*,*,#3351,.F.);
#3688 = ORIENTED_EDGE('',*,*,#3318,.F.);
#3689 = PLANE('',#3690);
#3690 = AXIS2_PLACEMENT_3D('',#3691,#3692,#3693);
#3691 = CARTESIAN_POINT('',(0.65,1.85,-9.35));
#3692 = DIRECTION('',(-1.668003342285E-16,0.,-1.));
#3693 = DIRECTION('',(-1.,0.,1.668003342285E-16));
#3694 = MANIFOLD_SOLID_BREP('',#3695);
#3695 = CLOSED_SHELL('',(#3696,#3738,#3769,#3800,#3831,#3864,#3895,#3928
    ,#3959,#3990,#4021,#4054,#4076,#4096));
#3696 = ADVANCED_FACE('',(#3697),#3733,.T.);
#3697 = FACE_BOUND('',#3698,.T.);
#3698 = EDGE_LOOP('',(#3699,#3710,#3718,#3727));
#3699 = ORIENTED_EDGE('',*,*,#3700,.T.);
#3700 = EDGE_CURVE('',#3701,#3703,#3705,.T.);
#3701 = VERTEX_POINT('',#3702);
#3702 = CARTESIAN_POINT('',(-1.35,1.85,-9.35));
#3703 = VERTEX_POINT('',#3704);
#3704 = CARTESIAN_POINT('',(-1.15,2.05,-9.35));
#3705 = CIRCLE('',#3706,0.2);
#3706 = AXIS2_PLACEMENT_3D('',#3707,#3708,#3709);
#3707 = CARTESIAN_POINT('',(-1.15,1.85,-9.35));
#3708 = DIRECTION('',(-1.668003342285E-16,0.,-1.));
#3709 = DIRECTION('',(-1.,0.,1.668003342285E-16));
#3710 = ORIENTED_EDGE('',*,*,#3711,.F.);
#3711 = EDGE_CURVE('',#3712,#3703,#3714,.T.);
#3712 = VERTEX_POINT('',#3713);
#3713 = CARTESIAN_POINT('',(-1.15,2.05,-9.85));
#3714 = LINE('',#3715,#3716);
#3715 = CARTESIAN_POINT('',(-1.15,2.05,-9.85));
#3716 = VECTOR('',#3717,1.);
#3717 = DIRECTION('',(1.668003342285E-16,-0.,1.));
#3718 = ORIENTED_EDGE('',*,*,#3719,.F.);
#3719 = EDGE_CURVE('',#3720,#3712,#3722,.T.);
#3720 = VERTEX_POINT('',#3721);
#3721 = CARTESIAN_POINT('',(-1.35,1.85,-9.85));
#3722 = CIRCLE('',#3723,0.2);
#3723 = AXIS2_PLACEMENT_3D('',#3724,#3725,#3726);
#3724 = CARTESIAN_POINT('',(-1.15,1.85,-9.85));
#3725 = DIRECTION('',(-1.668003342285E-16,0.,-1.));
#3726 = DIRECTION('',(-1.,0.,1.668003342285E-16));
#3727 = ORIENTED_EDGE('',*,*,#3728,.T.);
#3728 = EDGE_CURVE('',#3720,#3701,#3729,.T.);
#3729 = LINE('',#3730,#3731);
#3730 = CARTESIAN_POINT('',(-1.35,1.85,-9.85));
#3731 = VECTOR('',#3732,1.);
#3732 = DIRECTION('',(1.668003342285E-16,-0.,1.));
#3733 = CYLINDRICAL_SURFACE('',#3734,0.2);
#3734 = AXIS2_PLACEMENT_3D('',#3735,#3736,#3737);
#3735 = CARTESIAN_POINT('',(-1.15,1.85,-9.85));
#3736 = DIRECTION('',(1.668003342285E-16,-0.,1.));
#3737 = DIRECTION('',(1.,0.,-1.668003342285E-16));
#3738 = ADVANCED_FACE('',(#3739),#3764,.F.);
#3739 = FACE_BOUND('',#3740,.T.);
#3740 = EDGE_LOOP('',(#3741,#3749,#3757,#3763));
#3741 = ORIENTED_EDGE('',*,*,#3742,.T.);
#3742 = EDGE_CURVE('',#3703,#3743,#3745,.T.);
#3743 = VERTEX_POINT('',#3744);
#3744 = CARTESIAN_POINT('',(-1.,2.05,-9.35));
#3745 = LINE('',#3746,#3747);
#3746 = CARTESIAN_POINT('',(-1.15,2.05,-9.35));
#3747 = VECTOR('',#3748,1.);
#3748 = DIRECTION('',(1.,-2.891205793294E-15,0.));
#3749 = ORIENTED_EDGE('',*,*,#3750,.F.);
#3750 = EDGE_CURVE('',#3751,#3743,#3753,.T.);
#3751 = VERTEX_POINT('',#3752);
#3752 = CARTESIAN_POINT('',(-1.,2.05,-9.85));
#3753 = LINE('',#3754,#3755);
#3754 = CARTESIAN_POINT('',(-1.,2.05,-9.85));
#3755 = VECTOR('',#3756,1.);
#3756 = DIRECTION('',(1.668003342285E-16,-0.,1.));
#3757 = ORIENTED_EDGE('',*,*,#3758,.F.);
#3758 = EDGE_CURVE('',#3712,#3751,#3759,.T.);
#3759 = LINE('',#3760,#3761);
#3760 = CARTESIAN_POINT('',(-1.15,2.05,-9.85));
#3761 = VECTOR('',#3762,1.);
#3762 = DIRECTION('',(1.,-2.891205793294E-15,0.));
#3763 = ORIENTED_EDGE('',*,*,#3711,.T.);
#3764 = PLANE('',#3765);
#3765 = AXIS2_PLACEMENT_3D('',#3766,#3767,#3768);
#3766 = CARTESIAN_POINT('',(-1.15,2.05,-9.85));
#3767 = DIRECTION('',(-2.891205793294E-15,-1.,4.82254092645E-31));
#3768 = DIRECTION('',(1.,-2.891205793294E-15,0.));
#3769 = ADVANCED_FACE('',(#3770),#3795,.F.);
#3770 = FACE_BOUND('',#3771,.T.);
#3771 = EDGE_LOOP('',(#3772,#3780,#3788,#3794));
#3772 = ORIENTED_EDGE('',*,*,#3773,.T.);
#3773 = EDGE_CURVE('',#3743,#3774,#3776,.T.);
#3774 = VERTEX_POINT('',#3775);
#3775 = CARTESIAN_POINT('',(-1.,1.9,-9.35));
#3776 = LINE('',#3777,#3778);
#3777 = CARTESIAN_POINT('',(-1.,2.05,-9.35));
#3778 = VECTOR('',#3779,1.);
#3779 = DIRECTION('',(-1.445602896648E-15,-1.,0.));
#3780 = ORIENTED_EDGE('',*,*,#3781,.F.);
#3781 = EDGE_CURVE('',#3782,#3774,#3784,.T.);
#3782 = VERTEX_POINT('',#3783);
#3783 = CARTESIAN_POINT('',(-1.,1.9,-9.85));
#3784 = LINE('',#3785,#3786);
#3785 = CARTESIAN_POINT('',(-1.,1.9,-9.85));
#3786 = VECTOR('',#3787,1.);
#3787 = DIRECTION('',(1.668003342285E-16,-0.,1.));
#3788 = ORIENTED_EDGE('',*,*,#3789,.F.);
#3789 = EDGE_CURVE('',#3751,#3782,#3790,.T.);
#3790 = LINE('',#3791,#3792);
#3791 = CARTESIAN_POINT('',(-1.,2.05,-9.85));
#3792 = VECTOR('',#3793,1.);
#3793 = DIRECTION('',(-1.445602896648E-15,-1.,0.));
#3794 = ORIENTED_EDGE('',*,*,#3750,.T.);
#3795 = PLANE('',#3796);
#3796 = AXIS2_PLACEMENT_3D('',#3797,#3798,#3799);
#3797 = CARTESIAN_POINT('',(-1.,2.05,-9.85));
#3798 = DIRECTION('',(-1.,1.445602896648E-15,1.668003342285E-16));
#3799 = DIRECTION('',(-1.445602896648E-15,-1.,0.));
#3800 = ADVANCED_FACE('',(#3801),#3826,.F.);
#3801 = FACE_BOUND('',#3802,.T.);
#3802 = EDGE_LOOP('',(#3803,#3811,#3819,#3825));
#3803 = ORIENTED_EDGE('',*,*,#3804,.T.);
#3804 = EDGE_CURVE('',#3774,#3805,#3807,.T.);
#3805 = VERTEX_POINT('',#3806);
#3806 = CARTESIAN_POINT('',(-1.15,1.9,-9.35));
#3807 = LINE('',#3808,#3809);
#3808 = CARTESIAN_POINT('',(-1.,1.9,-9.35));
#3809 = VECTOR('',#3810,1.);
#3810 = DIRECTION('',(-1.,0.,0.));
#3811 = ORIENTED_EDGE('',*,*,#3812,.F.);
#3812 = EDGE_CURVE('',#3813,#3805,#3815,.T.);
#3813 = VERTEX_POINT('',#3814);
#3814 = CARTESIAN_POINT('',(-1.15,1.9,-9.85));
#3815 = LINE('',#3816,#3817);
#3816 = CARTESIAN_POINT('',(-1.15,1.9,-9.85));
#3817 = VECTOR('',#3818,1.);
#3818 = DIRECTION('',(1.668003342285E-16,-0.,1.));
#3819 = ORIENTED_EDGE('',*,*,#3820,.F.);
#3820 = EDGE_CURVE('',#3782,#3813,#3821,.T.);
#3821 = LINE('',#3822,#3823);
#3822 = CARTESIAN_POINT('',(-1.,1.9,-9.85));
#3823 = VECTOR('',#3824,1.);
#3824 = DIRECTION('',(-1.,0.,0.));
#3825 = ORIENTED_EDGE('',*,*,#3781,.T.);
#3826 = PLANE('',#3827);
#3827 = AXIS2_PLACEMENT_3D('',#3828,#3829,#3830);
#3828 = CARTESIAN_POINT('',(-1.,1.9,-9.85));
#3829 = DIRECTION('',(0.,1.,0.));
#3830 = DIRECTION('',(0.,-0.,1.));
#3831 = ADVANCED_FACE('',(#3832),#3859,.F.);
#3832 = FACE_BOUND('',#3833,.F.);
#3833 = EDGE_LOOP('',(#3834,#3835,#3844,#3852));
#3834 = ORIENTED_EDGE('',*,*,#3812,.F.);
#3835 = ORIENTED_EDGE('',*,*,#3836,.T.);
#3836 = EDGE_CURVE('',#3813,#3837,#3839,.T.);
#3837 = VERTEX_POINT('',#3838);
#3838 = CARTESIAN_POINT('',(-1.2,1.85,-9.85));
#3839 = CIRCLE('',#3840,5.E-02);
#3840 = AXIS2_PLACEMENT_3D('',#3841,#3842,#3843);
#3841 = CARTESIAN_POINT('',(-1.15,1.85,-9.85));
#3842 = DIRECTION('',(1.668003342285E-16,-0.,1.));
#3843 = DIRECTION('',(1.,0.,-1.668003342285E-16));
#3844 = ORIENTED_EDGE('',*,*,#3845,.T.);
#3845 = EDGE_CURVE('',#3837,#3846,#3848,.T.);
#3846 = VERTEX_POINT('',#3847);
#3847 = CARTESIAN_POINT('',(-1.2,1.85,-9.35));
#3848 = LINE('',#3849,#3850);
#3849 = CARTESIAN_POINT('',(-1.2,1.85,-9.85));
#3850 = VECTOR('',#3851,1.);
#3851 = DIRECTION('',(1.668003342285E-16,-0.,1.));
#3852 = ORIENTED_EDGE('',*,*,#3853,.F.);
#3853 = EDGE_CURVE('',#3805,#3846,#3854,.T.);
#3854 = CIRCLE('',#3855,5.E-02);
#3855 = AXIS2_PLACEMENT_3D('',#3856,#3857,#3858);
#3856 = CARTESIAN_POINT('',(-1.15,1.85,-9.35));
#3857 = DIRECTION('',(1.668003342285E-16,-0.,1.));
#3858 = DIRECTION('',(1.,0.,-1.668003342285E-16));
#3859 = CYLINDRICAL_SURFACE('',#3860,5.E-02);
#3860 = AXIS2_PLACEMENT_3D('',#3861,#3862,#3863);
#3861 = CARTESIAN_POINT('',(-1.15,1.85,-9.85));
#3862 = DIRECTION('',(1.668003342285E-16,-0.,1.));
#3863 = DIRECTION('',(1.,0.,-1.668003342285E-16));
#3864 = ADVANCED_FACE('',(#3865),#3890,.F.);
#3865 = FACE_BOUND('',#3866,.T.);
#3866 = EDGE_LOOP('',(#3867,#3875,#3883,#3889));
#3867 = ORIENTED_EDGE('',*,*,#3868,.T.);
#3868 = EDGE_CURVE('',#3846,#3869,#3871,.T.);
#3869 = VERTEX_POINT('',#3870);
#3870 = CARTESIAN_POINT('',(-1.2,1.4,-9.35));
#3871 = LINE('',#3872,#3873);
#3872 = CARTESIAN_POINT('',(-1.2,1.85,-9.35));
#3873 = VECTOR('',#3874,1.);
#3874 = DIRECTION('',(0.,-1.,0.));
#3875 = ORIENTED_EDGE('',*,*,#3876,.F.);
#3876 = EDGE_CURVE('',#3877,#3869,#3879,.T.);
#3877 = VERTEX_POINT('',#3878);
#3878 = CARTESIAN_POINT('',(-1.2,1.4,-9.85));
#3879 = LINE('',#3880,#3881);
#3880 = CARTESIAN_POINT('',(-1.2,1.4,-9.85));
#3881 = VECTOR('',#3882,1.);
#3882 = DIRECTION('',(1.668003342285E-16,-0.,1.));
#3883 = ORIENTED_EDGE('',*,*,#3884,.F.);
#3884 = EDGE_CURVE('',#3837,#3877,#3885,.T.);
#3885 = LINE('',#3886,#3887);
#3886 = CARTESIAN_POINT('',(-1.2,1.85,-9.85));
#3887 = VECTOR('',#3888,1.);
#3888 = DIRECTION('',(0.,-1.,0.));
#3889 = ORIENTED_EDGE('',*,*,#3845,.T.);
#3890 = PLANE('',#3891);
#3891 = AXIS2_PLACEMENT_3D('',#3892,#3893,#3894);
#3892 = CARTESIAN_POINT('',(-1.2,1.85,-9.85));
#3893 = DIRECTION('',(-1.,0.,1.668003342285E-16));
#3894 = DIRECTION('',(1.668003342285E-16,0.,1.));
#3895 = ADVANCED_FACE('',(#3896),#3923,.T.);
#3896 = FACE_BOUND('',#3897,.T.);
#3897 = EDGE_LOOP('',(#3898,#3907,#3915,#3922));
#3898 = ORIENTED_EDGE('',*,*,#3899,.T.);
#3899 = EDGE_CURVE('',#3869,#3900,#3902,.T.);
#3900 = VERTEX_POINT('',#3901);
#3901 = CARTESIAN_POINT('',(-1.4,1.2,-9.35));
#3902 = CIRCLE('',#3903,0.2);
#3903 = AXIS2_PLACEMENT_3D('',#3904,#3905,#3906);
#3904 = CARTESIAN_POINT('',(-1.4,1.4,-9.35));
#3905 = DIRECTION('',(-1.668003342285E-16,0.,-1.));
#3906 = DIRECTION('',(-1.,0.,1.668003342285E-16));
#3907 = ORIENTED_EDGE('',*,*,#3908,.F.);
#3908 = EDGE_CURVE('',#3909,#3900,#3911,.T.);
#3909 = VERTEX_POINT('',#3910);
#3910 = CARTESIAN_POINT('',(-1.4,1.2,-9.85));
#3911 = LINE('',#3912,#3913);
#3912 = CARTESIAN_POINT('',(-1.4,1.2,-9.85));
#3913 = VECTOR('',#3914,1.);
#3914 = DIRECTION('',(1.668003342285E-16,-0.,1.));
#3915 = ORIENTED_EDGE('',*,*,#3916,.F.);
#3916 = EDGE_CURVE('',#3877,#3909,#3917,.T.);
#3917 = CIRCLE('',#3918,0.2);
#3918 = AXIS2_PLACEMENT_3D('',#3919,#3920,#3921);
#3919 = CARTESIAN_POINT('',(-1.4,1.4,-9.85));
#3920 = DIRECTION('',(-1.668003342285E-16,0.,-1.));
#3921 = DIRECTION('',(-1.,0.,1.668003342285E-16));
#3922 = ORIENTED_EDGE('',*,*,#3876,.T.);
#3923 = CYLINDRICAL_SURFACE('',#3924,0.2);
#3924 = AXIS2_PLACEMENT_3D('',#3925,#3926,#3927);
#3925 = CARTESIAN_POINT('',(-1.4,1.4,-9.85));
#3926 = DIRECTION('',(1.668003342285E-16,-0.,1.));
#3927 = DIRECTION('',(1.,0.,-1.668003342285E-16));
#3928 = ADVANCED_FACE('',(#3929),#3954,.F.);
#3929 = FACE_BOUND('',#3930,.T.);
#3930 = EDGE_LOOP('',(#3931,#3939,#3947,#3953));
#3931 = ORIENTED_EDGE('',*,*,#3932,.T.);
#3932 = EDGE_CURVE('',#3900,#3933,#3935,.T.);
#3933 = VERTEX_POINT('',#3934);
#3934 = CARTESIAN_POINT('',(-1.6,1.2,-9.35));
#3935 = LINE('',#3936,#3937);
#3936 = CARTESIAN_POINT('',(-1.4,1.2,-9.35));
#3937 = VECTOR('',#3938,1.);
#3938 = DIRECTION('',(-1.,1.084202172486E-15,0.));
#3939 = ORIENTED_EDGE('',*,*,#3940,.F.);
#3940 = EDGE_CURVE('',#3941,#3933,#3943,.T.);
#3941 = VERTEX_POINT('',#3942);
#3942 = CARTESIAN_POINT('',(-1.6,1.2,-9.85));
#3943 = LINE('',#3944,#3945);
#3944 = CARTESIAN_POINT('',(-1.6,1.2,-9.85));
#3945 = VECTOR('',#3946,1.);
#3946 = DIRECTION('',(1.668003342285E-16,-0.,1.));
#3947 = ORIENTED_EDGE('',*,*,#3948,.F.);
#3948 = EDGE_CURVE('',#3909,#3941,#3949,.T.);
#3949 = LINE('',#3950,#3951);
#3950 = CARTESIAN_POINT('',(-1.4,1.2,-9.85));
#3951 = VECTOR('',#3952,1.);
#3952 = DIRECTION('',(-1.,1.084202172486E-15,0.));
#3953 = ORIENTED_EDGE('',*,*,#3908,.T.);
#3954 = PLANE('',#3955);
#3955 = AXIS2_PLACEMENT_3D('',#3956,#3957,#3958);
#3956 = CARTESIAN_POINT('',(-1.4,1.2,-9.85));
#3957 = DIRECTION('',(1.084202172486E-15,1.,-1.808452847419E-31));
#3958 = DIRECTION('',(-1.,1.084202172486E-15,0.));
#3959 = ADVANCED_FACE('',(#3960),#3985,.F.);
#3960 = FACE_BOUND('',#3961,.T.);
#3961 = EDGE_LOOP('',(#3962,#3970,#3978,#3984));
#3962 = ORIENTED_EDGE('',*,*,#3963,.T.);
#3963 = EDGE_CURVE('',#3933,#3964,#3966,.T.);
#3964 = VERTEX_POINT('',#3965);
#3965 = CARTESIAN_POINT('',(-1.6,1.35,-9.35));
#3966 = LINE('',#3967,#3968);
#3967 = CARTESIAN_POINT('',(-1.6,1.2,-9.35));
#3968 = VECTOR('',#3969,1.);
#3969 = DIRECTION('',(0.,1.,0.));
#3970 = ORIENTED_EDGE('',*,*,#3971,.F.);
#3971 = EDGE_CURVE('',#3972,#3964,#3974,.T.);
#3972 = VERTEX_POINT('',#3973);
#3973 = CARTESIAN_POINT('',(-1.6,1.35,-9.85));
#3974 = LINE('',#3975,#3976);
#3975 = CARTESIAN_POINT('',(-1.6,1.35,-9.85));
#3976 = VECTOR('',#3977,1.);
#3977 = DIRECTION('',(1.668003342285E-16,-0.,1.));
#3978 = ORIENTED_EDGE('',*,*,#3979,.F.);
#3979 = EDGE_CURVE('',#3941,#3972,#3980,.T.);
#3980 = LINE('',#3981,#3982);
#3981 = CARTESIAN_POINT('',(-1.6,1.2,-9.85));
#3982 = VECTOR('',#3983,1.);
#3983 = DIRECTION('',(0.,1.,0.));
#3984 = ORIENTED_EDGE('',*,*,#3940,.T.);
#3985 = PLANE('',#3986);
#3986 = AXIS2_PLACEMENT_3D('',#3987,#3988,#3989);
#3987 = CARTESIAN_POINT('',(-1.6,1.2,-9.85));
#3988 = DIRECTION('',(1.,0.,-1.668003342285E-16));
#3989 = DIRECTION('',(-1.668003342285E-16,0.,-1.));
#3990 = ADVANCED_FACE('',(#3991),#4016,.F.);
#3991 = FACE_BOUND('',#3992,.T.);
#3992 = EDGE_LOOP('',(#3993,#4001,#4009,#4015));
#3993 = ORIENTED_EDGE('',*,*,#3994,.T.);
#3994 = EDGE_CURVE('',#3964,#3995,#3997,.T.);
#3995 = VERTEX_POINT('',#3996);
#3996 = CARTESIAN_POINT('',(-1.4,1.35,-9.35));
#3997 = LINE('',#3998,#3999);
#3998 = CARTESIAN_POINT('',(-1.6,1.35,-9.35));
#3999 = VECTOR('',#4000,1.);
#4000 = DIRECTION('',(1.,-1.084202172486E-15,0.));
#4001 = ORIENTED_EDGE('',*,*,#4002,.F.);
#4002 = EDGE_CURVE('',#4003,#3995,#4005,.T.);
#4003 = VERTEX_POINT('',#4004);
#4004 = CARTESIAN_POINT('',(-1.4,1.35,-9.85));
#4005 = LINE('',#4006,#4007);
#4006 = CARTESIAN_POINT('',(-1.4,1.35,-9.85));
#4007 = VECTOR('',#4008,1.);
#4008 = DIRECTION('',(1.668003342285E-16,-0.,1.));
#4009 = ORIENTED_EDGE('',*,*,#4010,.F.);
#4010 = EDGE_CURVE('',#3972,#4003,#4011,.T.);
#4011 = LINE('',#4012,#4013);
#4012 = CARTESIAN_POINT('',(-1.6,1.35,-9.85));
#4013 = VECTOR('',#4014,1.);
#4014 = DIRECTION('',(1.,-1.084202172486E-15,0.));
#4015 = ORIENTED_EDGE('',*,*,#3971,.T.);
#4016 = PLANE('',#4017);
#4017 = AXIS2_PLACEMENT_3D('',#4018,#4019,#4020);
#4018 = CARTESIAN_POINT('',(-1.6,1.35,-9.85));
#4019 = DIRECTION('',(-1.084202172486E-15,-1.,1.808452847419E-31));
#4020 = DIRECTION('',(1.,-1.084202172486E-15,0.));
#4021 = ADVANCED_FACE('',(#4022),#4049,.F.);
#4022 = FACE_BOUND('',#4023,.F.);
#4023 = EDGE_LOOP('',(#4024,#4025,#4034,#4042));
#4024 = ORIENTED_EDGE('',*,*,#4002,.F.);
#4025 = ORIENTED_EDGE('',*,*,#4026,.T.);
#4026 = EDGE_CURVE('',#4003,#4027,#4029,.T.);
#4027 = VERTEX_POINT('',#4028);
#4028 = CARTESIAN_POINT('',(-1.35,1.4,-9.85));
#4029 = CIRCLE('',#4030,5.E-02);
#4030 = AXIS2_PLACEMENT_3D('',#4031,#4032,#4033);
#4031 = CARTESIAN_POINT('',(-1.4,1.4,-9.85));
#4032 = DIRECTION('',(1.668003342285E-16,-0.,1.));
#4033 = DIRECTION('',(1.,0.,-1.668003342285E-16));
#4034 = ORIENTED_EDGE('',*,*,#4035,.T.);
#4035 = EDGE_CURVE('',#4027,#4036,#4038,.T.);
#4036 = VERTEX_POINT('',#4037);
#4037 = CARTESIAN_POINT('',(-1.35,1.4,-9.35));
#4038 = LINE('',#4039,#4040);
#4039 = CARTESIAN_POINT('',(-1.35,1.4,-9.85));
#4040 = VECTOR('',#4041,1.);
#4041 = DIRECTION('',(1.668003342285E-16,-0.,1.));
#4042 = ORIENTED_EDGE('',*,*,#4043,.F.);
#4043 = EDGE_CURVE('',#3995,#4036,#4044,.T.);
#4044 = CIRCLE('',#4045,5.E-02);
#4045 = AXIS2_PLACEMENT_3D('',#4046,#4047,#4048);
#4046 = CARTESIAN_POINT('',(-1.4,1.4,-9.35));
#4047 = DIRECTION('',(1.668003342285E-16,-0.,1.));
#4048 = DIRECTION('',(1.,0.,-1.668003342285E-16));
#4049 = CYLINDRICAL_SURFACE('',#4050,5.E-02);
#4050 = AXIS2_PLACEMENT_3D('',#4051,#4052,#4053);
#4051 = CARTESIAN_POINT('',(-1.4,1.4,-9.85));
#4052 = DIRECTION('',(1.668003342285E-16,-0.,1.));
#4053 = DIRECTION('',(1.,0.,-1.668003342285E-16));
#4054 = ADVANCED_FACE('',(#4055),#4071,.F.);
#4055 = FACE_BOUND('',#4056,.T.);
#4056 = EDGE_LOOP('',(#4057,#4063,#4064,#4070));
#4057 = ORIENTED_EDGE('',*,*,#4058,.T.);
#4058 = EDGE_CURVE('',#4036,#3701,#4059,.T.);
#4059 = LINE('',#4060,#4061);
#4060 = CARTESIAN_POINT('',(-1.35,1.4,-9.35));
#4061 = VECTOR('',#4062,1.);
#4062 = DIRECTION('',(9.637352644315E-16,1.,0.));
#4063 = ORIENTED_EDGE('',*,*,#3728,.F.);
#4064 = ORIENTED_EDGE('',*,*,#4065,.F.);
#4065 = EDGE_CURVE('',#4027,#3720,#4066,.T.);
#4066 = LINE('',#4067,#4068);
#4067 = CARTESIAN_POINT('',(-1.35,1.4,-9.85));
#4068 = VECTOR('',#4069,1.);
#4069 = DIRECTION('',(9.637352644315E-16,1.,0.));
#4070 = ORIENTED_EDGE('',*,*,#4035,.T.);
#4071 = PLANE('',#4072);
#4072 = AXIS2_PLACEMENT_3D('',#4073,#4074,#4075);
#4073 = CARTESIAN_POINT('',(-1.35,1.4,-9.85));
#4074 = DIRECTION('',(1.,-9.637352644315E-16,-1.668003342285E-16));
#4075 = DIRECTION('',(9.637352644315E-16,1.,0.));
#4076 = ADVANCED_FACE('',(#4077),#4091,.T.);
#4077 = FACE_BOUND('',#4078,.T.);
#4078 = EDGE_LOOP('',(#4079,#4080,#4081,#4082,#4083,#4084,#4085,#4086,
    #4087,#4088,#4089,#4090));
#4079 = ORIENTED_EDGE('',*,*,#3719,.T.);
#4080 = ORIENTED_EDGE('',*,*,#3758,.T.);
#4081 = ORIENTED_EDGE('',*,*,#3789,.T.);
#4082 = ORIENTED_EDGE('',*,*,#3820,.T.);
#4083 = ORIENTED_EDGE('',*,*,#3836,.T.);
#4084 = ORIENTED_EDGE('',*,*,#3884,.T.);
#4085 = ORIENTED_EDGE('',*,*,#3916,.T.);
#4086 = ORIENTED_EDGE('',*,*,#3948,.T.);
#4087 = ORIENTED_EDGE('',*,*,#3979,.T.);
#4088 = ORIENTED_EDGE('',*,*,#4010,.T.);
#4089 = ORIENTED_EDGE('',*,*,#4026,.T.);
#4090 = ORIENTED_EDGE('',*,*,#4065,.T.);
#4091 = PLANE('',#4092);
#4092 = AXIS2_PLACEMENT_3D('',#4093,#4094,#4095);
#4093 = CARTESIAN_POINT('',(-1.15,1.85,-9.85));
#4094 = DIRECTION('',(-1.668003342285E-16,0.,-1.));
#4095 = DIRECTION('',(-1.,0.,1.668003342285E-16));
#4096 = ADVANCED_FACE('',(#4097),#4111,.F.);
#4097 = FACE_BOUND('',#4098,.T.);
#4098 = EDGE_LOOP('',(#4099,#4100,#4101,#4102,#4103,#4104,#4105,#4106,
    #4107,#4108,#4109,#4110));
#4099 = ORIENTED_EDGE('',*,*,#3700,.F.);
#4100 = ORIENTED_EDGE('',*,*,#4058,.F.);
#4101 = ORIENTED_EDGE('',*,*,#4043,.F.);
#4102 = ORIENTED_EDGE('',*,*,#3994,.F.);
#4103 = ORIENTED_EDGE('',*,*,#3963,.F.);
#4104 = ORIENTED_EDGE('',*,*,#3932,.F.);
#4105 = ORIENTED_EDGE('',*,*,#3899,.F.);
#4106 = ORIENTED_EDGE('',*,*,#3868,.F.);
#4107 = ORIENTED_EDGE('',*,*,#3853,.F.);
#4108 = ORIENTED_EDGE('',*,*,#3804,.F.);
#4109 = ORIENTED_EDGE('',*,*,#3773,.F.);
#4110 = ORIENTED_EDGE('',*,*,#3742,.F.);
#4111 = PLANE('',#4112);
#4112 = AXIS2_PLACEMENT_3D('',#4113,#4114,#4115);
#4113 = CARTESIAN_POINT('',(-1.15,1.85,-9.35));
#4114 = DIRECTION('',(-1.668003342285E-16,0.,-1.));
#4115 = DIRECTION('',(-1.,0.,1.668003342285E-16));
#4116 = MANIFOLD_SOLID_BREP('',#4117);
#4117 = CLOSED_SHELL('',(#4118,#4158,#4191,#4222,#4255,#4286,#4317,#4348
    ,#4381,#4412,#4445,#4476,#4498,#4518));
#4118 = ADVANCED_FACE('',(#4119),#4153,.F.);
#4119 = FACE_BOUND('',#4120,.T.);
#4120 = EDGE_LOOP('',(#4121,#4131,#4139,#4147));
#4121 = ORIENTED_EDGE('',*,*,#4122,.T.);
#4122 = EDGE_CURVE('',#4123,#4125,#4127,.T.);
#4123 = VERTEX_POINT('',#4124);
#4124 = CARTESIAN_POINT('',(0.5,2.05,-7.45));
#4125 = VERTEX_POINT('',#4126);
#4126 = CARTESIAN_POINT('',(0.65,2.05,-7.45));
#4127 = LINE('',#4128,#4129);
#4128 = CARTESIAN_POINT('',(0.65,2.05,-7.45));
#4129 = VECTOR('',#4130,1.);
#4130 = DIRECTION('',(1.,-0.,-0.));
#4131 = ORIENTED_EDGE('',*,*,#4132,.F.);
#4132 = EDGE_CURVE('',#4133,#4125,#4135,.T.);
#4133 = VERTEX_POINT('',#4134);
#4134 = CARTESIAN_POINT('',(0.65,2.05,-7.95));
#4135 = LINE('',#4136,#4137);
#4136 = CARTESIAN_POINT('',(0.65,2.05,-7.95));
#4137 = VECTOR('',#4138,1.);
#4138 = DIRECTION('',(1.668003342285E-16,-0.,1.));
#4139 = ORIENTED_EDGE('',*,*,#4140,.F.);
#4140 = EDGE_CURVE('',#4141,#4133,#4143,.T.);
#4141 = VERTEX_POINT('',#4142);
#4142 = CARTESIAN_POINT('',(0.5,2.05,-7.95));
#4143 = LINE('',#4144,#4145);
#4144 = CARTESIAN_POINT('',(0.65,2.05,-7.95));
#4145 = VECTOR('',#4146,1.);
#4146 = DIRECTION('',(1.,-0.,-0.));
#4147 = ORIENTED_EDGE('',*,*,#4148,.T.);
#4148 = EDGE_CURVE('',#4141,#4123,#4149,.T.);
#4149 = LINE('',#4150,#4151);
#4150 = CARTESIAN_POINT('',(0.5,2.05,-7.95));
#4151 = VECTOR('',#4152,1.);
#4152 = DIRECTION('',(1.668003342285E-16,-0.,1.));
#4153 = PLANE('',#4154);
#4154 = AXIS2_PLACEMENT_3D('',#4155,#4156,#4157);
#4155 = CARTESIAN_POINT('',(0.65,2.05,-7.95));
#4156 = DIRECTION('',(0.,-1.,0.));
#4157 = DIRECTION('',(0.,-0.,-1.));
#4158 = ADVANCED_FACE('',(#4159),#4186,.T.);
#4159 = FACE_BOUND('',#4160,.T.);
#4160 = EDGE_LOOP('',(#4161,#4170,#4178,#4185));
#4161 = ORIENTED_EDGE('',*,*,#4162,.T.);
#4162 = EDGE_CURVE('',#4125,#4163,#4165,.T.);
#4163 = VERTEX_POINT('',#4164);
#4164 = CARTESIAN_POINT('',(0.85,1.85,-7.45));
#4165 = CIRCLE('',#4166,0.2);
#4166 = AXIS2_PLACEMENT_3D('',#4167,#4168,#4169);
#4167 = CARTESIAN_POINT('',(0.65,1.85,-7.45));
#4168 = DIRECTION('',(-1.668003342285E-16,0.,-1.));
#4169 = DIRECTION('',(1.,0.,-1.668003342285E-16));
#4170 = ORIENTED_EDGE('',*,*,#4171,.F.);
#4171 = EDGE_CURVE('',#4172,#4163,#4174,.T.);
#4172 = VERTEX_POINT('',#4173);
#4173 = CARTESIAN_POINT('',(0.85,1.85,-7.95));
#4174 = LINE('',#4175,#4176);
#4175 = CARTESIAN_POINT('',(0.85,1.85,-7.95));
#4176 = VECTOR('',#4177,1.);
#4177 = DIRECTION('',(1.668003342285E-16,-0.,1.));
#4178 = ORIENTED_EDGE('',*,*,#4179,.F.);
#4179 = EDGE_CURVE('',#4133,#4172,#4180,.T.);
#4180 = CIRCLE('',#4181,0.2);
#4181 = AXIS2_PLACEMENT_3D('',#4182,#4183,#4184);
#4182 = CARTESIAN_POINT('',(0.65,1.85,-7.95));
#4183 = DIRECTION('',(-1.668003342285E-16,0.,-1.));
#4184 = DIRECTION('',(1.,0.,-1.668003342285E-16));
#4185 = ORIENTED_EDGE('',*,*,#4132,.T.);
#4186 = CYLINDRICAL_SURFACE('',#4187,0.2);
#4187 = AXIS2_PLACEMENT_3D('',#4188,#4189,#4190);
#4188 = CARTESIAN_POINT('',(0.65,1.85,-7.95));
#4189 = DIRECTION('',(1.668003342285E-16,-0.,1.));
#4190 = DIRECTION('',(1.,0.,-1.668003342285E-16));
#4191 = ADVANCED_FACE('',(#4192),#4217,.F.);
#4192 = FACE_BOUND('',#4193,.T.);
#4193 = EDGE_LOOP('',(#4194,#4202,#4210,#4216));
#4194 = ORIENTED_EDGE('',*,*,#4195,.T.);
#4195 = EDGE_CURVE('',#4163,#4196,#4198,.T.);
#4196 = VERTEX_POINT('',#4197);
#4197 = CARTESIAN_POINT('',(0.85,1.4,-7.45));
#4198 = LINE('',#4199,#4200);
#4199 = CARTESIAN_POINT('',(0.85,1.4,-7.45));
#4200 = VECTOR('',#4201,1.);
#4201 = DIRECTION('',(-0.,-1.,-0.));
#4202 = ORIENTED_EDGE('',*,*,#4203,.F.);
#4203 = EDGE_CURVE('',#4204,#4196,#4206,.T.);
#4204 = VERTEX_POINT('',#4205);
#4205 = CARTESIAN_POINT('',(0.85,1.4,-7.95));
#4206 = LINE('',#4207,#4208);
#4207 = CARTESIAN_POINT('',(0.85,1.4,-7.95));
#4208 = VECTOR('',#4209,1.);
#4209 = DIRECTION('',(1.668003342285E-16,-0.,1.));
#4210 = ORIENTED_EDGE('',*,*,#4211,.F.);
#4211 = EDGE_CURVE('',#4172,#4204,#4212,.T.);
#4212 = LINE('',#4213,#4214);
#4213 = CARTESIAN_POINT('',(0.85,1.4,-7.95));
#4214 = VECTOR('',#4215,1.);
#4215 = DIRECTION('',(-0.,-1.,-0.));
#4216 = ORIENTED_EDGE('',*,*,#4171,.T.);
#4217 = PLANE('',#4218);
#4218 = AXIS2_PLACEMENT_3D('',#4219,#4220,#4221);
#4219 = CARTESIAN_POINT('',(0.85,1.4,-7.95));
#4220 = DIRECTION('',(-1.,0.,1.668003342285E-16));
#4221 = DIRECTION('',(1.668003342285E-16,0.,1.));
#4222 = ADVANCED_FACE('',(#4223),#4250,.F.);
#4223 = FACE_BOUND('',#4224,.F.);
#4224 = EDGE_LOOP('',(#4225,#4226,#4235,#4243));
#4225 = ORIENTED_EDGE('',*,*,#4203,.F.);
#4226 = ORIENTED_EDGE('',*,*,#4227,.T.);
#4227 = EDGE_CURVE('',#4204,#4228,#4230,.T.);
#4228 = VERTEX_POINT('',#4229);
#4229 = CARTESIAN_POINT('',(0.9,1.35,-7.95));
#4230 = CIRCLE('',#4231,5.E-02);
#4231 = AXIS2_PLACEMENT_3D('',#4232,#4233,#4234);
#4232 = CARTESIAN_POINT('',(0.9,1.4,-7.95));
#4233 = DIRECTION('',(1.668003342285E-16,0.,1.));
#4234 = DIRECTION('',(-1.,0.,1.668003342285E-16));
#4235 = ORIENTED_EDGE('',*,*,#4236,.T.);
#4236 = EDGE_CURVE('',#4228,#4237,#4239,.T.);
#4237 = VERTEX_POINT('',#4238);
#4238 = CARTESIAN_POINT('',(0.9,1.35,-7.45));
#4239 = LINE('',#4240,#4241);
#4240 = CARTESIAN_POINT('',(0.9,1.35,-7.95));
#4241 = VECTOR('',#4242,1.);
#4242 = DIRECTION('',(1.668003342285E-16,-0.,1.));
#4243 = ORIENTED_EDGE('',*,*,#4244,.F.);
#4244 = EDGE_CURVE('',#4196,#4237,#4245,.T.);
#4245 = CIRCLE('',#4246,5.E-02);
#4246 = AXIS2_PLACEMENT_3D('',#4247,#4248,#4249);
#4247 = CARTESIAN_POINT('',(0.9,1.4,-7.45));
#4248 = DIRECTION('',(1.668003342285E-16,0.,1.));
#4249 = DIRECTION('',(-1.,0.,1.668003342285E-16));
#4250 = CYLINDRICAL_SURFACE('',#4251,5.E-02);
#4251 = AXIS2_PLACEMENT_3D('',#4252,#4253,#4254);
#4252 = CARTESIAN_POINT('',(0.9,1.4,-7.95));
#4253 = DIRECTION('',(1.668003342285E-16,-0.,1.));
#4254 = DIRECTION('',(1.,0.,-1.668003342285E-16));
#4255 = ADVANCED_FACE('',(#4256),#4281,.F.);
#4256 = FACE_BOUND('',#4257,.T.);
#4257 = EDGE_LOOP('',(#4258,#4266,#4274,#4280));
#4258 = ORIENTED_EDGE('',*,*,#4259,.T.);
#4259 = EDGE_CURVE('',#4237,#4260,#4262,.T.);
#4260 = VERTEX_POINT('',#4261);
#4261 = CARTESIAN_POINT('',(1.1,1.35,-7.45));
#4262 = LINE('',#4263,#4264);
#4263 = CARTESIAN_POINT('',(1.1,1.35,-7.45));
#4264 = VECTOR('',#4265,1.);
#4265 = DIRECTION('',(1.,-0.,-0.));
#4266 = ORIENTED_EDGE('',*,*,#4267,.F.);
#4267 = EDGE_CURVE('',#4268,#4260,#4270,.T.);
#4268 = VERTEX_POINT('',#4269);
#4269 = CARTESIAN_POINT('',(1.1,1.35,-7.95));
#4270 = LINE('',#4271,#4272);
#4271 = CARTESIAN_POINT('',(1.1,1.35,-7.95));
#4272 = VECTOR('',#4273,1.);
#4273 = DIRECTION('',(1.668003342285E-16,-0.,1.));
#4274 = ORIENTED_EDGE('',*,*,#4275,.F.);
#4275 = EDGE_CURVE('',#4228,#4268,#4276,.T.);
#4276 = LINE('',#4277,#4278);
#4277 = CARTESIAN_POINT('',(1.1,1.35,-7.95));
#4278 = VECTOR('',#4279,1.);
#4279 = DIRECTION('',(1.,-0.,-0.));
#4280 = ORIENTED_EDGE('',*,*,#4236,.T.);
#4281 = PLANE('',#4282);
#4282 = AXIS2_PLACEMENT_3D('',#4283,#4284,#4285);
#4283 = CARTESIAN_POINT('',(1.1,1.35,-7.95));
#4284 = DIRECTION('',(0.,-1.,0.));
#4285 = DIRECTION('',(0.,-0.,-1.));
#4286 = ADVANCED_FACE('',(#4287),#4312,.F.);
#4287 = FACE_BOUND('',#4288,.T.);
#4288 = EDGE_LOOP('',(#4289,#4297,#4305,#4311));
#4289 = ORIENTED_EDGE('',*,*,#4290,.T.);
#4290 = EDGE_CURVE('',#4260,#4291,#4293,.T.);
#4291 = VERTEX_POINT('',#4292);
#4292 = CARTESIAN_POINT('',(1.1,1.2,-7.45));
#4293 = LINE('',#4294,#4295);
#4294 = CARTESIAN_POINT('',(1.1,1.2,-7.45));
#4295 = VECTOR('',#4296,1.);
#4296 = DIRECTION('',(-0.,-1.,-0.));
#4297 = ORIENTED_EDGE('',*,*,#4298,.F.);
#4298 = EDGE_CURVE('',#4299,#4291,#4301,.T.);
#4299 = VERTEX_POINT('',#4300);
#4300 = CARTESIAN_POINT('',(1.1,1.2,-7.95));
#4301 = LINE('',#4302,#4303);
#4302 = CARTESIAN_POINT('',(1.1,1.2,-7.95));
#4303 = VECTOR('',#4304,1.);
#4304 = DIRECTION('',(1.668003342285E-16,-0.,1.));
#4305 = ORIENTED_EDGE('',*,*,#4306,.F.);
#4306 = EDGE_CURVE('',#4268,#4299,#4307,.T.);
#4307 = LINE('',#4308,#4309);
#4308 = CARTESIAN_POINT('',(1.1,1.2,-7.95));
#4309 = VECTOR('',#4310,1.);
#4310 = DIRECTION('',(-0.,-1.,-0.));
#4311 = ORIENTED_EDGE('',*,*,#4267,.T.);
#4312 = PLANE('',#4313);
#4313 = AXIS2_PLACEMENT_3D('',#4314,#4315,#4316);
#4314 = CARTESIAN_POINT('',(1.1,1.2,-7.95));
#4315 = DIRECTION('',(-1.,0.,1.668003342285E-16));
#4316 = DIRECTION('',(1.668003342285E-16,0.,1.));
#4317 = ADVANCED_FACE('',(#4318),#4343,.F.);
#4318 = FACE_BOUND('',#4319,.T.);
#4319 = EDGE_LOOP('',(#4320,#4328,#4336,#4342));
#4320 = ORIENTED_EDGE('',*,*,#4321,.T.);
#4321 = EDGE_CURVE('',#4291,#4322,#4324,.T.);
#4322 = VERTEX_POINT('',#4323);
#4323 = CARTESIAN_POINT('',(0.9,1.2,-7.45));
#4324 = LINE('',#4325,#4326);
#4325 = CARTESIAN_POINT('',(0.9,1.2,-7.45));
#4326 = VECTOR('',#4327,1.);
#4327 = DIRECTION('',(-1.,-0.,-0.));
#4328 = ORIENTED_EDGE('',*,*,#4329,.F.);
#4329 = EDGE_CURVE('',#4330,#4322,#4332,.T.);
#4330 = VERTEX_POINT('',#4331);
#4331 = CARTESIAN_POINT('',(0.9,1.2,-7.95));
#4332 = LINE('',#4333,#4334);
#4333 = CARTESIAN_POINT('',(0.9,1.2,-7.95));
#4334 = VECTOR('',#4335,1.);
#4335 = DIRECTION('',(1.668003342285E-16,-0.,1.));
#4336 = ORIENTED_EDGE('',*,*,#4337,.F.);
#4337 = EDGE_CURVE('',#4299,#4330,#4338,.T.);
#4338 = LINE('',#4339,#4340);
#4339 = CARTESIAN_POINT('',(0.9,1.2,-7.95));
#4340 = VECTOR('',#4341,1.);
#4341 = DIRECTION('',(-1.,-0.,-0.));
#4342 = ORIENTED_EDGE('',*,*,#4298,.T.);
#4343 = PLANE('',#4344);
#4344 = AXIS2_PLACEMENT_3D('',#4345,#4346,#4347);
#4345 = CARTESIAN_POINT('',(0.9,1.2,-7.95));
#4346 = DIRECTION('',(-0.,1.,0.));
#4347 = DIRECTION('',(0.,0.,1.));
#4348 = ADVANCED_FACE('',(#4349),#4376,.T.);
#4349 = FACE_BOUND('',#4350,.T.);
#4350 = EDGE_LOOP('',(#4351,#4360,#4368,#4375));
#4351 = ORIENTED_EDGE('',*,*,#4352,.T.);
#4352 = EDGE_CURVE('',#4322,#4353,#4355,.T.);
#4353 = VERTEX_POINT('',#4354);
#4354 = CARTESIAN_POINT('',(0.7,1.4,-7.45));
#4355 = CIRCLE('',#4356,0.2);
#4356 = AXIS2_PLACEMENT_3D('',#4357,#4358,#4359);
#4357 = CARTESIAN_POINT('',(0.9,1.4,-7.45));
#4358 = DIRECTION('',(-1.668003342285E-16,0.,-1.));
#4359 = DIRECTION('',(1.,0.,-1.668003342285E-16));
#4360 = ORIENTED_EDGE('',*,*,#4361,.F.);
#4361 = EDGE_CURVE('',#4362,#4353,#4364,.T.);
#4362 = VERTEX_POINT('',#4363);
#4363 = CARTESIAN_POINT('',(0.7,1.4,-7.95));
#4364 = LINE('',#4365,#4366);
#4365 = CARTESIAN_POINT('',(0.7,1.4,-7.95));
#4366 = VECTOR('',#4367,1.);
#4367 = DIRECTION('',(1.668003342285E-16,-0.,1.));
#4368 = ORIENTED_EDGE('',*,*,#4369,.F.);
#4369 = EDGE_CURVE('',#4330,#4362,#4370,.T.);
#4370 = CIRCLE('',#4371,0.2);
#4371 = AXIS2_PLACEMENT_3D('',#4372,#4373,#4374);
#4372 = CARTESIAN_POINT('',(0.9,1.4,-7.95));
#4373 = DIRECTION('',(-1.668003342285E-16,0.,-1.));
#4374 = DIRECTION('',(1.,0.,-1.668003342285E-16));
#4375 = ORIENTED_EDGE('',*,*,#4329,.T.);
#4376 = CYLINDRICAL_SURFACE('',#4377,0.2);
#4377 = AXIS2_PLACEMENT_3D('',#4378,#4379,#4380);
#4378 = CARTESIAN_POINT('',(0.9,1.4,-7.95));
#4379 = DIRECTION('',(1.668003342285E-16,-0.,1.));
#4380 = DIRECTION('',(1.,0.,-1.668003342285E-16));
#4381 = ADVANCED_FACE('',(#4382),#4407,.F.);
#4382 = FACE_BOUND('',#4383,.T.);
#4383 = EDGE_LOOP('',(#4384,#4392,#4400,#4406));
#4384 = ORIENTED_EDGE('',*,*,#4385,.T.);
#4385 = EDGE_CURVE('',#4353,#4386,#4388,.T.);
#4386 = VERTEX_POINT('',#4387);
#4387 = CARTESIAN_POINT('',(0.7,1.85,-7.45));
#4388 = LINE('',#4389,#4390);
#4389 = CARTESIAN_POINT('',(0.7,1.85,-7.45));
#4390 = VECTOR('',#4391,1.);
#4391 = DIRECTION('',(-0.,1.,-0.));
#4392 = ORIENTED_EDGE('',*,*,#4393,.F.);
#4393 = EDGE_CURVE('',#4394,#4386,#4396,.T.);
#4394 = VERTEX_POINT('',#4395);
#4395 = CARTESIAN_POINT('',(0.7,1.85,-7.95));
#4396 = LINE('',#4397,#4398);
#4397 = CARTESIAN_POINT('',(0.7,1.85,-7.95));
#4398 = VECTOR('',#4399,1.);
#4399 = DIRECTION('',(1.668003342285E-16,-0.,1.));
#4400 = ORIENTED_EDGE('',*,*,#4401,.F.);
#4401 = EDGE_CURVE('',#4362,#4394,#4402,.T.);
#4402 = LINE('',#4403,#4404);
#4403 = CARTESIAN_POINT('',(0.7,1.85,-7.95));
#4404 = VECTOR('',#4405,1.);
#4405 = DIRECTION('',(-0.,1.,-0.));
#4406 = ORIENTED_EDGE('',*,*,#4361,.T.);
#4407 = PLANE('',#4408);
#4408 = AXIS2_PLACEMENT_3D('',#4409,#4410,#4411);
#4409 = CARTESIAN_POINT('',(0.7,1.85,-7.95));
#4410 = DIRECTION('',(1.,0.,-1.668003342285E-16));
#4411 = DIRECTION('',(-1.668003342285E-16,0.,-1.));
#4412 = ADVANCED_FACE('',(#4413),#4440,.F.);
#4413 = FACE_BOUND('',#4414,.F.);
#4414 = EDGE_LOOP('',(#4415,#4416,#4425,#4433));
#4415 = ORIENTED_EDGE('',*,*,#4393,.F.);
#4416 = ORIENTED_EDGE('',*,*,#4417,.T.);
#4417 = EDGE_CURVE('',#4394,#4418,#4420,.T.);
#4418 = VERTEX_POINT('',#4419);
#4419 = CARTESIAN_POINT('',(0.65,1.9,-7.95));
#4420 = CIRCLE('',#4421,5.E-02);
#4421 = AXIS2_PLACEMENT_3D('',#4422,#4423,#4424);
#4422 = CARTESIAN_POINT('',(0.65,1.85,-7.95));
#4423 = DIRECTION('',(1.668003342285E-16,0.,1.));
#4424 = DIRECTION('',(-1.,0.,1.668003342285E-16));
#4425 = ORIENTED_EDGE('',*,*,#4426,.T.);
#4426 = EDGE_CURVE('',#4418,#4427,#4429,.T.);
#4427 = VERTEX_POINT('',#4428);
#4428 = CARTESIAN_POINT('',(0.65,1.9,-7.45));
#4429 = LINE('',#4430,#4431);
#4430 = CARTESIAN_POINT('',(0.65,1.9,-7.95));
#4431 = VECTOR('',#4432,1.);
#4432 = DIRECTION('',(1.668003342285E-16,-0.,1.));
#4433 = ORIENTED_EDGE('',*,*,#4434,.F.);
#4434 = EDGE_CURVE('',#4386,#4427,#4435,.T.);
#4435 = CIRCLE('',#4436,5.E-02);
#4436 = AXIS2_PLACEMENT_3D('',#4437,#4438,#4439);
#4437 = CARTESIAN_POINT('',(0.65,1.85,-7.45));
#4438 = DIRECTION('',(1.668003342285E-16,0.,1.));
#4439 = DIRECTION('',(-1.,0.,1.668003342285E-16));
#4440 = CYLINDRICAL_SURFACE('',#4441,5.E-02);
#4441 = AXIS2_PLACEMENT_3D('',#4442,#4443,#4444);
#4442 = CARTESIAN_POINT('',(0.65,1.85,-7.95));
#4443 = DIRECTION('',(1.668003342285E-16,-0.,1.));
#4444 = DIRECTION('',(1.,0.,-1.668003342285E-16));
#4445 = ADVANCED_FACE('',(#4446),#4471,.F.);
#4446 = FACE_BOUND('',#4447,.T.);
#4447 = EDGE_LOOP('',(#4448,#4456,#4464,#4470));
#4448 = ORIENTED_EDGE('',*,*,#4449,.T.);
#4449 = EDGE_CURVE('',#4427,#4450,#4452,.T.);
#4450 = VERTEX_POINT('',#4451);
#4451 = CARTESIAN_POINT('',(0.5,1.9,-7.45));
#4452 = LINE('',#4453,#4454);
#4453 = CARTESIAN_POINT('',(0.5,1.9,-7.45));
#4454 = VECTOR('',#4455,1.);
#4455 = DIRECTION('',(-1.,-0.,-0.));
#4456 = ORIENTED_EDGE('',*,*,#4457,.F.);
#4457 = EDGE_CURVE('',#4458,#4450,#4460,.T.);
#4458 = VERTEX_POINT('',#4459);
#4459 = CARTESIAN_POINT('',(0.5,1.9,-7.95));
#4460 = LINE('',#4461,#4462);
#4461 = CARTESIAN_POINT('',(0.5,1.9,-7.95));
#4462 = VECTOR('',#4463,1.);
#4463 = DIRECTION('',(1.668003342285E-16,-0.,1.));
#4464 = ORIENTED_EDGE('',*,*,#4465,.F.);
#4465 = EDGE_CURVE('',#4418,#4458,#4466,.T.);
#4466 = LINE('',#4467,#4468);
#4467 = CARTESIAN_POINT('',(0.5,1.9,-7.95));
#4468 = VECTOR('',#4469,1.);
#4469 = DIRECTION('',(-1.,-0.,-0.));
#4470 = ORIENTED_EDGE('',*,*,#4426,.T.);
#4471 = PLANE('',#4472);
#4472 = AXIS2_PLACEMENT_3D('',#4473,#4474,#4475);
#4473 = CARTESIAN_POINT('',(0.5,1.9,-7.95));
#4474 = DIRECTION('',(-0.,1.,0.));
#4475 = DIRECTION('',(0.,0.,1.));
#4476 = ADVANCED_FACE('',(#4477),#4493,.F.);
#4477 = FACE_BOUND('',#4478,.T.);
#4478 = EDGE_LOOP('',(#4479,#4485,#4486,#4492));
#4479 = ORIENTED_EDGE('',*,*,#4480,.T.);
#4480 = EDGE_CURVE('',#4450,#4123,#4481,.T.);
#4481 = LINE('',#4482,#4483);
#4482 = CARTESIAN_POINT('',(0.5,2.05,-7.45));
#4483 = VECTOR('',#4484,1.);
#4484 = DIRECTION('',(-0.,1.,-0.));
#4485 = ORIENTED_EDGE('',*,*,#4148,.F.);
#4486 = ORIENTED_EDGE('',*,*,#4487,.F.);
#4487 = EDGE_CURVE('',#4458,#4141,#4488,.T.);
#4488 = LINE('',#4489,#4490);
#4489 = CARTESIAN_POINT('',(0.5,2.05,-7.95));
#4490 = VECTOR('',#4491,1.);
#4491 = DIRECTION('',(-0.,1.,-0.));
#4492 = ORIENTED_EDGE('',*,*,#4457,.T.);
#4493 = PLANE('',#4494);
#4494 = AXIS2_PLACEMENT_3D('',#4495,#4496,#4497);
#4495 = CARTESIAN_POINT('',(0.5,2.05,-7.95));
#4496 = DIRECTION('',(1.,0.,-1.668003342285E-16));
#4497 = DIRECTION('',(-1.668003342285E-16,0.,-1.));
#4498 = ADVANCED_FACE('',(#4499),#4513,.T.);
#4499 = FACE_BOUND('',#4500,.T.);
#4500 = EDGE_LOOP('',(#4501,#4502,#4503,#4504,#4505,#4506,#4507,#4508,
    #4509,#4510,#4511,#4512));
#4501 = ORIENTED_EDGE('',*,*,#4140,.T.);
#4502 = ORIENTED_EDGE('',*,*,#4179,.T.);
#4503 = ORIENTED_EDGE('',*,*,#4211,.T.);
#4504 = ORIENTED_EDGE('',*,*,#4227,.T.);
#4505 = ORIENTED_EDGE('',*,*,#4275,.T.);
#4506 = ORIENTED_EDGE('',*,*,#4306,.T.);
#4507 = ORIENTED_EDGE('',*,*,#4337,.T.);
#4508 = ORIENTED_EDGE('',*,*,#4369,.T.);
#4509 = ORIENTED_EDGE('',*,*,#4401,.T.);
#4510 = ORIENTED_EDGE('',*,*,#4417,.T.);
#4511 = ORIENTED_EDGE('',*,*,#4465,.T.);
#4512 = ORIENTED_EDGE('',*,*,#4487,.T.);
#4513 = PLANE('',#4514);
#4514 = AXIS2_PLACEMENT_3D('',#4515,#4516,#4517);
#4515 = CARTESIAN_POINT('',(0.65,1.85,-7.95));
#4516 = DIRECTION('',(-1.668003342285E-16,0.,-1.));
#4517 = DIRECTION('',(-1.,0.,1.668003342285E-16));
#4518 = ADVANCED_FACE('',(#4519),#4533,.F.);
#4519 = FACE_BOUND('',#4520,.T.);
#4520 = EDGE_LOOP('',(#4521,#4522,#4523,#4524,#4525,#4526,#4527,#4528,
    #4529,#4530,#4531,#4532));
#4521 = ORIENTED_EDGE('',*,*,#4122,.F.);
#4522 = ORIENTED_EDGE('',*,*,#4480,.F.);
#4523 = ORIENTED_EDGE('',*,*,#4449,.F.);
#4524 = ORIENTED_EDGE('',*,*,#4434,.F.);
#4525 = ORIENTED_EDGE('',*,*,#4385,.F.);
#4526 = ORIENTED_EDGE('',*,*,#4352,.F.);
#4527 = ORIENTED_EDGE('',*,*,#4321,.F.);
#4528 = ORIENTED_EDGE('',*,*,#4290,.F.);
#4529 = ORIENTED_EDGE('',*,*,#4259,.F.);
#4530 = ORIENTED_EDGE('',*,*,#4244,.F.);
#4531 = ORIENTED_EDGE('',*,*,#4195,.F.);
#4532 = ORIENTED_EDGE('',*,*,#4162,.F.);
#4533 = PLANE('',#4534);
#4534 = AXIS2_PLACEMENT_3D('',#4535,#4536,#4537);
#4535 = CARTESIAN_POINT('',(0.65,1.85,-7.45));
#4536 = DIRECTION('',(-1.668003342285E-16,0.,-1.));
#4537 = DIRECTION('',(-1.,0.,1.668003342285E-16));
#4538 = MANIFOLD_SOLID_BREP('',#4539);
#4539 = CLOSED_SHELL('',(#4540,#4582,#4613,#4644,#4675,#4708,#4739,#4772
    ,#4803,#4834,#4865,#4898,#4920,#4940));
#4540 = ADVANCED_FACE('',(#4541),#4577,.T.);
#4541 = FACE_BOUND('',#4542,.T.);
#4542 = EDGE_LOOP('',(#4543,#4554,#4562,#4571));
#4543 = ORIENTED_EDGE('',*,*,#4544,.T.);
#4544 = EDGE_CURVE('',#4545,#4547,#4549,.T.);
#4545 = VERTEX_POINT('',#4546);
#4546 = CARTESIAN_POINT('',(-1.35,1.85,-8.4));
#4547 = VERTEX_POINT('',#4548);
#4548 = CARTESIAN_POINT('',(-1.15,2.05,-8.4));
#4549 = CIRCLE('',#4550,0.2);
#4550 = AXIS2_PLACEMENT_3D('',#4551,#4552,#4553);
#4551 = CARTESIAN_POINT('',(-1.15,1.85,-8.4));
#4552 = DIRECTION('',(-1.668003342285E-16,0.,-1.));
#4553 = DIRECTION('',(-1.,0.,1.668003342285E-16));
#4554 = ORIENTED_EDGE('',*,*,#4555,.F.);
#4555 = EDGE_CURVE('',#4556,#4547,#4558,.T.);
#4556 = VERTEX_POINT('',#4557);
#4557 = CARTESIAN_POINT('',(-1.15,2.05,-8.9));
#4558 = LINE('',#4559,#4560);
#4559 = CARTESIAN_POINT('',(-1.15,2.05,-8.9));
#4560 = VECTOR('',#4561,1.);
#4561 = DIRECTION('',(1.668003342285E-16,-0.,1.));
#4562 = ORIENTED_EDGE('',*,*,#4563,.F.);
#4563 = EDGE_CURVE('',#4564,#4556,#4566,.T.);
#4564 = VERTEX_POINT('',#4565);
#4565 = CARTESIAN_POINT('',(-1.35,1.85,-8.9));
#4566 = CIRCLE('',#4567,0.2);
#4567 = AXIS2_PLACEMENT_3D('',#4568,#4569,#4570);
#4568 = CARTESIAN_POINT('',(-1.15,1.85,-8.9));
#4569 = DIRECTION('',(-1.668003342285E-16,0.,-1.));
#4570 = DIRECTION('',(-1.,0.,1.668003342285E-16));
#4571 = ORIENTED_EDGE('',*,*,#4572,.T.);
#4572 = EDGE_CURVE('',#4564,#4545,#4573,.T.);
#4573 = LINE('',#4574,#4575);
#4574 = CARTESIAN_POINT('',(-1.35,1.85,-8.9));
#4575 = VECTOR('',#4576,1.);
#4576 = DIRECTION('',(1.668003342285E-16,-0.,1.));
#4577 = CYLINDRICAL_SURFACE('',#4578,0.2);
#4578 = AXIS2_PLACEMENT_3D('',#4579,#4580,#4581);
#4579 = CARTESIAN_POINT('',(-1.15,1.85,-8.9));
#4580 = DIRECTION('',(1.668003342285E-16,-0.,1.));
#4581 = DIRECTION('',(1.,0.,-1.668003342285E-16));
#4582 = ADVANCED_FACE('',(#4583),#4608,.F.);
#4583 = FACE_BOUND('',#4584,.T.);
#4584 = EDGE_LOOP('',(#4585,#4593,#4601,#4607));
#4585 = ORIENTED_EDGE('',*,*,#4586,.T.);
#4586 = EDGE_CURVE('',#4547,#4587,#4589,.T.);
#4587 = VERTEX_POINT('',#4588);
#4588 = CARTESIAN_POINT('',(-1.,2.05,-8.4));
#4589 = LINE('',#4590,#4591);
#4590 = CARTESIAN_POINT('',(-1.15,2.05,-8.4));
#4591 = VECTOR('',#4592,1.);
#4592 = DIRECTION('',(1.,-2.891205793294E-15,0.));
#4593 = ORIENTED_EDGE('',*,*,#4594,.F.);
#4594 = EDGE_CURVE('',#4595,#4587,#4597,.T.);
#4595 = VERTEX_POINT('',#4596);
#4596 = CARTESIAN_POINT('',(-1.,2.05,-8.9));
#4597 = LINE('',#4598,#4599);
#4598 = CARTESIAN_POINT('',(-1.,2.05,-8.9));
#4599 = VECTOR('',#4600,1.);
#4600 = DIRECTION('',(1.668003342285E-16,-0.,1.));
#4601 = ORIENTED_EDGE('',*,*,#4602,.F.);
#4602 = EDGE_CURVE('',#4556,#4595,#4603,.T.);
#4603 = LINE('',#4604,#4605);
#4604 = CARTESIAN_POINT('',(-1.15,2.05,-8.9));
#4605 = VECTOR('',#4606,1.);
#4606 = DIRECTION('',(1.,-2.891205793294E-15,0.));
#4607 = ORIENTED_EDGE('',*,*,#4555,.T.);
#4608 = PLANE('',#4609);
#4609 = AXIS2_PLACEMENT_3D('',#4610,#4611,#4612);
#4610 = CARTESIAN_POINT('',(-1.15,2.05,-8.9));
#4611 = DIRECTION('',(-2.891205793294E-15,-1.,4.82254092645E-31));
#4612 = DIRECTION('',(1.,-2.891205793294E-15,0.));
#4613 = ADVANCED_FACE('',(#4614),#4639,.F.);
#4614 = FACE_BOUND('',#4615,.T.);
#4615 = EDGE_LOOP('',(#4616,#4624,#4632,#4638));
#4616 = ORIENTED_EDGE('',*,*,#4617,.T.);
#4617 = EDGE_CURVE('',#4587,#4618,#4620,.T.);
#4618 = VERTEX_POINT('',#4619);
#4619 = CARTESIAN_POINT('',(-1.,1.9,-8.4));
#4620 = LINE('',#4621,#4622);
#4621 = CARTESIAN_POINT('',(-1.,2.05,-8.4));
#4622 = VECTOR('',#4623,1.);
#4623 = DIRECTION('',(-1.445602896648E-15,-1.,0.));
#4624 = ORIENTED_EDGE('',*,*,#4625,.F.);
#4625 = EDGE_CURVE('',#4626,#4618,#4628,.T.);
#4626 = VERTEX_POINT('',#4627);
#4627 = CARTESIAN_POINT('',(-1.,1.9,-8.9));
#4628 = LINE('',#4629,#4630);
#4629 = CARTESIAN_POINT('',(-1.,1.9,-8.9));
#4630 = VECTOR('',#4631,1.);
#4631 = DIRECTION('',(1.668003342285E-16,-0.,1.));
#4632 = ORIENTED_EDGE('',*,*,#4633,.F.);
#4633 = EDGE_CURVE('',#4595,#4626,#4634,.T.);
#4634 = LINE('',#4635,#4636);
#4635 = CARTESIAN_POINT('',(-1.,2.05,-8.9));
#4636 = VECTOR('',#4637,1.);
#4637 = DIRECTION('',(-1.445602896648E-15,-1.,0.));
#4638 = ORIENTED_EDGE('',*,*,#4594,.T.);
#4639 = PLANE('',#4640);
#4640 = AXIS2_PLACEMENT_3D('',#4641,#4642,#4643);
#4641 = CARTESIAN_POINT('',(-1.,2.05,-8.9));
#4642 = DIRECTION('',(-1.,1.445602896648E-15,1.668003342285E-16));
#4643 = DIRECTION('',(-1.445602896648E-15,-1.,0.));
#4644 = ADVANCED_FACE('',(#4645),#4670,.F.);
#4645 = FACE_BOUND('',#4646,.T.);
#4646 = EDGE_LOOP('',(#4647,#4655,#4663,#4669));
#4647 = ORIENTED_EDGE('',*,*,#4648,.T.);
#4648 = EDGE_CURVE('',#4618,#4649,#4651,.T.);
#4649 = VERTEX_POINT('',#4650);
#4650 = CARTESIAN_POINT('',(-1.15,1.9,-8.4));
#4651 = LINE('',#4652,#4653);
#4652 = CARTESIAN_POINT('',(-1.,1.9,-8.4));
#4653 = VECTOR('',#4654,1.);
#4654 = DIRECTION('',(-1.,0.,0.));
#4655 = ORIENTED_EDGE('',*,*,#4656,.F.);
#4656 = EDGE_CURVE('',#4657,#4649,#4659,.T.);
#4657 = VERTEX_POINT('',#4658);
#4658 = CARTESIAN_POINT('',(-1.15,1.9,-8.9));
#4659 = LINE('',#4660,#4661);
#4660 = CARTESIAN_POINT('',(-1.15,1.9,-8.9));
#4661 = VECTOR('',#4662,1.);
#4662 = DIRECTION('',(1.668003342285E-16,-0.,1.));
#4663 = ORIENTED_EDGE('',*,*,#4664,.F.);
#4664 = EDGE_CURVE('',#4626,#4657,#4665,.T.);
#4665 = LINE('',#4666,#4667);
#4666 = CARTESIAN_POINT('',(-1.,1.9,-8.9));
#4667 = VECTOR('',#4668,1.);
#4668 = DIRECTION('',(-1.,0.,0.));
#4669 = ORIENTED_EDGE('',*,*,#4625,.T.);
#4670 = PLANE('',#4671);
#4671 = AXIS2_PLACEMENT_3D('',#4672,#4673,#4674);
#4672 = CARTESIAN_POINT('',(-1.,1.9,-8.9));
#4673 = DIRECTION('',(0.,1.,0.));
#4674 = DIRECTION('',(0.,-0.,1.));
#4675 = ADVANCED_FACE('',(#4676),#4703,.F.);
#4676 = FACE_BOUND('',#4677,.F.);
#4677 = EDGE_LOOP('',(#4678,#4679,#4688,#4696));
#4678 = ORIENTED_EDGE('',*,*,#4656,.F.);
#4679 = ORIENTED_EDGE('',*,*,#4680,.T.);
#4680 = EDGE_CURVE('',#4657,#4681,#4683,.T.);
#4681 = VERTEX_POINT('',#4682);
#4682 = CARTESIAN_POINT('',(-1.2,1.85,-8.9));
#4683 = CIRCLE('',#4684,5.E-02);
#4684 = AXIS2_PLACEMENT_3D('',#4685,#4686,#4687);
#4685 = CARTESIAN_POINT('',(-1.15,1.85,-8.9));
#4686 = DIRECTION('',(1.668003342285E-16,-0.,1.));
#4687 = DIRECTION('',(1.,0.,-1.668003342285E-16));
#4688 = ORIENTED_EDGE('',*,*,#4689,.T.);
#4689 = EDGE_CURVE('',#4681,#4690,#4692,.T.);
#4690 = VERTEX_POINT('',#4691);
#4691 = CARTESIAN_POINT('',(-1.2,1.85,-8.4));
#4692 = LINE('',#4693,#4694);
#4693 = CARTESIAN_POINT('',(-1.2,1.85,-8.9));
#4694 = VECTOR('',#4695,1.);
#4695 = DIRECTION('',(1.668003342285E-16,-0.,1.));
#4696 = ORIENTED_EDGE('',*,*,#4697,.F.);
#4697 = EDGE_CURVE('',#4649,#4690,#4698,.T.);
#4698 = CIRCLE('',#4699,5.E-02);
#4699 = AXIS2_PLACEMENT_3D('',#4700,#4701,#4702);
#4700 = CARTESIAN_POINT('',(-1.15,1.85,-8.4));
#4701 = DIRECTION('',(1.668003342285E-16,-0.,1.));
#4702 = DIRECTION('',(1.,0.,-1.668003342285E-16));
#4703 = CYLINDRICAL_SURFACE('',#4704,5.E-02);
#4704 = AXIS2_PLACEMENT_3D('',#4705,#4706,#4707);
#4705 = CARTESIAN_POINT('',(-1.15,1.85,-8.9));
#4706 = DIRECTION('',(1.668003342285E-16,-0.,1.));
#4707 = DIRECTION('',(1.,0.,-1.668003342285E-16));
#4708 = ADVANCED_FACE('',(#4709),#4734,.F.);
#4709 = FACE_BOUND('',#4710,.T.);
#4710 = EDGE_LOOP('',(#4711,#4719,#4727,#4733));
#4711 = ORIENTED_EDGE('',*,*,#4712,.T.);
#4712 = EDGE_CURVE('',#4690,#4713,#4715,.T.);
#4713 = VERTEX_POINT('',#4714);
#4714 = CARTESIAN_POINT('',(-1.2,1.4,-8.4));
#4715 = LINE('',#4716,#4717);
#4716 = CARTESIAN_POINT('',(-1.2,1.85,-8.4));
#4717 = VECTOR('',#4718,1.);
#4718 = DIRECTION('',(0.,-1.,0.));
#4719 = ORIENTED_EDGE('',*,*,#4720,.F.);
#4720 = EDGE_CURVE('',#4721,#4713,#4723,.T.);
#4721 = VERTEX_POINT('',#4722);
#4722 = CARTESIAN_POINT('',(-1.2,1.4,-8.9));
#4723 = LINE('',#4724,#4725);
#4724 = CARTESIAN_POINT('',(-1.2,1.4,-8.9));
#4725 = VECTOR('',#4726,1.);
#4726 = DIRECTION('',(1.668003342285E-16,-0.,1.));
#4727 = ORIENTED_EDGE('',*,*,#4728,.F.);
#4728 = EDGE_CURVE('',#4681,#4721,#4729,.T.);
#4729 = LINE('',#4730,#4731);
#4730 = CARTESIAN_POINT('',(-1.2,1.85,-8.9));
#4731 = VECTOR('',#4732,1.);
#4732 = DIRECTION('',(0.,-1.,0.));
#4733 = ORIENTED_EDGE('',*,*,#4689,.T.);
#4734 = PLANE('',#4735);
#4735 = AXIS2_PLACEMENT_3D('',#4736,#4737,#4738);
#4736 = CARTESIAN_POINT('',(-1.2,1.85,-8.9));
#4737 = DIRECTION('',(-1.,0.,1.668003342285E-16));
#4738 = DIRECTION('',(1.668003342285E-16,0.,1.));
#4739 = ADVANCED_FACE('',(#4740),#4767,.T.);
#4740 = FACE_BOUND('',#4741,.T.);
#4741 = EDGE_LOOP('',(#4742,#4751,#4759,#4766));
#4742 = ORIENTED_EDGE('',*,*,#4743,.T.);
#4743 = EDGE_CURVE('',#4713,#4744,#4746,.T.);
#4744 = VERTEX_POINT('',#4745);
#4745 = CARTESIAN_POINT('',(-1.4,1.2,-8.4));
#4746 = CIRCLE('',#4747,0.2);
#4747 = AXIS2_PLACEMENT_3D('',#4748,#4749,#4750);
#4748 = CARTESIAN_POINT('',(-1.4,1.4,-8.4));
#4749 = DIRECTION('',(-1.668003342285E-16,0.,-1.));
#4750 = DIRECTION('',(-1.,0.,1.668003342285E-16));
#4751 = ORIENTED_EDGE('',*,*,#4752,.F.);
#4752 = EDGE_CURVE('',#4753,#4744,#4755,.T.);
#4753 = VERTEX_POINT('',#4754);
#4754 = CARTESIAN_POINT('',(-1.4,1.2,-8.9));
#4755 = LINE('',#4756,#4757);
#4756 = CARTESIAN_POINT('',(-1.4,1.2,-8.9));
#4757 = VECTOR('',#4758,1.);
#4758 = DIRECTION('',(1.668003342285E-16,-0.,1.));
#4759 = ORIENTED_EDGE('',*,*,#4760,.F.);
#4760 = EDGE_CURVE('',#4721,#4753,#4761,.T.);
#4761 = CIRCLE('',#4762,0.2);
#4762 = AXIS2_PLACEMENT_3D('',#4763,#4764,#4765);
#4763 = CARTESIAN_POINT('',(-1.4,1.4,-8.9));
#4764 = DIRECTION('',(-1.668003342285E-16,0.,-1.));
#4765 = DIRECTION('',(-1.,0.,1.668003342285E-16));
#4766 = ORIENTED_EDGE('',*,*,#4720,.T.);
#4767 = CYLINDRICAL_SURFACE('',#4768,0.2);
#4768 = AXIS2_PLACEMENT_3D('',#4769,#4770,#4771);
#4769 = CARTESIAN_POINT('',(-1.4,1.4,-8.9));
#4770 = DIRECTION('',(1.668003342285E-16,-0.,1.));
#4771 = DIRECTION('',(1.,0.,-1.668003342285E-16));
#4772 = ADVANCED_FACE('',(#4773),#4798,.F.);
#4773 = FACE_BOUND('',#4774,.T.);
#4774 = EDGE_LOOP('',(#4775,#4783,#4791,#4797));
#4775 = ORIENTED_EDGE('',*,*,#4776,.T.);
#4776 = EDGE_CURVE('',#4744,#4777,#4779,.T.);
#4777 = VERTEX_POINT('',#4778);
#4778 = CARTESIAN_POINT('',(-1.6,1.2,-8.4));
#4779 = LINE('',#4780,#4781);
#4780 = CARTESIAN_POINT('',(-1.4,1.2,-8.4));
#4781 = VECTOR('',#4782,1.);
#4782 = DIRECTION('',(-1.,1.084202172486E-15,0.));
#4783 = ORIENTED_EDGE('',*,*,#4784,.F.);
#4784 = EDGE_CURVE('',#4785,#4777,#4787,.T.);
#4785 = VERTEX_POINT('',#4786);
#4786 = CARTESIAN_POINT('',(-1.6,1.2,-8.9));
#4787 = LINE('',#4788,#4789);
#4788 = CARTESIAN_POINT('',(-1.6,1.2,-8.9));
#4789 = VECTOR('',#4790,1.);
#4790 = DIRECTION('',(1.668003342285E-16,-0.,1.));
#4791 = ORIENTED_EDGE('',*,*,#4792,.F.);
#4792 = EDGE_CURVE('',#4753,#4785,#4793,.T.);
#4793 = LINE('',#4794,#4795);
#4794 = CARTESIAN_POINT('',(-1.4,1.2,-8.9));
#4795 = VECTOR('',#4796,1.);
#4796 = DIRECTION('',(-1.,1.084202172486E-15,0.));
#4797 = ORIENTED_EDGE('',*,*,#4752,.T.);
#4798 = PLANE('',#4799);
#4799 = AXIS2_PLACEMENT_3D('',#4800,#4801,#4802);
#4800 = CARTESIAN_POINT('',(-1.4,1.2,-8.9));
#4801 = DIRECTION('',(1.084202172486E-15,1.,-1.808452847419E-31));
#4802 = DIRECTION('',(-1.,1.084202172486E-15,0.));
#4803 = ADVANCED_FACE('',(#4804),#4829,.F.);
#4804 = FACE_BOUND('',#4805,.T.);
#4805 = EDGE_LOOP('',(#4806,#4814,#4822,#4828));
#4806 = ORIENTED_EDGE('',*,*,#4807,.T.);
#4807 = EDGE_CURVE('',#4777,#4808,#4810,.T.);
#4808 = VERTEX_POINT('',#4809);
#4809 = CARTESIAN_POINT('',(-1.6,1.35,-8.4));
#4810 = LINE('',#4811,#4812);
#4811 = CARTESIAN_POINT('',(-1.6,1.2,-8.4));
#4812 = VECTOR('',#4813,1.);
#4813 = DIRECTION('',(0.,1.,0.));
#4814 = ORIENTED_EDGE('',*,*,#4815,.F.);
#4815 = EDGE_CURVE('',#4816,#4808,#4818,.T.);
#4816 = VERTEX_POINT('',#4817);
#4817 = CARTESIAN_POINT('',(-1.6,1.35,-8.9));
#4818 = LINE('',#4819,#4820);
#4819 = CARTESIAN_POINT('',(-1.6,1.35,-8.9));
#4820 = VECTOR('',#4821,1.);
#4821 = DIRECTION('',(1.668003342285E-16,-0.,1.));
#4822 = ORIENTED_EDGE('',*,*,#4823,.F.);
#4823 = EDGE_CURVE('',#4785,#4816,#4824,.T.);
#4824 = LINE('',#4825,#4826);
#4825 = CARTESIAN_POINT('',(-1.6,1.2,-8.9));
#4826 = VECTOR('',#4827,1.);
#4827 = DIRECTION('',(0.,1.,0.));
#4828 = ORIENTED_EDGE('',*,*,#4784,.T.);
#4829 = PLANE('',#4830);
#4830 = AXIS2_PLACEMENT_3D('',#4831,#4832,#4833);
#4831 = CARTESIAN_POINT('',(-1.6,1.2,-8.9));
#4832 = DIRECTION('',(1.,0.,-1.668003342285E-16));
#4833 = DIRECTION('',(-1.668003342285E-16,0.,-1.));
#4834 = ADVANCED_FACE('',(#4835),#4860,.F.);
#4835 = FACE_BOUND('',#4836,.T.);
#4836 = EDGE_LOOP('',(#4837,#4845,#4853,#4859));
#4837 = ORIENTED_EDGE('',*,*,#4838,.T.);
#4838 = EDGE_CURVE('',#4808,#4839,#4841,.T.);
#4839 = VERTEX_POINT('',#4840);
#4840 = CARTESIAN_POINT('',(-1.4,1.35,-8.4));
#4841 = LINE('',#4842,#4843);
#4842 = CARTESIAN_POINT('',(-1.6,1.35,-8.4));
#4843 = VECTOR('',#4844,1.);
#4844 = DIRECTION('',(1.,-1.084202172486E-15,0.));
#4845 = ORIENTED_EDGE('',*,*,#4846,.F.);
#4846 = EDGE_CURVE('',#4847,#4839,#4849,.T.);
#4847 = VERTEX_POINT('',#4848);
#4848 = CARTESIAN_POINT('',(-1.4,1.35,-8.9));
#4849 = LINE('',#4850,#4851);
#4850 = CARTESIAN_POINT('',(-1.4,1.35,-8.9));
#4851 = VECTOR('',#4852,1.);
#4852 = DIRECTION('',(1.668003342285E-16,-0.,1.));
#4853 = ORIENTED_EDGE('',*,*,#4854,.F.);
#4854 = EDGE_CURVE('',#4816,#4847,#4855,.T.);
#4855 = LINE('',#4856,#4857);
#4856 = CARTESIAN_POINT('',(-1.6,1.35,-8.9));
#4857 = VECTOR('',#4858,1.);
#4858 = DIRECTION('',(1.,-1.084202172486E-15,0.));
#4859 = ORIENTED_EDGE('',*,*,#4815,.T.);
#4860 = PLANE('',#4861);
#4861 = AXIS2_PLACEMENT_3D('',#4862,#4863,#4864);
#4862 = CARTESIAN_POINT('',(-1.6,1.35,-8.9));
#4863 = DIRECTION('',(-1.084202172486E-15,-1.,1.808452847419E-31));
#4864 = DIRECTION('',(1.,-1.084202172486E-15,0.));
#4865 = ADVANCED_FACE('',(#4866),#4893,.F.);
#4866 = FACE_BOUND('',#4867,.F.);
#4867 = EDGE_LOOP('',(#4868,#4869,#4878,#4886));
#4868 = ORIENTED_EDGE('',*,*,#4846,.F.);
#4869 = ORIENTED_EDGE('',*,*,#4870,.T.);
#4870 = EDGE_CURVE('',#4847,#4871,#4873,.T.);
#4871 = VERTEX_POINT('',#4872);
#4872 = CARTESIAN_POINT('',(-1.35,1.4,-8.9));
#4873 = CIRCLE('',#4874,5.E-02);
#4874 = AXIS2_PLACEMENT_3D('',#4875,#4876,#4877);
#4875 = CARTESIAN_POINT('',(-1.4,1.4,-8.9));
#4876 = DIRECTION('',(1.668003342285E-16,-0.,1.));
#4877 = DIRECTION('',(1.,0.,-1.668003342285E-16));
#4878 = ORIENTED_EDGE('',*,*,#4879,.T.);
#4879 = EDGE_CURVE('',#4871,#4880,#4882,.T.);
#4880 = VERTEX_POINT('',#4881);
#4881 = CARTESIAN_POINT('',(-1.35,1.4,-8.4));
#4882 = LINE('',#4883,#4884);
#4883 = CARTESIAN_POINT('',(-1.35,1.4,-8.9));
#4884 = VECTOR('',#4885,1.);
#4885 = DIRECTION('',(1.668003342285E-16,-0.,1.));
#4886 = ORIENTED_EDGE('',*,*,#4887,.F.);
#4887 = EDGE_CURVE('',#4839,#4880,#4888,.T.);
#4888 = CIRCLE('',#4889,5.E-02);
#4889 = AXIS2_PLACEMENT_3D('',#4890,#4891,#4892);
#4890 = CARTESIAN_POINT('',(-1.4,1.4,-8.4));
#4891 = DIRECTION('',(1.668003342285E-16,-0.,1.));
#4892 = DIRECTION('',(1.,0.,-1.668003342285E-16));
#4893 = CYLINDRICAL_SURFACE('',#4894,5.E-02);
#4894 = AXIS2_PLACEMENT_3D('',#4895,#4896,#4897);
#4895 = CARTESIAN_POINT('',(-1.4,1.4,-8.9));
#4896 = DIRECTION('',(1.668003342285E-16,-0.,1.));
#4897 = DIRECTION('',(1.,0.,-1.668003342285E-16));
#4898 = ADVANCED_FACE('',(#4899),#4915,.F.);
#4899 = FACE_BOUND('',#4900,.T.);
#4900 = EDGE_LOOP('',(#4901,#4907,#4908,#4914));
#4901 = ORIENTED_EDGE('',*,*,#4902,.T.);
#4902 = EDGE_CURVE('',#4880,#4545,#4903,.T.);
#4903 = LINE('',#4904,#4905);
#4904 = CARTESIAN_POINT('',(-1.35,1.4,-8.4));
#4905 = VECTOR('',#4906,1.);
#4906 = DIRECTION('',(9.637352644315E-16,1.,0.));
#4907 = ORIENTED_EDGE('',*,*,#4572,.F.);
#4908 = ORIENTED_EDGE('',*,*,#4909,.F.);
#4909 = EDGE_CURVE('',#4871,#4564,#4910,.T.);
#4910 = LINE('',#4911,#4912);
#4911 = CARTESIAN_POINT('',(-1.35,1.4,-8.9));
#4912 = VECTOR('',#4913,1.);
#4913 = DIRECTION('',(9.637352644315E-16,1.,0.));
#4914 = ORIENTED_EDGE('',*,*,#4879,.T.);
#4915 = PLANE('',#4916);
#4916 = AXIS2_PLACEMENT_3D('',#4917,#4918,#4919);
#4917 = CARTESIAN_POINT('',(-1.35,1.4,-8.9));
#4918 = DIRECTION('',(1.,-9.637352644315E-16,-1.668003342285E-16));
#4919 = DIRECTION('',(9.637352644315E-16,1.,0.));
#4920 = ADVANCED_FACE('',(#4921),#4935,.T.);
#4921 = FACE_BOUND('',#4922,.T.);
#4922 = EDGE_LOOP('',(#4923,#4924,#4925,#4926,#4927,#4928,#4929,#4930,
    #4931,#4932,#4933,#4934));
#4923 = ORIENTED_EDGE('',*,*,#4563,.T.);
#4924 = ORIENTED_EDGE('',*,*,#4602,.T.);
#4925 = ORIENTED_EDGE('',*,*,#4633,.T.);
#4926 = ORIENTED_EDGE('',*,*,#4664,.T.);
#4927 = ORIENTED_EDGE('',*,*,#4680,.T.);
#4928 = ORIENTED_EDGE('',*,*,#4728,.T.);
#4929 = ORIENTED_EDGE('',*,*,#4760,.T.);
#4930 = ORIENTED_EDGE('',*,*,#4792,.T.);
#4931 = ORIENTED_EDGE('',*,*,#4823,.T.);
#4932 = ORIENTED_EDGE('',*,*,#4854,.T.);
#4933 = ORIENTED_EDGE('',*,*,#4870,.T.);
#4934 = ORIENTED_EDGE('',*,*,#4909,.T.);
#4935 = PLANE('',#4936);
#4936 = AXIS2_PLACEMENT_3D('',#4937,#4938,#4939);
#4937 = CARTESIAN_POINT('',(-1.15,1.85,-8.9));
#4938 = DIRECTION('',(-1.668003342285E-16,0.,-1.));
#4939 = DIRECTION('',(-1.,0.,1.668003342285E-16));
#4940 = ADVANCED_FACE('',(#4941),#4955,.F.);
#4941 = FACE_BOUND('',#4942,.T.);
#4942 = EDGE_LOOP('',(#4943,#4944,#4945,#4946,#4947,#4948,#4949,#4950,
    #4951,#4952,#4953,#4954));
#4943 = ORIENTED_EDGE('',*,*,#4544,.F.);
#4944 = ORIENTED_EDGE('',*,*,#4902,.F.);
#4945 = ORIENTED_EDGE('',*,*,#4887,.F.);
#4946 = ORIENTED_EDGE('',*,*,#4838,.F.);
#4947 = ORIENTED_EDGE('',*,*,#4807,.F.);
#4948 = ORIENTED_EDGE('',*,*,#4776,.F.);
#4949 = ORIENTED_EDGE('',*,*,#4743,.F.);
#4950 = ORIENTED_EDGE('',*,*,#4712,.F.);
#4951 = ORIENTED_EDGE('',*,*,#4697,.F.);
#4952 = ORIENTED_EDGE('',*,*,#4648,.F.);
#4953 = ORIENTED_EDGE('',*,*,#4617,.F.);
#4954 = ORIENTED_EDGE('',*,*,#4586,.F.);
#4955 = PLANE('',#4956);
#4956 = AXIS2_PLACEMENT_3D('',#4957,#4958,#4959);
#4957 = CARTESIAN_POINT('',(-1.15,1.85,-8.4));
#4958 = DIRECTION('',(-1.668003342285E-16,0.,-1.));
#4959 = DIRECTION('',(-1.,0.,1.668003342285E-16));
#4960 = MANIFOLD_SOLID_BREP('',#4961);
#4961 = CLOSED_SHELL('',(#4962,#5004,#5035,#5066,#5097,#5130,#5161,#5194
    ,#5225,#5256,#5287,#5320,#5342,#5362));
#4962 = ADVANCED_FACE('',(#4963),#4999,.T.);
#4963 = FACE_BOUND('',#4964,.T.);
#4964 = EDGE_LOOP('',(#4965,#4976,#4984,#4993));
#4965 = ORIENTED_EDGE('',*,*,#4966,.T.);
#4966 = EDGE_CURVE('',#4967,#4969,#4971,.T.);
#4967 = VERTEX_POINT('',#4968);
#4968 = CARTESIAN_POINT('',(-1.35,1.85,-7.45));
#4969 = VERTEX_POINT('',#4970);
#4970 = CARTESIAN_POINT('',(-1.15,2.05,-7.45));
#4971 = CIRCLE('',#4972,0.2);
#4972 = AXIS2_PLACEMENT_3D('',#4973,#4974,#4975);
#4973 = CARTESIAN_POINT('',(-1.15,1.85,-7.45));
#4974 = DIRECTION('',(-1.668003342285E-16,0.,-1.));
#4975 = DIRECTION('',(-1.,0.,1.668003342285E-16));
#4976 = ORIENTED_EDGE('',*,*,#4977,.F.);
#4977 = EDGE_CURVE('',#4978,#4969,#4980,.T.);
#4978 = VERTEX_POINT('',#4979);
#4979 = CARTESIAN_POINT('',(-1.15,2.05,-7.95));
#4980 = LINE('',#4981,#4982);
#4981 = CARTESIAN_POINT('',(-1.15,2.05,-7.95));
#4982 = VECTOR('',#4983,1.);
#4983 = DIRECTION('',(1.668003342285E-16,-0.,1.));
#4984 = ORIENTED_EDGE('',*,*,#4985,.F.);
#4985 = EDGE_CURVE('',#4986,#4978,#4988,.T.);
#4986 = VERTEX_POINT('',#4987);
#4987 = CARTESIAN_POINT('',(-1.35,1.85,-7.95));
#4988 = CIRCLE('',#4989,0.2);
#4989 = AXIS2_PLACEMENT_3D('',#4990,#4991,#4992);
#4990 = CARTESIAN_POINT('',(-1.15,1.85,-7.95));
#4991 = DIRECTION('',(-1.668003342285E-16,0.,-1.));
#4992 = DIRECTION('',(-1.,0.,1.668003342285E-16));
#4993 = ORIENTED_EDGE('',*,*,#4994,.T.);
#4994 = EDGE_CURVE('',#4986,#4967,#4995,.T.);
#4995 = LINE('',#4996,#4997);
#4996 = CARTESIAN_POINT('',(-1.35,1.85,-7.95));
#4997 = VECTOR('',#4998,1.);
#4998 = DIRECTION('',(1.668003342285E-16,-0.,1.));
#4999 = CYLINDRICAL_SURFACE('',#5000,0.2);
#5000 = AXIS2_PLACEMENT_3D('',#5001,#5002,#5003);
#5001 = CARTESIAN_POINT('',(-1.15,1.85,-7.95));
#5002 = DIRECTION('',(1.668003342285E-16,-0.,1.));
#5003 = DIRECTION('',(1.,0.,-1.668003342285E-16));
#5004 = ADVANCED_FACE('',(#5005),#5030,.F.);
#5005 = FACE_BOUND('',#5006,.T.);
#5006 = EDGE_LOOP('',(#5007,#5015,#5023,#5029));
#5007 = ORIENTED_EDGE('',*,*,#5008,.T.);
#5008 = EDGE_CURVE('',#4969,#5009,#5011,.T.);
#5009 = VERTEX_POINT('',#5010);
#5010 = CARTESIAN_POINT('',(-1.,2.05,-7.45));
#5011 = LINE('',#5012,#5013);
#5012 = CARTESIAN_POINT('',(-1.15,2.05,-7.45));
#5013 = VECTOR('',#5014,1.);
#5014 = DIRECTION('',(1.,-2.891205793294E-15,0.));
#5015 = ORIENTED_EDGE('',*,*,#5016,.F.);
#5016 = EDGE_CURVE('',#5017,#5009,#5019,.T.);
#5017 = VERTEX_POINT('',#5018);
#5018 = CARTESIAN_POINT('',(-1.,2.05,-7.95));
#5019 = LINE('',#5020,#5021);
#5020 = CARTESIAN_POINT('',(-1.,2.05,-7.95));
#5021 = VECTOR('',#5022,1.);
#5022 = DIRECTION('',(1.668003342285E-16,-0.,1.));
#5023 = ORIENTED_EDGE('',*,*,#5024,.F.);
#5024 = EDGE_CURVE('',#4978,#5017,#5025,.T.);
#5025 = LINE('',#5026,#5027);
#5026 = CARTESIAN_POINT('',(-1.15,2.05,-7.95));
#5027 = VECTOR('',#5028,1.);
#5028 = DIRECTION('',(1.,-2.891205793294E-15,0.));
#5029 = ORIENTED_EDGE('',*,*,#4977,.T.);
#5030 = PLANE('',#5031);
#5031 = AXIS2_PLACEMENT_3D('',#5032,#5033,#5034);
#5032 = CARTESIAN_POINT('',(-1.15,2.05,-7.95));
#5033 = DIRECTION('',(-2.891205793294E-15,-1.,4.82254092645E-31));
#5034 = DIRECTION('',(1.,-2.891205793294E-15,0.));
#5035 = ADVANCED_FACE('',(#5036),#5061,.F.);
#5036 = FACE_BOUND('',#5037,.T.);
#5037 = EDGE_LOOP('',(#5038,#5046,#5054,#5060));
#5038 = ORIENTED_EDGE('',*,*,#5039,.T.);
#5039 = EDGE_CURVE('',#5009,#5040,#5042,.T.);
#5040 = VERTEX_POINT('',#5041);
#5041 = CARTESIAN_POINT('',(-1.,1.9,-7.45));
#5042 = LINE('',#5043,#5044);
#5043 = CARTESIAN_POINT('',(-1.,2.05,-7.45));
#5044 = VECTOR('',#5045,1.);
#5045 = DIRECTION('',(-1.445602896648E-15,-1.,0.));
#5046 = ORIENTED_EDGE('',*,*,#5047,.F.);
#5047 = EDGE_CURVE('',#5048,#5040,#5050,.T.);
#5048 = VERTEX_POINT('',#5049);
#5049 = CARTESIAN_POINT('',(-1.,1.9,-7.95));
#5050 = LINE('',#5051,#5052);
#5051 = CARTESIAN_POINT('',(-1.,1.9,-7.95));
#5052 = VECTOR('',#5053,1.);
#5053 = DIRECTION('',(1.668003342285E-16,-0.,1.));
#5054 = ORIENTED_EDGE('',*,*,#5055,.F.);
#5055 = EDGE_CURVE('',#5017,#5048,#5056,.T.);
#5056 = LINE('',#5057,#5058);
#5057 = CARTESIAN_POINT('',(-1.,2.05,-7.95));
#5058 = VECTOR('',#5059,1.);
#5059 = DIRECTION('',(-1.445602896648E-15,-1.,0.));
#5060 = ORIENTED_EDGE('',*,*,#5016,.T.);
#5061 = PLANE('',#5062);
#5062 = AXIS2_PLACEMENT_3D('',#5063,#5064,#5065);
#5063 = CARTESIAN_POINT('',(-1.,2.05,-7.95));
#5064 = DIRECTION('',(-1.,1.445602896648E-15,1.668003342285E-16));
#5065 = DIRECTION('',(-1.445602896648E-15,-1.,0.));
#5066 = ADVANCED_FACE('',(#5067),#5092,.F.);
#5067 = FACE_BOUND('',#5068,.T.);
#5068 = EDGE_LOOP('',(#5069,#5077,#5085,#5091));
#5069 = ORIENTED_EDGE('',*,*,#5070,.T.);
#5070 = EDGE_CURVE('',#5040,#5071,#5073,.T.);
#5071 = VERTEX_POINT('',#5072);
#5072 = CARTESIAN_POINT('',(-1.15,1.9,-7.45));
#5073 = LINE('',#5074,#5075);
#5074 = CARTESIAN_POINT('',(-1.,1.9,-7.45));
#5075 = VECTOR('',#5076,1.);
#5076 = DIRECTION('',(-1.,0.,0.));
#5077 = ORIENTED_EDGE('',*,*,#5078,.F.);
#5078 = EDGE_CURVE('',#5079,#5071,#5081,.T.);
#5079 = VERTEX_POINT('',#5080);
#5080 = CARTESIAN_POINT('',(-1.15,1.9,-7.95));
#5081 = LINE('',#5082,#5083);
#5082 = CARTESIAN_POINT('',(-1.15,1.9,-7.95));
#5083 = VECTOR('',#5084,1.);
#5084 = DIRECTION('',(1.668003342285E-16,-0.,1.));
#5085 = ORIENTED_EDGE('',*,*,#5086,.F.);
#5086 = EDGE_CURVE('',#5048,#5079,#5087,.T.);
#5087 = LINE('',#5088,#5089);
#5088 = CARTESIAN_POINT('',(-1.,1.9,-7.95));
#5089 = VECTOR('',#5090,1.);
#5090 = DIRECTION('',(-1.,0.,0.));
#5091 = ORIENTED_EDGE('',*,*,#5047,.T.);
#5092 = PLANE('',#5093);
#5093 = AXIS2_PLACEMENT_3D('',#5094,#5095,#5096);
#5094 = CARTESIAN_POINT('',(-1.,1.9,-7.95));
#5095 = DIRECTION('',(0.,1.,0.));
#5096 = DIRECTION('',(0.,-0.,1.));
#5097 = ADVANCED_FACE('',(#5098),#5125,.F.);
#5098 = FACE_BOUND('',#5099,.F.);
#5099 = EDGE_LOOP('',(#5100,#5101,#5110,#5118));
#5100 = ORIENTED_EDGE('',*,*,#5078,.F.);
#5101 = ORIENTED_EDGE('',*,*,#5102,.T.);
#5102 = EDGE_CURVE('',#5079,#5103,#5105,.T.);
#5103 = VERTEX_POINT('',#5104);
#5104 = CARTESIAN_POINT('',(-1.2,1.85,-7.95));
#5105 = CIRCLE('',#5106,5.E-02);
#5106 = AXIS2_PLACEMENT_3D('',#5107,#5108,#5109);
#5107 = CARTESIAN_POINT('',(-1.15,1.85,-7.95));
#5108 = DIRECTION('',(1.668003342285E-16,-0.,1.));
#5109 = DIRECTION('',(1.,0.,-1.668003342285E-16));
#5110 = ORIENTED_EDGE('',*,*,#5111,.T.);
#5111 = EDGE_CURVE('',#5103,#5112,#5114,.T.);
#5112 = VERTEX_POINT('',#5113);
#5113 = CARTESIAN_POINT('',(-1.2,1.85,-7.45));
#5114 = LINE('',#5115,#5116);
#5115 = CARTESIAN_POINT('',(-1.2,1.85,-7.95));
#5116 = VECTOR('',#5117,1.);
#5117 = DIRECTION('',(1.668003342285E-16,-0.,1.));
#5118 = ORIENTED_EDGE('',*,*,#5119,.F.);
#5119 = EDGE_CURVE('',#5071,#5112,#5120,.T.);
#5120 = CIRCLE('',#5121,5.E-02);
#5121 = AXIS2_PLACEMENT_3D('',#5122,#5123,#5124);
#5122 = CARTESIAN_POINT('',(-1.15,1.85,-7.45));
#5123 = DIRECTION('',(1.668003342285E-16,-0.,1.));
#5124 = DIRECTION('',(1.,0.,-1.668003342285E-16));
#5125 = CYLINDRICAL_SURFACE('',#5126,5.E-02);
#5126 = AXIS2_PLACEMENT_3D('',#5127,#5128,#5129);
#5127 = CARTESIAN_POINT('',(-1.15,1.85,-7.95));
#5128 = DIRECTION('',(1.668003342285E-16,-0.,1.));
#5129 = DIRECTION('',(1.,0.,-1.668003342285E-16));
#5130 = ADVANCED_FACE('',(#5131),#5156,.F.);
#5131 = FACE_BOUND('',#5132,.T.);
#5132 = EDGE_LOOP('',(#5133,#5141,#5149,#5155));
#5133 = ORIENTED_EDGE('',*,*,#5134,.T.);
#5134 = EDGE_CURVE('',#5112,#5135,#5137,.T.);
#5135 = VERTEX_POINT('',#5136);
#5136 = CARTESIAN_POINT('',(-1.2,1.4,-7.45));
#5137 = LINE('',#5138,#5139);
#5138 = CARTESIAN_POINT('',(-1.2,1.85,-7.45));
#5139 = VECTOR('',#5140,1.);
#5140 = DIRECTION('',(0.,-1.,0.));
#5141 = ORIENTED_EDGE('',*,*,#5142,.F.);
#5142 = EDGE_CURVE('',#5143,#5135,#5145,.T.);
#5143 = VERTEX_POINT('',#5144);
#5144 = CARTESIAN_POINT('',(-1.2,1.4,-7.95));
#5145 = LINE('',#5146,#5147);
#5146 = CARTESIAN_POINT('',(-1.2,1.4,-7.95));
#5147 = VECTOR('',#5148,1.);
#5148 = DIRECTION('',(1.668003342285E-16,-0.,1.));
#5149 = ORIENTED_EDGE('',*,*,#5150,.F.);
#5150 = EDGE_CURVE('',#5103,#5143,#5151,.T.);
#5151 = LINE('',#5152,#5153);
#5152 = CARTESIAN_POINT('',(-1.2,1.85,-7.95));
#5153 = VECTOR('',#5154,1.);
#5154 = DIRECTION('',(0.,-1.,0.));
#5155 = ORIENTED_EDGE('',*,*,#5111,.T.);
#5156 = PLANE('',#5157);
#5157 = AXIS2_PLACEMENT_3D('',#5158,#5159,#5160);
#5158 = CARTESIAN_POINT('',(-1.2,1.85,-7.95));
#5159 = DIRECTION('',(-1.,0.,1.668003342285E-16));
#5160 = DIRECTION('',(1.668003342285E-16,0.,1.));
#5161 = ADVANCED_FACE('',(#5162),#5189,.T.);
#5162 = FACE_BOUND('',#5163,.T.);
#5163 = EDGE_LOOP('',(#5164,#5173,#5181,#5188));
#5164 = ORIENTED_EDGE('',*,*,#5165,.T.);
#5165 = EDGE_CURVE('',#5135,#5166,#5168,.T.);
#5166 = VERTEX_POINT('',#5167);
#5167 = CARTESIAN_POINT('',(-1.4,1.2,-7.45));
#5168 = CIRCLE('',#5169,0.2);
#5169 = AXIS2_PLACEMENT_3D('',#5170,#5171,#5172);
#5170 = CARTESIAN_POINT('',(-1.4,1.4,-7.45));
#5171 = DIRECTION('',(-1.668003342285E-16,0.,-1.));
#5172 = DIRECTION('',(-1.,0.,1.668003342285E-16));
#5173 = ORIENTED_EDGE('',*,*,#5174,.F.);
#5174 = EDGE_CURVE('',#5175,#5166,#5177,.T.);
#5175 = VERTEX_POINT('',#5176);
#5176 = CARTESIAN_POINT('',(-1.4,1.2,-7.95));
#5177 = LINE('',#5178,#5179);
#5178 = CARTESIAN_POINT('',(-1.4,1.2,-7.95));
#5179 = VECTOR('',#5180,1.);
#5180 = DIRECTION('',(1.668003342285E-16,-0.,1.));
#5181 = ORIENTED_EDGE('',*,*,#5182,.F.);
#5182 = EDGE_CURVE('',#5143,#5175,#5183,.T.);
#5183 = CIRCLE('',#5184,0.2);
#5184 = AXIS2_PLACEMENT_3D('',#5185,#5186,#5187);
#5185 = CARTESIAN_POINT('',(-1.4,1.4,-7.95));
#5186 = DIRECTION('',(-1.668003342285E-16,0.,-1.));
#5187 = DIRECTION('',(-1.,0.,1.668003342285E-16));
#5188 = ORIENTED_EDGE('',*,*,#5142,.T.);
#5189 = CYLINDRICAL_SURFACE('',#5190,0.2);
#5190 = AXIS2_PLACEMENT_3D('',#5191,#5192,#5193);
#5191 = CARTESIAN_POINT('',(-1.4,1.4,-7.95));
#5192 = DIRECTION('',(1.668003342285E-16,-0.,1.));
#5193 = DIRECTION('',(1.,0.,-1.668003342285E-16));
#5194 = ADVANCED_FACE('',(#5195),#5220,.F.);
#5195 = FACE_BOUND('',#5196,.T.);
#5196 = EDGE_LOOP('',(#5197,#5205,#5213,#5219));
#5197 = ORIENTED_EDGE('',*,*,#5198,.T.);
#5198 = EDGE_CURVE('',#5166,#5199,#5201,.T.);
#5199 = VERTEX_POINT('',#5200);
#5200 = CARTESIAN_POINT('',(-1.6,1.2,-7.45));
#5201 = LINE('',#5202,#5203);
#5202 = CARTESIAN_POINT('',(-1.4,1.2,-7.45));
#5203 = VECTOR('',#5204,1.);
#5204 = DIRECTION('',(-1.,1.084202172486E-15,0.));
#5205 = ORIENTED_EDGE('',*,*,#5206,.F.);
#5206 = EDGE_CURVE('',#5207,#5199,#5209,.T.);
#5207 = VERTEX_POINT('',#5208);
#5208 = CARTESIAN_POINT('',(-1.6,1.2,-7.95));
#5209 = LINE('',#5210,#5211);
#5210 = CARTESIAN_POINT('',(-1.6,1.2,-7.95));
#5211 = VECTOR('',#5212,1.);
#5212 = DIRECTION('',(1.668003342285E-16,-0.,1.));
#5213 = ORIENTED_EDGE('',*,*,#5214,.F.);
#5214 = EDGE_CURVE('',#5175,#5207,#5215,.T.);
#5215 = LINE('',#5216,#5217);
#5216 = CARTESIAN_POINT('',(-1.4,1.2,-7.95));
#5217 = VECTOR('',#5218,1.);
#5218 = DIRECTION('',(-1.,1.084202172486E-15,0.));
#5219 = ORIENTED_EDGE('',*,*,#5174,.T.);
#5220 = PLANE('',#5221);
#5221 = AXIS2_PLACEMENT_3D('',#5222,#5223,#5224);
#5222 = CARTESIAN_POINT('',(-1.4,1.2,-7.95));
#5223 = DIRECTION('',(1.084202172486E-15,1.,-1.808452847419E-31));
#5224 = DIRECTION('',(-1.,1.084202172486E-15,0.));
#5225 = ADVANCED_FACE('',(#5226),#5251,.F.);
#5226 = FACE_BOUND('',#5227,.T.);
#5227 = EDGE_LOOP('',(#5228,#5236,#5244,#5250));
#5228 = ORIENTED_EDGE('',*,*,#5229,.T.);
#5229 = EDGE_CURVE('',#5199,#5230,#5232,.T.);
#5230 = VERTEX_POINT('',#5231);
#5231 = CARTESIAN_POINT('',(-1.6,1.35,-7.45));
#5232 = LINE('',#5233,#5234);
#5233 = CARTESIAN_POINT('',(-1.6,1.2,-7.45));
#5234 = VECTOR('',#5235,1.);
#5235 = DIRECTION('',(0.,1.,0.));
#5236 = ORIENTED_EDGE('',*,*,#5237,.F.);
#5237 = EDGE_CURVE('',#5238,#5230,#5240,.T.);
#5238 = VERTEX_POINT('',#5239);
#5239 = CARTESIAN_POINT('',(-1.6,1.35,-7.95));
#5240 = LINE('',#5241,#5242);
#5241 = CARTESIAN_POINT('',(-1.6,1.35,-7.95));
#5242 = VECTOR('',#5243,1.);
#5243 = DIRECTION('',(1.668003342285E-16,-0.,1.));
#5244 = ORIENTED_EDGE('',*,*,#5245,.F.);
#5245 = EDGE_CURVE('',#5207,#5238,#5246,.T.);
#5246 = LINE('',#5247,#5248);
#5247 = CARTESIAN_POINT('',(-1.6,1.2,-7.95));
#5248 = VECTOR('',#5249,1.);
#5249 = DIRECTION('',(0.,1.,0.));
#5250 = ORIENTED_EDGE('',*,*,#5206,.T.);
#5251 = PLANE('',#5252);
#5252 = AXIS2_PLACEMENT_3D('',#5253,#5254,#5255);
#5253 = CARTESIAN_POINT('',(-1.6,1.2,-7.95));
#5254 = DIRECTION('',(1.,0.,-1.668003342285E-16));
#5255 = DIRECTION('',(-1.668003342285E-16,0.,-1.));
#5256 = ADVANCED_FACE('',(#5257),#5282,.F.);
#5257 = FACE_BOUND('',#5258,.T.);
#5258 = EDGE_LOOP('',(#5259,#5267,#5275,#5281));
#5259 = ORIENTED_EDGE('',*,*,#5260,.T.);
#5260 = EDGE_CURVE('',#5230,#5261,#5263,.T.);
#5261 = VERTEX_POINT('',#5262);
#5262 = CARTESIAN_POINT('',(-1.4,1.35,-7.45));
#5263 = LINE('',#5264,#5265);
#5264 = CARTESIAN_POINT('',(-1.6,1.35,-7.45));
#5265 = VECTOR('',#5266,1.);
#5266 = DIRECTION('',(1.,-1.084202172486E-15,0.));
#5267 = ORIENTED_EDGE('',*,*,#5268,.F.);
#5268 = EDGE_CURVE('',#5269,#5261,#5271,.T.);
#5269 = VERTEX_POINT('',#5270);
#5270 = CARTESIAN_POINT('',(-1.4,1.35,-7.95));
#5271 = LINE('',#5272,#5273);
#5272 = CARTESIAN_POINT('',(-1.4,1.35,-7.95));
#5273 = VECTOR('',#5274,1.);
#5274 = DIRECTION('',(1.668003342285E-16,-0.,1.));
#5275 = ORIENTED_EDGE('',*,*,#5276,.F.);
#5276 = EDGE_CURVE('',#5238,#5269,#5277,.T.);
#5277 = LINE('',#5278,#5279);
#5278 = CARTESIAN_POINT('',(-1.6,1.35,-7.95));
#5279 = VECTOR('',#5280,1.);
#5280 = DIRECTION('',(1.,-1.084202172486E-15,0.));
#5281 = ORIENTED_EDGE('',*,*,#5237,.T.);
#5282 = PLANE('',#5283);
#5283 = AXIS2_PLACEMENT_3D('',#5284,#5285,#5286);
#5284 = CARTESIAN_POINT('',(-1.6,1.35,-7.95));
#5285 = DIRECTION('',(-1.084202172486E-15,-1.,1.808452847419E-31));
#5286 = DIRECTION('',(1.,-1.084202172486E-15,0.));
#5287 = ADVANCED_FACE('',(#5288),#5315,.F.);
#5288 = FACE_BOUND('',#5289,.F.);
#5289 = EDGE_LOOP('',(#5290,#5291,#5300,#5308));
#5290 = ORIENTED_EDGE('',*,*,#5268,.F.);
#5291 = ORIENTED_EDGE('',*,*,#5292,.T.);
#5292 = EDGE_CURVE('',#5269,#5293,#5295,.T.);
#5293 = VERTEX_POINT('',#5294);
#5294 = CARTESIAN_POINT('',(-1.35,1.4,-7.95));
#5295 = CIRCLE('',#5296,5.E-02);
#5296 = AXIS2_PLACEMENT_3D('',#5297,#5298,#5299);
#5297 = CARTESIAN_POINT('',(-1.4,1.4,-7.95));
#5298 = DIRECTION('',(1.668003342285E-16,-0.,1.));
#5299 = DIRECTION('',(1.,0.,-1.668003342285E-16));
#5300 = ORIENTED_EDGE('',*,*,#5301,.T.);
#5301 = EDGE_CURVE('',#5293,#5302,#5304,.T.);
#5302 = VERTEX_POINT('',#5303);
#5303 = CARTESIAN_POINT('',(-1.35,1.4,-7.45));
#5304 = LINE('',#5305,#5306);
#5305 = CARTESIAN_POINT('',(-1.35,1.4,-7.95));
#5306 = VECTOR('',#5307,1.);
#5307 = DIRECTION('',(1.668003342285E-16,-0.,1.));
#5308 = ORIENTED_EDGE('',*,*,#5309,.F.);
#5309 = EDGE_CURVE('',#5261,#5302,#5310,.T.);
#5310 = CIRCLE('',#5311,5.E-02);
#5311 = AXIS2_PLACEMENT_3D('',#5312,#5313,#5314);
#5312 = CARTESIAN_POINT('',(-1.4,1.4,-7.45));
#5313 = DIRECTION('',(1.668003342285E-16,-0.,1.));
#5314 = DIRECTION('',(1.,0.,-1.668003342285E-16));
#5315 = CYLINDRICAL_SURFACE('',#5316,5.E-02);
#5316 = AXIS2_PLACEMENT_3D('',#5317,#5318,#5319);
#5317 = CARTESIAN_POINT('',(-1.4,1.4,-7.95));
#5318 = DIRECTION('',(1.668003342285E-16,-0.,1.));
#5319 = DIRECTION('',(1.,0.,-1.668003342285E-16));
#5320 = ADVANCED_FACE('',(#5321),#5337,.F.);
#5321 = FACE_BOUND('',#5322,.T.);
#5322 = EDGE_LOOP('',(#5323,#5329,#5330,#5336));
#5323 = ORIENTED_EDGE('',*,*,#5324,.T.);
#5324 = EDGE_CURVE('',#5302,#4967,#5325,.T.);
#5325 = LINE('',#5326,#5327);
#5326 = CARTESIAN_POINT('',(-1.35,1.4,-7.45));
#5327 = VECTOR('',#5328,1.);
#5328 = DIRECTION('',(9.637352644315E-16,1.,0.));
#5329 = ORIENTED_EDGE('',*,*,#4994,.F.);
#5330 = ORIENTED_EDGE('',*,*,#5331,.F.);
#5331 = EDGE_CURVE('',#5293,#4986,#5332,.T.);
#5332 = LINE('',#5333,#5334);
#5333 = CARTESIAN_POINT('',(-1.35,1.4,-7.95));
#5334 = VECTOR('',#5335,1.);
#5335 = DIRECTION('',(9.637352644315E-16,1.,0.));
#5336 = ORIENTED_EDGE('',*,*,#5301,.T.);
#5337 = PLANE('',#5338);
#5338 = AXIS2_PLACEMENT_3D('',#5339,#5340,#5341);
#5339 = CARTESIAN_POINT('',(-1.35,1.4,-7.95));
#5340 = DIRECTION('',(1.,-9.637352644315E-16,-1.668003342285E-16));
#5341 = DIRECTION('',(9.637352644315E-16,1.,0.));
#5342 = ADVANCED_FACE('',(#5343),#5357,.T.);
#5343 = FACE_BOUND('',#5344,.T.);
#5344 = EDGE_LOOP('',(#5345,#5346,#5347,#5348,#5349,#5350,#5351,#5352,
    #5353,#5354,#5355,#5356));
#5345 = ORIENTED_EDGE('',*,*,#4985,.T.);
#5346 = ORIENTED_EDGE('',*,*,#5024,.T.);
#5347 = ORIENTED_EDGE('',*,*,#5055,.T.);
#5348 = ORIENTED_EDGE('',*,*,#5086,.T.);
#5349 = ORIENTED_EDGE('',*,*,#5102,.T.);
#5350 = ORIENTED_EDGE('',*,*,#5150,.T.);
#5351 = ORIENTED_EDGE('',*,*,#5182,.T.);
#5352 = ORIENTED_EDGE('',*,*,#5214,.T.);
#5353 = ORIENTED_EDGE('',*,*,#5245,.T.);
#5354 = ORIENTED_EDGE('',*,*,#5276,.T.);
#5355 = ORIENTED_EDGE('',*,*,#5292,.T.);
#5356 = ORIENTED_EDGE('',*,*,#5331,.T.);
#5357 = PLANE('',#5358);
#5358 = AXIS2_PLACEMENT_3D('',#5359,#5360,#5361);
#5359 = CARTESIAN_POINT('',(-1.15,1.85,-7.95));
#5360 = DIRECTION('',(-1.668003342285E-16,0.,-1.));
#5361 = DIRECTION('',(-1.,0.,1.668003342285E-16));
#5362 = ADVANCED_FACE('',(#5363),#5377,.F.);
#5363 = FACE_BOUND('',#5364,.T.);
#5364 = EDGE_LOOP('',(#5365,#5366,#5367,#5368,#5369,#5370,#5371,#5372,
    #5373,#5374,#5375,#5376));
#5365 = ORIENTED_EDGE('',*,*,#4966,.F.);
#5366 = ORIENTED_EDGE('',*,*,#5324,.F.);
#5367 = ORIENTED_EDGE('',*,*,#5309,.F.);
#5368 = ORIENTED_EDGE('',*,*,#5260,.F.);
#5369 = ORIENTED_EDGE('',*,*,#5229,.F.);
#5370 = ORIENTED_EDGE('',*,*,#5198,.F.);
#5371 = ORIENTED_EDGE('',*,*,#5165,.F.);
#5372 = ORIENTED_EDGE('',*,*,#5134,.F.);
#5373 = ORIENTED_EDGE('',*,*,#5119,.F.);
#5374 = ORIENTED_EDGE('',*,*,#5070,.F.);
#5375 = ORIENTED_EDGE('',*,*,#5039,.F.);
#5376 = ORIENTED_EDGE('',*,*,#5008,.F.);
#5377 = PLANE('',#5378);
#5378 = AXIS2_PLACEMENT_3D('',#5379,#5380,#5381);
#5379 = CARTESIAN_POINT('',(-1.15,1.85,-7.45));
#5380 = DIRECTION('',(-1.668003342285E-16,0.,-1.));
#5381 = DIRECTION('',(-1.,0.,1.668003342285E-16));
#5382 = MANIFOLD_SOLID_BREP('',#5383);
#5383 = CLOSED_SHELL('',(#5384,#5424,#5455,#5486,#5508,#5520));
#5384 = ADVANCED_FACE('',(#5385),#5419,.F.);
#5385 = FACE_BOUND('',#5386,.T.);
#5386 = EDGE_LOOP('',(#5387,#5397,#5405,#5413));
#5387 = ORIENTED_EDGE('',*,*,#5388,.T.);
#5388 = EDGE_CURVE('',#5389,#5391,#5393,.T.);
#5389 = VERTEX_POINT('',#5390);
#5390 = CARTESIAN_POINT('',(2.195,1.2,-9.3));
#5391 = VERTEX_POINT('',#5392);
#5392 = CARTESIAN_POINT('',(2.195,1.2,-9.));
#5393 = LINE('',#5394,#5395);
#5394 = CARTESIAN_POINT('',(2.195,1.2,-9.3));
#5395 = VECTOR('',#5396,1.);
#5396 = DIRECTION('',(0.,0.,1.));
#5397 = ORIENTED_EDGE('',*,*,#5398,.F.);
#5398 = EDGE_CURVE('',#5399,#5391,#5401,.T.);
#5399 = VERTEX_POINT('',#5400);
#5400 = CARTESIAN_POINT('',(2.195,2.,-9.));
#5401 = LINE('',#5402,#5403);
#5402 = CARTESIAN_POINT('',(2.195,2.,-9.));
#5403 = VECTOR('',#5404,1.);
#5404 = DIRECTION('',(-0.,-1.,-0.));
#5405 = ORIENTED_EDGE('',*,*,#5406,.F.);
#5406 = EDGE_CURVE('',#5407,#5399,#5409,.T.);
#5407 = VERTEX_POINT('',#5408);
#5408 = CARTESIAN_POINT('',(2.195,2.,-9.3));
#5409 = LINE('',#5410,#5411);
#5410 = CARTESIAN_POINT('',(2.195,2.,-9.3));
#5411 = VECTOR('',#5412,1.);
#5412 = DIRECTION('',(0.,0.,1.));
#5413 = ORIENTED_EDGE('',*,*,#5414,.T.);
#5414 = EDGE_CURVE('',#5407,#5389,#5415,.T.);
#5415 = LINE('',#5416,#5417);
#5416 = CARTESIAN_POINT('',(2.195,2.,-9.3));
#5417 = VECTOR('',#5418,1.);
#5418 = DIRECTION('',(-0.,-1.,-0.));
#5419 = PLANE('',#5420);
#5420 = AXIS2_PLACEMENT_3D('',#5421,#5422,#5423);
#5421 = CARTESIAN_POINT('',(2.195,2.,-9.3));
#5422 = DIRECTION('',(1.,0.,0.));
#5423 = DIRECTION('',(0.,0.,-1.));
#5424 = ADVANCED_FACE('',(#5425),#5450,.F.);
#5425 = FACE_BOUND('',#5426,.T.);
#5426 = EDGE_LOOP('',(#5427,#5435,#5443,#5449));
#5427 = ORIENTED_EDGE('',*,*,#5428,.T.);
#5428 = EDGE_CURVE('',#5391,#5429,#5431,.T.);
#5429 = VERTEX_POINT('',#5430);
#5430 = CARTESIAN_POINT('',(2.945,1.2,-9.));
#5431 = LINE('',#5432,#5433);
#5432 = CARTESIAN_POINT('',(2.195,1.2,-9.));
#5433 = VECTOR('',#5434,1.);
#5434 = DIRECTION('',(1.,0.,0.));
#5435 = ORIENTED_EDGE('',*,*,#5436,.F.);
#5436 = EDGE_CURVE('',#5437,#5429,#5439,.T.);
#5437 = VERTEX_POINT('',#5438);
#5438 = CARTESIAN_POINT('',(2.945,2.,-9.));
#5439 = LINE('',#5440,#5441);
#5440 = CARTESIAN_POINT('',(2.945,2.,-9.));
#5441 = VECTOR('',#5442,1.);
#5442 = DIRECTION('',(-0.,-1.,-0.));
#5443 = ORIENTED_EDGE('',*,*,#5444,.F.);
#5444 = EDGE_CURVE('',#5399,#5437,#5445,.T.);
#5445 = LINE('',#5446,#5447);
#5446 = CARTESIAN_POINT('',(2.195,2.,-9.));
#5447 = VECTOR('',#5448,1.);
#5448 = DIRECTION('',(1.,0.,0.));
#5449 = ORIENTED_EDGE('',*,*,#5398,.T.);
#5450 = PLANE('',#5451);
#5451 = AXIS2_PLACEMENT_3D('',#5452,#5453,#5454);
#5452 = CARTESIAN_POINT('',(2.195,2.,-9.));
#5453 = DIRECTION('',(0.,0.,-1.));
#5454 = DIRECTION('',(-1.,0.,-0.));
#5455 = ADVANCED_FACE('',(#5456),#5481,.F.);
#5456 = FACE_BOUND('',#5457,.T.);
#5457 = EDGE_LOOP('',(#5458,#5466,#5474,#5480));
#5458 = ORIENTED_EDGE('',*,*,#5459,.T.);
#5459 = EDGE_CURVE('',#5429,#5460,#5462,.T.);
#5460 = VERTEX_POINT('',#5461);
#5461 = CARTESIAN_POINT('',(2.945,1.2,-9.3));
#5462 = LINE('',#5463,#5464);
#5463 = CARTESIAN_POINT('',(2.945,1.2,-9.3));
#5464 = VECTOR('',#5465,1.);
#5465 = DIRECTION('',(1.445602896647E-15,-0.,-1.));
#5466 = ORIENTED_EDGE('',*,*,#5467,.F.);
#5467 = EDGE_CURVE('',#5468,#5460,#5470,.T.);
#5468 = VERTEX_POINT('',#5469);
#5469 = CARTESIAN_POINT('',(2.945,2.,-9.3));
#5470 = LINE('',#5471,#5472);
#5471 = CARTESIAN_POINT('',(2.945,2.,-9.3));
#5472 = VECTOR('',#5473,1.);
#5473 = DIRECTION('',(-0.,-1.,-0.));
#5474 = ORIENTED_EDGE('',*,*,#5475,.F.);
#5475 = EDGE_CURVE('',#5437,#5468,#5476,.T.);
#5476 = LINE('',#5477,#5478);
#5477 = CARTESIAN_POINT('',(2.945,2.,-9.3));
#5478 = VECTOR('',#5479,1.);
#5479 = DIRECTION('',(1.445602896647E-15,-0.,-1.));
#5480 = ORIENTED_EDGE('',*,*,#5436,.T.);
#5481 = PLANE('',#5482);
#5482 = AXIS2_PLACEMENT_3D('',#5483,#5484,#5485);
#5483 = CARTESIAN_POINT('',(2.945,2.,-9.3));
#5484 = DIRECTION('',(-1.,0.,-1.445602896647E-15));
#5485 = DIRECTION('',(-1.445602896647E-15,0.,1.));
#5486 = ADVANCED_FACE('',(#5487),#5503,.F.);
#5487 = FACE_BOUND('',#5488,.T.);
#5488 = EDGE_LOOP('',(#5489,#5495,#5496,#5502));
#5489 = ORIENTED_EDGE('',*,*,#5490,.T.);
#5490 = EDGE_CURVE('',#5460,#5389,#5491,.T.);
#5491 = LINE('',#5492,#5493);
#5492 = CARTESIAN_POINT('',(2.195,1.2,-9.3));
#5493 = VECTOR('',#5494,1.);
#5494 = DIRECTION('',(-1.,-0.,-0.));
#5495 = ORIENTED_EDGE('',*,*,#5414,.F.);
#5496 = ORIENTED_EDGE('',*,*,#5497,.F.);
#5497 = EDGE_CURVE('',#5468,#5407,#5498,.T.);
#5498 = LINE('',#5499,#5500);
#5499 = CARTESIAN_POINT('',(2.195,2.,-9.3));
#5500 = VECTOR('',#5501,1.);
#5501 = DIRECTION('',(-1.,-0.,-0.));
#5502 = ORIENTED_EDGE('',*,*,#5467,.T.);
#5503 = PLANE('',#5504);
#5504 = AXIS2_PLACEMENT_3D('',#5505,#5506,#5507);
#5505 = CARTESIAN_POINT('',(2.195,2.,-9.3));
#5506 = DIRECTION('',(0.,0.,1.));
#5507 = DIRECTION('',(1.,0.,-0.));
#5508 = ADVANCED_FACE('',(#5509),#5515,.T.);
#5509 = FACE_BOUND('',#5510,.T.);
#5510 = EDGE_LOOP('',(#5511,#5512,#5513,#5514));
#5511 = ORIENTED_EDGE('',*,*,#5406,.T.);
#5512 = ORIENTED_EDGE('',*,*,#5444,.T.);
#5513 = ORIENTED_EDGE('',*,*,#5475,.T.);
#5514 = ORIENTED_EDGE('',*,*,#5497,.T.);
#5515 = PLANE('',#5516);
#5516 = AXIS2_PLACEMENT_3D('',#5517,#5518,#5519);
#5517 = CARTESIAN_POINT('',(0.,2.,0.));
#5518 = DIRECTION('',(0.,1.,0.));
#5519 = DIRECTION('',(0.,-0.,1.));
#5520 = ADVANCED_FACE('',(#5521),#5527,.F.);
#5521 = FACE_BOUND('',#5522,.T.);
#5522 = EDGE_LOOP('',(#5523,#5524,#5525,#5526));
#5523 = ORIENTED_EDGE('',*,*,#5388,.F.);
#5524 = ORIENTED_EDGE('',*,*,#5490,.F.);
#5525 = ORIENTED_EDGE('',*,*,#5459,.F.);
#5526 = ORIENTED_EDGE('',*,*,#5428,.F.);
#5527 = PLANE('',#5528);
#5528 = AXIS2_PLACEMENT_3D('',#5529,#5530,#5531);
#5529 = CARTESIAN_POINT('',(0.,1.2,0.));
#5530 = DIRECTION('',(0.,1.,0.));
#5531 = DIRECTION('',(0.,-0.,1.));
#5532 = MANIFOLD_SOLID_BREP('',#5533);
#5533 = CLOSED_SHELL('',(#5534,#5574,#5605,#5636,#5658,#5670));
#5534 = ADVANCED_FACE('',(#5535),#5569,.F.);
#5535 = FACE_BOUND('',#5536,.T.);
#5536 = EDGE_LOOP('',(#5537,#5547,#5555,#5563));
#5537 = ORIENTED_EDGE('',*,*,#5538,.T.);
#5538 = EDGE_CURVE('',#5539,#5541,#5543,.T.);
#5539 = VERTEX_POINT('',#5540);
#5540 = CARTESIAN_POINT('',(2.195,1.2,-8.15));
#5541 = VERTEX_POINT('',#5542);
#5542 = CARTESIAN_POINT('',(2.195,1.2,-7.85));
#5543 = LINE('',#5544,#5545);
#5544 = CARTESIAN_POINT('',(2.195,1.2,-8.15));
#5545 = VECTOR('',#5546,1.);
#5546 = DIRECTION('',(0.,0.,1.));
#5547 = ORIENTED_EDGE('',*,*,#5548,.F.);
#5548 = EDGE_CURVE('',#5549,#5541,#5551,.T.);
#5549 = VERTEX_POINT('',#5550);
#5550 = CARTESIAN_POINT('',(2.195,2.,-7.85));
#5551 = LINE('',#5552,#5553);
#5552 = CARTESIAN_POINT('',(2.195,2.,-7.85));
#5553 = VECTOR('',#5554,1.);
#5554 = DIRECTION('',(-0.,-1.,-0.));
#5555 = ORIENTED_EDGE('',*,*,#5556,.F.);
#5556 = EDGE_CURVE('',#5557,#5549,#5559,.T.);
#5557 = VERTEX_POINT('',#5558);
#5558 = CARTESIAN_POINT('',(2.195,2.,-8.15));
#5559 = LINE('',#5560,#5561);
#5560 = CARTESIAN_POINT('',(2.195,2.,-8.15));
#5561 = VECTOR('',#5562,1.);
#5562 = DIRECTION('',(0.,0.,1.));
#5563 = ORIENTED_EDGE('',*,*,#5564,.T.);
#5564 = EDGE_CURVE('',#5557,#5539,#5565,.T.);
#5565 = LINE('',#5566,#5567);
#5566 = CARTESIAN_POINT('',(2.195,2.,-8.15));
#5567 = VECTOR('',#5568,1.);
#5568 = DIRECTION('',(-0.,-1.,-0.));
#5569 = PLANE('',#5570);
#5570 = AXIS2_PLACEMENT_3D('',#5571,#5572,#5573);
#5571 = CARTESIAN_POINT('',(2.195,2.,-8.15));
#5572 = DIRECTION('',(1.,0.,0.));
#5573 = DIRECTION('',(0.,0.,-1.));
#5574 = ADVANCED_FACE('',(#5575),#5600,.F.);
#5575 = FACE_BOUND('',#5576,.T.);
#5576 = EDGE_LOOP('',(#5577,#5585,#5593,#5599));
#5577 = ORIENTED_EDGE('',*,*,#5578,.T.);
#5578 = EDGE_CURVE('',#5541,#5579,#5581,.T.);
#5579 = VERTEX_POINT('',#5580);
#5580 = CARTESIAN_POINT('',(2.945,1.2,-7.85));
#5581 = LINE('',#5582,#5583);
#5582 = CARTESIAN_POINT('',(2.195,1.2,-7.85));
#5583 = VECTOR('',#5584,1.);
#5584 = DIRECTION('',(1.,0.,0.));
#5585 = ORIENTED_EDGE('',*,*,#5586,.F.);
#5586 = EDGE_CURVE('',#5587,#5579,#5589,.T.);
#5587 = VERTEX_POINT('',#5588);
#5588 = CARTESIAN_POINT('',(2.945,2.,-7.85));
#5589 = LINE('',#5590,#5591);
#5590 = CARTESIAN_POINT('',(2.945,2.,-7.85));
#5591 = VECTOR('',#5592,1.);
#5592 = DIRECTION('',(-0.,-1.,-0.));
#5593 = ORIENTED_EDGE('',*,*,#5594,.F.);
#5594 = EDGE_CURVE('',#5549,#5587,#5595,.T.);
#5595 = LINE('',#5596,#5597);
#5596 = CARTESIAN_POINT('',(2.195,2.,-7.85));
#5597 = VECTOR('',#5598,1.);
#5598 = DIRECTION('',(1.,0.,0.));
#5599 = ORIENTED_EDGE('',*,*,#5548,.T.);
#5600 = PLANE('',#5601);
#5601 = AXIS2_PLACEMENT_3D('',#5602,#5603,#5604);
#5602 = CARTESIAN_POINT('',(2.195,2.,-7.85));
#5603 = DIRECTION('',(0.,0.,-1.));
#5604 = DIRECTION('',(-1.,0.,-0.));
#5605 = ADVANCED_FACE('',(#5606),#5631,.F.);
#5606 = FACE_BOUND('',#5607,.T.);
#5607 = EDGE_LOOP('',(#5608,#5616,#5624,#5630));
#5608 = ORIENTED_EDGE('',*,*,#5609,.T.);
#5609 = EDGE_CURVE('',#5579,#5610,#5612,.T.);
#5610 = VERTEX_POINT('',#5611);
#5611 = CARTESIAN_POINT('',(2.945,1.2,-8.15));
#5612 = LINE('',#5613,#5614);
#5613 = CARTESIAN_POINT('',(2.945,1.2,-8.15));
#5614 = VECTOR('',#5615,1.);
#5615 = DIRECTION('',(-0.,-0.,-1.));
#5616 = ORIENTED_EDGE('',*,*,#5617,.F.);
#5617 = EDGE_CURVE('',#5618,#5610,#5620,.T.);
#5618 = VERTEX_POINT('',#5619);
#5619 = CARTESIAN_POINT('',(2.945,2.,-8.15));
#5620 = LINE('',#5621,#5622);
#5621 = CARTESIAN_POINT('',(2.945,2.,-8.15));
#5622 = VECTOR('',#5623,1.);
#5623 = DIRECTION('',(-0.,-1.,-0.));
#5624 = ORIENTED_EDGE('',*,*,#5625,.F.);
#5625 = EDGE_CURVE('',#5587,#5618,#5626,.T.);
#5626 = LINE('',#5627,#5628);
#5627 = CARTESIAN_POINT('',(2.945,2.,-8.15));
#5628 = VECTOR('',#5629,1.);
#5629 = DIRECTION('',(-0.,-0.,-1.));
#5630 = ORIENTED_EDGE('',*,*,#5586,.T.);
#5631 = PLANE('',#5632);
#5632 = AXIS2_PLACEMENT_3D('',#5633,#5634,#5635);
#5633 = CARTESIAN_POINT('',(2.945,2.,-8.15));
#5634 = DIRECTION('',(-1.,0.,0.));
#5635 = DIRECTION('',(0.,0.,1.));
#5636 = ADVANCED_FACE('',(#5637),#5653,.F.);
#5637 = FACE_BOUND('',#5638,.T.);
#5638 = EDGE_LOOP('',(#5639,#5645,#5646,#5652));
#5639 = ORIENTED_EDGE('',*,*,#5640,.T.);
#5640 = EDGE_CURVE('',#5610,#5539,#5641,.T.);
#5641 = LINE('',#5642,#5643);
#5642 = CARTESIAN_POINT('',(2.195,1.2,-8.15));
#5643 = VECTOR('',#5644,1.);
#5644 = DIRECTION('',(-1.,-0.,-0.));
#5645 = ORIENTED_EDGE('',*,*,#5564,.F.);
#5646 = ORIENTED_EDGE('',*,*,#5647,.F.);
#5647 = EDGE_CURVE('',#5618,#5557,#5648,.T.);
#5648 = LINE('',#5649,#5650);
#5649 = CARTESIAN_POINT('',(2.195,2.,-8.15));
#5650 = VECTOR('',#5651,1.);
#5651 = DIRECTION('',(-1.,-0.,-0.));
#5652 = ORIENTED_EDGE('',*,*,#5617,.T.);
#5653 = PLANE('',#5654);
#5654 = AXIS2_PLACEMENT_3D('',#5655,#5656,#5657);
#5655 = CARTESIAN_POINT('',(2.195,2.,-8.15));
#5656 = DIRECTION('',(0.,0.,1.));
#5657 = DIRECTION('',(1.,0.,-0.));
#5658 = ADVANCED_FACE('',(#5659),#5665,.T.);
#5659 = FACE_BOUND('',#5660,.T.);
#5660 = EDGE_LOOP('',(#5661,#5662,#5663,#5664));
#5661 = ORIENTED_EDGE('',*,*,#5556,.T.);
#5662 = ORIENTED_EDGE('',*,*,#5594,.T.);
#5663 = ORIENTED_EDGE('',*,*,#5625,.T.);
#5664 = ORIENTED_EDGE('',*,*,#5647,.T.);
#5665 = PLANE('',#5666);
#5666 = AXIS2_PLACEMENT_3D('',#5667,#5668,#5669);
#5667 = CARTESIAN_POINT('',(0.,2.,0.));
#5668 = DIRECTION('',(0.,1.,0.));
#5669 = DIRECTION('',(0.,-0.,1.));
#5670 = ADVANCED_FACE('',(#5671),#5677,.F.);
#5671 = FACE_BOUND('',#5672,.T.);
#5672 = EDGE_LOOP('',(#5673,#5674,#5675,#5676));
#5673 = ORIENTED_EDGE('',*,*,#5538,.F.);
#5674 = ORIENTED_EDGE('',*,*,#5640,.F.);
#5675 = ORIENTED_EDGE('',*,*,#5609,.F.);
#5676 = ORIENTED_EDGE('',*,*,#5578,.F.);
#5677 = PLANE('',#5678);
#5678 = AXIS2_PLACEMENT_3D('',#5679,#5680,#5681);
#5679 = CARTESIAN_POINT('',(0.,1.2,0.));
#5680 = DIRECTION('',(0.,1.,0.));
#5681 = DIRECTION('',(0.,-0.,1.));
#5682 = MANIFOLD_SOLID_BREP('',#5683);
#5683 = CLOSED_SHELL('',(#5684,#5724,#5755,#5786,#5808,#5820));
#5684 = ADVANCED_FACE('',(#5685),#5719,.F.);
#5685 = FACE_BOUND('',#5686,.T.);
#5686 = EDGE_LOOP('',(#5687,#5697,#5705,#5713));
#5687 = ORIENTED_EDGE('',*,*,#5688,.T.);
#5688 = EDGE_CURVE('',#5689,#5691,#5693,.T.);
#5689 = VERTEX_POINT('',#5690);
#5690 = CARTESIAN_POINT('',(-1.965,1.2,-6.9));
#5691 = VERTEX_POINT('',#5692);
#5692 = CARTESIAN_POINT('',(-1.965,1.2,-6.15));
#5693 = LINE('',#5694,#5695);
#5694 = CARTESIAN_POINT('',(-1.965,1.2,-6.9));
#5695 = VECTOR('',#5696,1.);
#5696 = DIRECTION('',(0.,0.,1.));
#5697 = ORIENTED_EDGE('',*,*,#5698,.F.);
#5698 = EDGE_CURVE('',#5699,#5691,#5701,.T.);
#5699 = VERTEX_POINT('',#5700);
#5700 = CARTESIAN_POINT('',(-1.965,2.,-6.15));
#5701 = LINE('',#5702,#5703);
#5702 = CARTESIAN_POINT('',(-1.965,2.,-6.15));
#5703 = VECTOR('',#5704,1.);
#5704 = DIRECTION('',(-0.,-1.,-0.));
#5705 = ORIENTED_EDGE('',*,*,#5706,.F.);
#5706 = EDGE_CURVE('',#5707,#5699,#5709,.T.);
#5707 = VERTEX_POINT('',#5708);
#5708 = CARTESIAN_POINT('',(-1.965,2.,-6.9));
#5709 = LINE('',#5710,#5711);
#5710 = CARTESIAN_POINT('',(-1.965,2.,-6.9));
#5711 = VECTOR('',#5712,1.);
#5712 = DIRECTION('',(0.,0.,1.));
#5713 = ORIENTED_EDGE('',*,*,#5714,.T.);
#5714 = EDGE_CURVE('',#5707,#5689,#5715,.T.);
#5715 = LINE('',#5716,#5717);
#5716 = CARTESIAN_POINT('',(-1.965,2.,-6.9));
#5717 = VECTOR('',#5718,1.);
#5718 = DIRECTION('',(-0.,-1.,-0.));
#5719 = PLANE('',#5720);
#5720 = AXIS2_PLACEMENT_3D('',#5721,#5722,#5723);
#5721 = CARTESIAN_POINT('',(-1.965,2.,-6.9));
#5722 = DIRECTION('',(1.,0.,0.));
#5723 = DIRECTION('',(0.,0.,-1.));
#5724 = ADVANCED_FACE('',(#5725),#5750,.F.);
#5725 = FACE_BOUND('',#5726,.T.);
#5726 = EDGE_LOOP('',(#5727,#5735,#5743,#5749));
#5727 = ORIENTED_EDGE('',*,*,#5728,.T.);
#5728 = EDGE_CURVE('',#5691,#5729,#5731,.T.);
#5729 = VERTEX_POINT('',#5730);
#5730 = CARTESIAN_POINT('',(-1.665,1.2,-6.15));
#5731 = LINE('',#5732,#5733);
#5732 = CARTESIAN_POINT('',(-1.965,1.2,-6.15));
#5733 = VECTOR('',#5734,1.);
#5734 = DIRECTION('',(1.,0.,-2.891205793295E-15));
#5735 = ORIENTED_EDGE('',*,*,#5736,.F.);
#5736 = EDGE_CURVE('',#5737,#5729,#5739,.T.);
#5737 = VERTEX_POINT('',#5738);
#5738 = CARTESIAN_POINT('',(-1.665,2.,-6.15));
#5739 = LINE('',#5740,#5741);
#5740 = CARTESIAN_POINT('',(-1.665,2.,-6.15));
#5741 = VECTOR('',#5742,1.);
#5742 = DIRECTION('',(-0.,-1.,-0.));
#5743 = ORIENTED_EDGE('',*,*,#5744,.F.);
#5744 = EDGE_CURVE('',#5699,#5737,#5745,.T.);
#5745 = LINE('',#5746,#5747);
#5746 = CARTESIAN_POINT('',(-1.965,2.,-6.15));
#5747 = VECTOR('',#5748,1.);
#5748 = DIRECTION('',(1.,0.,-2.891205793295E-15));
#5749 = ORIENTED_EDGE('',*,*,#5698,.T.);
#5750 = PLANE('',#5751);
#5751 = AXIS2_PLACEMENT_3D('',#5752,#5753,#5754);
#5752 = CARTESIAN_POINT('',(-1.965,2.,-6.15));
#5753 = DIRECTION('',(-2.891205793295E-15,0.,-1.));
#5754 = DIRECTION('',(-1.,0.,2.891205793295E-15));
#5755 = ADVANCED_FACE('',(#5756),#5781,.F.);
#5756 = FACE_BOUND('',#5757,.T.);
#5757 = EDGE_LOOP('',(#5758,#5766,#5774,#5780));
#5758 = ORIENTED_EDGE('',*,*,#5759,.T.);
#5759 = EDGE_CURVE('',#5729,#5760,#5762,.T.);
#5760 = VERTEX_POINT('',#5761);
#5761 = CARTESIAN_POINT('',(-1.665,1.2,-6.9));
#5762 = LINE('',#5763,#5764);
#5763 = CARTESIAN_POINT('',(-1.665,1.2,-6.9));
#5764 = VECTOR('',#5765,1.);
#5765 = DIRECTION('',(-0.,-0.,-1.));
#5766 = ORIENTED_EDGE('',*,*,#5767,.F.);
#5767 = EDGE_CURVE('',#5768,#5760,#5770,.T.);
#5768 = VERTEX_POINT('',#5769);
#5769 = CARTESIAN_POINT('',(-1.665,2.,-6.9));
#5770 = LINE('',#5771,#5772);
#5771 = CARTESIAN_POINT('',(-1.665,2.,-6.9));
#5772 = VECTOR('',#5773,1.);
#5773 = DIRECTION('',(-0.,-1.,-0.));
#5774 = ORIENTED_EDGE('',*,*,#5775,.F.);
#5775 = EDGE_CURVE('',#5737,#5768,#5776,.T.);
#5776 = LINE('',#5777,#5778);
#5777 = CARTESIAN_POINT('',(-1.665,2.,-6.9));
#5778 = VECTOR('',#5779,1.);
#5779 = DIRECTION('',(-0.,-0.,-1.));
#5780 = ORIENTED_EDGE('',*,*,#5736,.T.);
#5781 = PLANE('',#5782);
#5782 = AXIS2_PLACEMENT_3D('',#5783,#5784,#5785);
#5783 = CARTESIAN_POINT('',(-1.665,2.,-6.9));
#5784 = DIRECTION('',(-1.,0.,0.));
#5785 = DIRECTION('',(0.,0.,1.));
#5786 = ADVANCED_FACE('',(#5787),#5803,.F.);
#5787 = FACE_BOUND('',#5788,.T.);
#5788 = EDGE_LOOP('',(#5789,#5795,#5796,#5802));
#5789 = ORIENTED_EDGE('',*,*,#5790,.T.);
#5790 = EDGE_CURVE('',#5760,#5689,#5791,.T.);
#5791 = LINE('',#5792,#5793);
#5792 = CARTESIAN_POINT('',(-1.965,1.2,-6.9));
#5793 = VECTOR('',#5794,1.);
#5794 = DIRECTION('',(-1.,-0.,-0.));
#5795 = ORIENTED_EDGE('',*,*,#5714,.F.);
#5796 = ORIENTED_EDGE('',*,*,#5797,.F.);
#5797 = EDGE_CURVE('',#5768,#5707,#5798,.T.);
#5798 = LINE('',#5799,#5800);
#5799 = CARTESIAN_POINT('',(-1.965,2.,-6.9));
#5800 = VECTOR('',#5801,1.);
#5801 = DIRECTION('',(-1.,-0.,-0.));
#5802 = ORIENTED_EDGE('',*,*,#5767,.T.);
#5803 = PLANE('',#5804);
#5804 = AXIS2_PLACEMENT_3D('',#5805,#5806,#5807);
#5805 = CARTESIAN_POINT('',(-1.965,2.,-6.9));
#5806 = DIRECTION('',(0.,0.,1.));
#5807 = DIRECTION('',(1.,0.,-0.));
#5808 = ADVANCED_FACE('',(#5809),#5815,.T.);
#5809 = FACE_BOUND('',#5810,.T.);
#5810 = EDGE_LOOP('',(#5811,#5812,#5813,#5814));
#5811 = ORIENTED_EDGE('',*,*,#5706,.T.);
#5812 = ORIENTED_EDGE('',*,*,#5744,.T.);
#5813 = ORIENTED_EDGE('',*,*,#5775,.T.);
#5814 = ORIENTED_EDGE('',*,*,#5797,.T.);
#5815 = PLANE('',#5816);
#5816 = AXIS2_PLACEMENT_3D('',#5817,#5818,#5819);
#5817 = CARTESIAN_POINT('',(0.,2.,0.));
#5818 = DIRECTION('',(-0.,1.,0.));
#5819 = DIRECTION('',(0.,0.,1.));
#5820 = ADVANCED_FACE('',(#5821),#5827,.F.);
#5821 = FACE_BOUND('',#5822,.T.);
#5822 = EDGE_LOOP('',(#5823,#5824,#5825,#5826));
#5823 = ORIENTED_EDGE('',*,*,#5688,.F.);
#5824 = ORIENTED_EDGE('',*,*,#5790,.F.);
#5825 = ORIENTED_EDGE('',*,*,#5759,.F.);
#5826 = ORIENTED_EDGE('',*,*,#5728,.F.);
#5827 = PLANE('',#5828);
#5828 = AXIS2_PLACEMENT_3D('',#5829,#5830,#5831);
#5829 = CARTESIAN_POINT('',(0.,1.2,0.));
#5830 = DIRECTION('',(-0.,1.,0.));
#5831 = DIRECTION('',(0.,0.,1.));
#5832 = MANIFOLD_SOLID_BREP('',#5833);
#5833 = CLOSED_SHELL('',(#5834,#5874,#5905,#5936,#5958,#5970));
#5834 = ADVANCED_FACE('',(#5835),#5869,.F.);
#5835 = FACE_BOUND('',#5836,.T.);
#5836 = EDGE_LOOP('',(#5837,#5847,#5855,#5863));
#5837 = ORIENTED_EDGE('',*,*,#5838,.T.);
#5838 = EDGE_CURVE('',#5839,#5841,#5843,.T.);
#5839 = VERTEX_POINT('',#5840);
#5840 = CARTESIAN_POINT('',(-0.815,1.2,-6.9));
#5841 = VERTEX_POINT('',#5842);
#5842 = CARTESIAN_POINT('',(-0.815,1.2,-6.15));
#5843 = LINE('',#5844,#5845);
#5844 = CARTESIAN_POINT('',(-0.815,1.2,-6.9));
#5845 = VECTOR('',#5846,1.);
#5846 = DIRECTION('',(0.,0.,1.));
#5847 = ORIENTED_EDGE('',*,*,#5848,.F.);
#5848 = EDGE_CURVE('',#5849,#5841,#5851,.T.);
#5849 = VERTEX_POINT('',#5850);
#5850 = CARTESIAN_POINT('',(-0.815,2.,-6.15));
#5851 = LINE('',#5852,#5853);
#5852 = CARTESIAN_POINT('',(-0.815,2.,-6.15));
#5853 = VECTOR('',#5854,1.);
#5854 = DIRECTION('',(-0.,-1.,-0.));
#5855 = ORIENTED_EDGE('',*,*,#5856,.F.);
#5856 = EDGE_CURVE('',#5857,#5849,#5859,.T.);
#5857 = VERTEX_POINT('',#5858);
#5858 = CARTESIAN_POINT('',(-0.815,2.,-6.9));
#5859 = LINE('',#5860,#5861);
#5860 = CARTESIAN_POINT('',(-0.815,2.,-6.9));
#5861 = VECTOR('',#5862,1.);
#5862 = DIRECTION('',(0.,0.,1.));
#5863 = ORIENTED_EDGE('',*,*,#5864,.T.);
#5864 = EDGE_CURVE('',#5857,#5839,#5865,.T.);
#5865 = LINE('',#5866,#5867);
#5866 = CARTESIAN_POINT('',(-0.815,2.,-6.9));
#5867 = VECTOR('',#5868,1.);
#5868 = DIRECTION('',(-0.,-1.,-0.));
#5869 = PLANE('',#5870);
#5870 = AXIS2_PLACEMENT_3D('',#5871,#5872,#5873);
#5871 = CARTESIAN_POINT('',(-0.815,2.,-6.9));
#5872 = DIRECTION('',(1.,0.,0.));
#5873 = DIRECTION('',(0.,0.,-1.));
#5874 = ADVANCED_FACE('',(#5875),#5900,.F.);
#5875 = FACE_BOUND('',#5876,.T.);
#5876 = EDGE_LOOP('',(#5877,#5885,#5893,#5899));
#5877 = ORIENTED_EDGE('',*,*,#5878,.T.);
#5878 = EDGE_CURVE('',#5841,#5879,#5881,.T.);
#5879 = VERTEX_POINT('',#5880);
#5880 = CARTESIAN_POINT('',(-0.515,1.2,-6.15));
#5881 = LINE('',#5882,#5883);
#5882 = CARTESIAN_POINT('',(-0.815,1.2,-6.15));
#5883 = VECTOR('',#5884,1.);
#5884 = DIRECTION('',(1.,0.,0.));
#5885 = ORIENTED_EDGE('',*,*,#5886,.F.);
#5886 = EDGE_CURVE('',#5887,#5879,#5889,.T.);
#5887 = VERTEX_POINT('',#5888);
#5888 = CARTESIAN_POINT('',(-0.515,2.,-6.15));
#5889 = LINE('',#5890,#5891);
#5890 = CARTESIAN_POINT('',(-0.515,2.,-6.15));
#5891 = VECTOR('',#5892,1.);
#5892 = DIRECTION('',(-0.,-1.,-0.));
#5893 = ORIENTED_EDGE('',*,*,#5894,.F.);
#5894 = EDGE_CURVE('',#5849,#5887,#5895,.T.);
#5895 = LINE('',#5896,#5897);
#5896 = CARTESIAN_POINT('',(-0.815,2.,-6.15));
#5897 = VECTOR('',#5898,1.);
#5898 = DIRECTION('',(1.,0.,0.));
#5899 = ORIENTED_EDGE('',*,*,#5848,.T.);
#5900 = PLANE('',#5901);
#5901 = AXIS2_PLACEMENT_3D('',#5902,#5903,#5904);
#5902 = CARTESIAN_POINT('',(-0.815,2.,-6.15));
#5903 = DIRECTION('',(0.,0.,-1.));
#5904 = DIRECTION('',(-1.,0.,-0.));
#5905 = ADVANCED_FACE('',(#5906),#5931,.F.);
#5906 = FACE_BOUND('',#5907,.T.);
#5907 = EDGE_LOOP('',(#5908,#5916,#5924,#5930));
#5908 = ORIENTED_EDGE('',*,*,#5909,.T.);
#5909 = EDGE_CURVE('',#5879,#5910,#5912,.T.);
#5910 = VERTEX_POINT('',#5911);
#5911 = CARTESIAN_POINT('',(-0.515,1.2,-6.9));
#5912 = LINE('',#5913,#5914);
#5913 = CARTESIAN_POINT('',(-0.515,1.2,-6.9));
#5914 = VECTOR('',#5915,1.);
#5915 = DIRECTION('',(-0.,-0.,-1.));
#5916 = ORIENTED_EDGE('',*,*,#5917,.F.);
#5917 = EDGE_CURVE('',#5918,#5910,#5920,.T.);
#5918 = VERTEX_POINT('',#5919);
#5919 = CARTESIAN_POINT('',(-0.515,2.,-6.9));
#5920 = LINE('',#5921,#5922);
#5921 = CARTESIAN_POINT('',(-0.515,2.,-6.9));
#5922 = VECTOR('',#5923,1.);
#5923 = DIRECTION('',(-0.,-1.,-0.));
#5924 = ORIENTED_EDGE('',*,*,#5925,.F.);
#5925 = EDGE_CURVE('',#5887,#5918,#5926,.T.);
#5926 = LINE('',#5927,#5928);
#5927 = CARTESIAN_POINT('',(-0.515,2.,-6.9));
#5928 = VECTOR('',#5929,1.);
#5929 = DIRECTION('',(-0.,-0.,-1.));
#5930 = ORIENTED_EDGE('',*,*,#5886,.T.);
#5931 = PLANE('',#5932);
#5932 = AXIS2_PLACEMENT_3D('',#5933,#5934,#5935);
#5933 = CARTESIAN_POINT('',(-0.515,2.,-6.9));
#5934 = DIRECTION('',(-1.,0.,0.));
#5935 = DIRECTION('',(0.,0.,1.));
#5936 = ADVANCED_FACE('',(#5937),#5953,.F.);
#5937 = FACE_BOUND('',#5938,.T.);
#5938 = EDGE_LOOP('',(#5939,#5945,#5946,#5952));
#5939 = ORIENTED_EDGE('',*,*,#5940,.T.);
#5940 = EDGE_CURVE('',#5910,#5839,#5941,.T.);
#5941 = LINE('',#5942,#5943);
#5942 = CARTESIAN_POINT('',(-0.815,1.2,-6.9));
#5943 = VECTOR('',#5944,1.);
#5944 = DIRECTION('',(-1.,-0.,-0.));
#5945 = ORIENTED_EDGE('',*,*,#5864,.F.);
#5946 = ORIENTED_EDGE('',*,*,#5947,.F.);
#5947 = EDGE_CURVE('',#5918,#5857,#5948,.T.);
#5948 = LINE('',#5949,#5950);
#5949 = CARTESIAN_POINT('',(-0.815,2.,-6.9));
#5950 = VECTOR('',#5951,1.);
#5951 = DIRECTION('',(-1.,-0.,-0.));
#5952 = ORIENTED_EDGE('',*,*,#5917,.T.);
#5953 = PLANE('',#5954);
#5954 = AXIS2_PLACEMENT_3D('',#5955,#5956,#5957);
#5955 = CARTESIAN_POINT('',(-0.815,2.,-6.9));
#5956 = DIRECTION('',(0.,0.,1.));
#5957 = DIRECTION('',(1.,0.,-0.));
#5958 = ADVANCED_FACE('',(#5959),#5965,.T.);
#5959 = FACE_BOUND('',#5960,.T.);
#5960 = EDGE_LOOP('',(#5961,#5962,#5963,#5964));
#5961 = ORIENTED_EDGE('',*,*,#5856,.T.);
#5962 = ORIENTED_EDGE('',*,*,#5894,.T.);
#5963 = ORIENTED_EDGE('',*,*,#5925,.T.);
#5964 = ORIENTED_EDGE('',*,*,#5947,.T.);
#5965 = PLANE('',#5966);
#5966 = AXIS2_PLACEMENT_3D('',#5967,#5968,#5969);
#5967 = CARTESIAN_POINT('',(0.,2.,0.));
#5968 = DIRECTION('',(0.,1.,0.));
#5969 = DIRECTION('',(0.,-0.,1.));
#5970 = ADVANCED_FACE('',(#5971),#5977,.F.);
#5971 = FACE_BOUND('',#5972,.T.);
#5972 = EDGE_LOOP('',(#5973,#5974,#5975,#5976));
#5973 = ORIENTED_EDGE('',*,*,#5838,.F.);
#5974 = ORIENTED_EDGE('',*,*,#5940,.F.);
#5975 = ORIENTED_EDGE('',*,*,#5909,.F.);
#5976 = ORIENTED_EDGE('',*,*,#5878,.F.);
#5977 = PLANE('',#5978);
#5978 = AXIS2_PLACEMENT_3D('',#5979,#5980,#5981);
#5979 = CARTESIAN_POINT('',(0.,1.2,0.));
#5980 = DIRECTION('',(0.,1.,0.));
#5981 = DIRECTION('',(0.,-0.,1.));
#5982 = MANIFOLD_SOLID_BREP('',#5983);
#5983 = CLOSED_SHELL('',(#5984,#6024,#6055,#6086,#6108,#6120));
#5984 = ADVANCED_FACE('',(#5985),#6019,.F.);
#5985 = FACE_BOUND('',#5986,.T.);
#5986 = EDGE_LOOP('',(#5987,#5997,#6005,#6013));
#5987 = ORIENTED_EDGE('',*,*,#5988,.T.);
#5988 = EDGE_CURVE('',#5989,#5991,#5993,.T.);
#5989 = VERTEX_POINT('',#5990);
#5990 = CARTESIAN_POINT('',(-1.965,1.2,-4.225));
#5991 = VERTEX_POINT('',#5992);
#5992 = CARTESIAN_POINT('',(-1.965,1.2,-3.475));
#5993 = LINE('',#5994,#5995);
#5994 = CARTESIAN_POINT('',(-1.965,1.2,-4.225));
#5995 = VECTOR('',#5996,1.);
#5996 = DIRECTION('',(0.,0.,1.));
#5997 = ORIENTED_EDGE('',*,*,#5998,.F.);
#5998 = EDGE_CURVE('',#5999,#5991,#6001,.T.);
#5999 = VERTEX_POINT('',#6000);
#6000 = CARTESIAN_POINT('',(-1.965,2.,-3.475));
#6001 = LINE('',#6002,#6003);
#6002 = CARTESIAN_POINT('',(-1.965,2.,-3.475));
#6003 = VECTOR('',#6004,1.);
#6004 = DIRECTION('',(-0.,-1.,-0.));
#6005 = ORIENTED_EDGE('',*,*,#6006,.F.);
#6006 = EDGE_CURVE('',#6007,#5999,#6009,.T.);
#6007 = VERTEX_POINT('',#6008);
#6008 = CARTESIAN_POINT('',(-1.965,2.,-4.225));
#6009 = LINE('',#6010,#6011);
#6010 = CARTESIAN_POINT('',(-1.965,2.,-4.225));
#6011 = VECTOR('',#6012,1.);
#6012 = DIRECTION('',(0.,0.,1.));
#6013 = ORIENTED_EDGE('',*,*,#6014,.T.);
#6014 = EDGE_CURVE('',#6007,#5989,#6015,.T.);
#6015 = LINE('',#6016,#6017);
#6016 = CARTESIAN_POINT('',(-1.965,2.,-4.225));
#6017 = VECTOR('',#6018,1.);
#6018 = DIRECTION('',(-0.,-1.,-0.));
#6019 = PLANE('',#6020);
#6020 = AXIS2_PLACEMENT_3D('',#6021,#6022,#6023);
#6021 = CARTESIAN_POINT('',(-1.965,2.,-4.225));
#6022 = DIRECTION('',(1.,0.,0.));
#6023 = DIRECTION('',(0.,0.,-1.));
#6024 = ADVANCED_FACE('',(#6025),#6050,.F.);
#6025 = FACE_BOUND('',#6026,.T.);
#6026 = EDGE_LOOP('',(#6027,#6035,#6043,#6049));
#6027 = ORIENTED_EDGE('',*,*,#6028,.T.);
#6028 = EDGE_CURVE('',#5991,#6029,#6031,.T.);
#6029 = VERTEX_POINT('',#6030);
#6030 = CARTESIAN_POINT('',(-1.665,1.2,-3.475));
#6031 = LINE('',#6032,#6033);
#6032 = CARTESIAN_POINT('',(-1.965,1.2,-3.475));
#6033 = VECTOR('',#6034,1.);
#6034 = DIRECTION('',(1.,0.,0.));
#6035 = ORIENTED_EDGE('',*,*,#6036,.F.);
#6036 = EDGE_CURVE('',#6037,#6029,#6039,.T.);
#6037 = VERTEX_POINT('',#6038);
#6038 = CARTESIAN_POINT('',(-1.665,2.,-3.475));
#6039 = LINE('',#6040,#6041);
#6040 = CARTESIAN_POINT('',(-1.665,2.,-3.475));
#6041 = VECTOR('',#6042,1.);
#6042 = DIRECTION('',(-0.,-1.,-0.));
#6043 = ORIENTED_EDGE('',*,*,#6044,.F.);
#6044 = EDGE_CURVE('',#5999,#6037,#6045,.T.);
#6045 = LINE('',#6046,#6047);
#6046 = CARTESIAN_POINT('',(-1.965,2.,-3.475));
#6047 = VECTOR('',#6048,1.);
#6048 = DIRECTION('',(1.,0.,0.));
#6049 = ORIENTED_EDGE('',*,*,#5998,.T.);
#6050 = PLANE('',#6051);
#6051 = AXIS2_PLACEMENT_3D('',#6052,#6053,#6054);
#6052 = CARTESIAN_POINT('',(-1.965,2.,-3.475));
#6053 = DIRECTION('',(0.,0.,-1.));
#6054 = DIRECTION('',(-1.,0.,-0.));
#6055 = ADVANCED_FACE('',(#6056),#6081,.F.);
#6056 = FACE_BOUND('',#6057,.T.);
#6057 = EDGE_LOOP('',(#6058,#6066,#6074,#6080));
#6058 = ORIENTED_EDGE('',*,*,#6059,.T.);
#6059 = EDGE_CURVE('',#6029,#6060,#6062,.T.);
#6060 = VERTEX_POINT('',#6061);
#6061 = CARTESIAN_POINT('',(-1.665,1.2,-4.225));
#6062 = LINE('',#6063,#6064);
#6063 = CARTESIAN_POINT('',(-1.665,1.2,-4.225));
#6064 = VECTOR('',#6065,1.);
#6065 = DIRECTION('',(-0.,-0.,-1.));
#6066 = ORIENTED_EDGE('',*,*,#6067,.F.);
#6067 = EDGE_CURVE('',#6068,#6060,#6070,.T.);
#6068 = VERTEX_POINT('',#6069);
#6069 = CARTESIAN_POINT('',(-1.665,2.,-4.225));
#6070 = LINE('',#6071,#6072);
#6071 = CARTESIAN_POINT('',(-1.665,2.,-4.225));
#6072 = VECTOR('',#6073,1.);
#6073 = DIRECTION('',(-0.,-1.,-0.));
#6074 = ORIENTED_EDGE('',*,*,#6075,.F.);
#6075 = EDGE_CURVE('',#6037,#6068,#6076,.T.);
#6076 = LINE('',#6077,#6078);
#6077 = CARTESIAN_POINT('',(-1.665,2.,-4.225));
#6078 = VECTOR('',#6079,1.);
#6079 = DIRECTION('',(-0.,-0.,-1.));
#6080 = ORIENTED_EDGE('',*,*,#6036,.T.);
#6081 = PLANE('',#6082);
#6082 = AXIS2_PLACEMENT_3D('',#6083,#6084,#6085);
#6083 = CARTESIAN_POINT('',(-1.665,2.,-4.225));
#6084 = DIRECTION('',(-1.,0.,0.));
#6085 = DIRECTION('',(0.,0.,1.));
#6086 = ADVANCED_FACE('',(#6087),#6103,.F.);
#6087 = FACE_BOUND('',#6088,.T.);
#6088 = EDGE_LOOP('',(#6089,#6095,#6096,#6102));
#6089 = ORIENTED_EDGE('',*,*,#6090,.T.);
#6090 = EDGE_CURVE('',#6060,#5989,#6091,.T.);
#6091 = LINE('',#6092,#6093);
#6092 = CARTESIAN_POINT('',(-1.965,1.2,-4.225));
#6093 = VECTOR('',#6094,1.);
#6094 = DIRECTION('',(-1.,-0.,-0.));
#6095 = ORIENTED_EDGE('',*,*,#6014,.F.);
#6096 = ORIENTED_EDGE('',*,*,#6097,.F.);
#6097 = EDGE_CURVE('',#6068,#6007,#6098,.T.);
#6098 = LINE('',#6099,#6100);
#6099 = CARTESIAN_POINT('',(-1.965,2.,-4.225));
#6100 = VECTOR('',#6101,1.);
#6101 = DIRECTION('',(-1.,-0.,-0.));
#6102 = ORIENTED_EDGE('',*,*,#6067,.T.);
#6103 = PLANE('',#6104);
#6104 = AXIS2_PLACEMENT_3D('',#6105,#6106,#6107);
#6105 = CARTESIAN_POINT('',(-1.965,2.,-4.225));
#6106 = DIRECTION('',(0.,0.,1.));
#6107 = DIRECTION('',(1.,0.,-0.));
#6108 = ADVANCED_FACE('',(#6109),#6115,.T.);
#6109 = FACE_BOUND('',#6110,.T.);
#6110 = EDGE_LOOP('',(#6111,#6112,#6113,#6114));
#6111 = ORIENTED_EDGE('',*,*,#6006,.T.);
#6112 = ORIENTED_EDGE('',*,*,#6044,.T.);
#6113 = ORIENTED_EDGE('',*,*,#6075,.T.);
#6114 = ORIENTED_EDGE('',*,*,#6097,.T.);
#6115 = PLANE('',#6116);
#6116 = AXIS2_PLACEMENT_3D('',#6117,#6118,#6119);
#6117 = CARTESIAN_POINT('',(0.,2.,0.));
#6118 = DIRECTION('',(0.,1.,0.));
#6119 = DIRECTION('',(0.,-0.,1.));
#6120 = ADVANCED_FACE('',(#6121),#6127,.F.);
#6121 = FACE_BOUND('',#6122,.T.);
#6122 = EDGE_LOOP('',(#6123,#6124,#6125,#6126));
#6123 = ORIENTED_EDGE('',*,*,#5988,.F.);
#6124 = ORIENTED_EDGE('',*,*,#6090,.F.);
#6125 = ORIENTED_EDGE('',*,*,#6059,.F.);
#6126 = ORIENTED_EDGE('',*,*,#6028,.F.);
#6127 = PLANE('',#6128);
#6128 = AXIS2_PLACEMENT_3D('',#6129,#6130,#6131);
#6129 = CARTESIAN_POINT('',(0.,1.2,0.));
#6130 = DIRECTION('',(0.,1.,0.));
#6131 = DIRECTION('',(0.,-0.,1.));
#6132 = MANIFOLD_SOLID_BREP('',#6133);
#6133 = CLOSED_SHELL('',(#6134,#6174,#6205,#6236,#6258,#6270));
#6134 = ADVANCED_FACE('',(#6135),#6169,.F.);
#6135 = FACE_BOUND('',#6136,.T.);
#6136 = EDGE_LOOP('',(#6137,#6147,#6155,#6163));
#6137 = ORIENTED_EDGE('',*,*,#6138,.T.);
#6138 = EDGE_CURVE('',#6139,#6141,#6143,.T.);
#6139 = VERTEX_POINT('',#6140);
#6140 = CARTESIAN_POINT('',(-0.815,1.2,-4.225));
#6141 = VERTEX_POINT('',#6142);
#6142 = CARTESIAN_POINT('',(-0.815,1.2,-3.475));
#6143 = LINE('',#6144,#6145);
#6144 = CARTESIAN_POINT('',(-0.815,1.2,-4.225));
#6145 = VECTOR('',#6146,1.);
#6146 = DIRECTION('',(1.445602896647E-16,0.,1.));
#6147 = ORIENTED_EDGE('',*,*,#6148,.F.);
#6148 = EDGE_CURVE('',#6149,#6141,#6151,.T.);
#6149 = VERTEX_POINT('',#6150);
#6150 = CARTESIAN_POINT('',(-0.815,2.,-3.475));
#6151 = LINE('',#6152,#6153);
#6152 = CARTESIAN_POINT('',(-0.815,2.,-3.475));
#6153 = VECTOR('',#6154,1.);
#6154 = DIRECTION('',(-0.,-1.,-0.));
#6155 = ORIENTED_EDGE('',*,*,#6156,.F.);
#6156 = EDGE_CURVE('',#6157,#6149,#6159,.T.);
#6157 = VERTEX_POINT('',#6158);
#6158 = CARTESIAN_POINT('',(-0.815,2.,-4.225));
#6159 = LINE('',#6160,#6161);
#6160 = CARTESIAN_POINT('',(-0.815,2.,-4.225));
#6161 = VECTOR('',#6162,1.);
#6162 = DIRECTION('',(1.445602896647E-16,0.,1.));
#6163 = ORIENTED_EDGE('',*,*,#6164,.T.);
#6164 = EDGE_CURVE('',#6157,#6139,#6165,.T.);
#6165 = LINE('',#6166,#6167);
#6166 = CARTESIAN_POINT('',(-0.815,2.,-4.225));
#6167 = VECTOR('',#6168,1.);
#6168 = DIRECTION('',(-0.,-1.,-0.));
#6169 = PLANE('',#6170);
#6170 = AXIS2_PLACEMENT_3D('',#6171,#6172,#6173);
#6171 = CARTESIAN_POINT('',(-0.815,2.,-4.225));
#6172 = DIRECTION('',(1.,0.,-1.445602896647E-16));
#6173 = DIRECTION('',(-1.445602896647E-16,0.,-1.));
#6174 = ADVANCED_FACE('',(#6175),#6200,.F.);
#6175 = FACE_BOUND('',#6176,.T.);
#6176 = EDGE_LOOP('',(#6177,#6185,#6193,#6199));
#6177 = ORIENTED_EDGE('',*,*,#6178,.T.);
#6178 = EDGE_CURVE('',#6141,#6179,#6181,.T.);
#6179 = VERTEX_POINT('',#6180);
#6180 = CARTESIAN_POINT('',(-0.515,1.2,-3.475));
#6181 = LINE('',#6182,#6183);
#6182 = CARTESIAN_POINT('',(-0.815,1.2,-3.475));
#6183 = VECTOR('',#6184,1.);
#6184 = DIRECTION('',(1.,0.,0.));
#6185 = ORIENTED_EDGE('',*,*,#6186,.F.);
#6186 = EDGE_CURVE('',#6187,#6179,#6189,.T.);
#6187 = VERTEX_POINT('',#6188);
#6188 = CARTESIAN_POINT('',(-0.515,2.,-3.475));
#6189 = LINE('',#6190,#6191);
#6190 = CARTESIAN_POINT('',(-0.515,2.,-3.475));
#6191 = VECTOR('',#6192,1.);
#6192 = DIRECTION('',(-0.,-1.,-0.));
#6193 = ORIENTED_EDGE('',*,*,#6194,.F.);
#6194 = EDGE_CURVE('',#6149,#6187,#6195,.T.);
#6195 = LINE('',#6196,#6197);
#6196 = CARTESIAN_POINT('',(-0.815,2.,-3.475));
#6197 = VECTOR('',#6198,1.);
#6198 = DIRECTION('',(1.,0.,0.));
#6199 = ORIENTED_EDGE('',*,*,#6148,.T.);
#6200 = PLANE('',#6201);
#6201 = AXIS2_PLACEMENT_3D('',#6202,#6203,#6204);
#6202 = CARTESIAN_POINT('',(-0.815,2.,-3.475));
#6203 = DIRECTION('',(0.,0.,-1.));
#6204 = DIRECTION('',(-1.,0.,-0.));
#6205 = ADVANCED_FACE('',(#6206),#6231,.F.);
#6206 = FACE_BOUND('',#6207,.T.);
#6207 = EDGE_LOOP('',(#6208,#6216,#6224,#6230));
#6208 = ORIENTED_EDGE('',*,*,#6209,.T.);
#6209 = EDGE_CURVE('',#6179,#6210,#6212,.T.);
#6210 = VERTEX_POINT('',#6211);
#6211 = CARTESIAN_POINT('',(-0.515,1.2,-4.225));
#6212 = LINE('',#6213,#6214);
#6213 = CARTESIAN_POINT('',(-0.515,1.2,-4.225));
#6214 = VECTOR('',#6215,1.);
#6215 = DIRECTION('',(-1.445602896647E-16,-0.,-1.));
#6216 = ORIENTED_EDGE('',*,*,#6217,.F.);
#6217 = EDGE_CURVE('',#6218,#6210,#6220,.T.);
#6218 = VERTEX_POINT('',#6219);
#6219 = CARTESIAN_POINT('',(-0.515,2.,-4.225));
#6220 = LINE('',#6221,#6222);
#6221 = CARTESIAN_POINT('',(-0.515,2.,-4.225));
#6222 = VECTOR('',#6223,1.);
#6223 = DIRECTION('',(-0.,-1.,-0.));
#6224 = ORIENTED_EDGE('',*,*,#6225,.F.);
#6225 = EDGE_CURVE('',#6187,#6218,#6226,.T.);
#6226 = LINE('',#6227,#6228);
#6227 = CARTESIAN_POINT('',(-0.515,2.,-4.225));
#6228 = VECTOR('',#6229,1.);
#6229 = DIRECTION('',(-1.445602896647E-16,-0.,-1.));
#6230 = ORIENTED_EDGE('',*,*,#6186,.T.);
#6231 = PLANE('',#6232);
#6232 = AXIS2_PLACEMENT_3D('',#6233,#6234,#6235);
#6233 = CARTESIAN_POINT('',(-0.515,2.,-4.225));
#6234 = DIRECTION('',(-1.,0.,1.445602896647E-16));
#6235 = DIRECTION('',(1.445602896647E-16,0.,1.));
#6236 = ADVANCED_FACE('',(#6237),#6253,.F.);
#6237 = FACE_BOUND('',#6238,.T.);
#6238 = EDGE_LOOP('',(#6239,#6245,#6246,#6252));
#6239 = ORIENTED_EDGE('',*,*,#6240,.T.);
#6240 = EDGE_CURVE('',#6210,#6139,#6241,.T.);
#6241 = LINE('',#6242,#6243);
#6242 = CARTESIAN_POINT('',(-0.815,1.2,-4.225));
#6243 = VECTOR('',#6244,1.);
#6244 = DIRECTION('',(-1.,-0.,-0.));
#6245 = ORIENTED_EDGE('',*,*,#6164,.F.);
#6246 = ORIENTED_EDGE('',*,*,#6247,.F.);
#6247 = EDGE_CURVE('',#6218,#6157,#6248,.T.);
#6248 = LINE('',#6249,#6250);
#6249 = CARTESIAN_POINT('',(-0.815,2.,-4.225));
#6250 = VECTOR('',#6251,1.);
#6251 = DIRECTION('',(-1.,-0.,-0.));
#6252 = ORIENTED_EDGE('',*,*,#6217,.T.);
#6253 = PLANE('',#6254);
#6254 = AXIS2_PLACEMENT_3D('',#6255,#6256,#6257);
#6255 = CARTESIAN_POINT('',(-0.815,2.,-4.225));
#6256 = DIRECTION('',(0.,0.,1.));
#6257 = DIRECTION('',(1.,0.,-0.));
#6258 = ADVANCED_FACE('',(#6259),#6265,.T.);
#6259 = FACE_BOUND('',#6260,.T.);
#6260 = EDGE_LOOP('',(#6261,#6262,#6263,#6264));
#6261 = ORIENTED_EDGE('',*,*,#6156,.T.);
#6262 = ORIENTED_EDGE('',*,*,#6194,.T.);
#6263 = ORIENTED_EDGE('',*,*,#6225,.T.);
#6264 = ORIENTED_EDGE('',*,*,#6247,.T.);
#6265 = PLANE('',#6266);
#6266 = AXIS2_PLACEMENT_3D('',#6267,#6268,#6269);
#6267 = CARTESIAN_POINT('',(0.,2.,0.));
#6268 = DIRECTION('',(0.,1.,0.));
#6269 = DIRECTION('',(0.,-0.,1.));
#6270 = ADVANCED_FACE('',(#6271),#6277,.F.);
#6271 = FACE_BOUND('',#6272,.T.);
#6272 = EDGE_LOOP('',(#6273,#6274,#6275,#6276));
#6273 = ORIENTED_EDGE('',*,*,#6138,.F.);
#6274 = ORIENTED_EDGE('',*,*,#6240,.F.);
#6275 = ORIENTED_EDGE('',*,*,#6209,.F.);
#6276 = ORIENTED_EDGE('',*,*,#6178,.F.);
#6277 = PLANE('',#6278);
#6278 = AXIS2_PLACEMENT_3D('',#6279,#6280,#6281);
#6279 = CARTESIAN_POINT('',(0.,1.2,0.));
#6280 = DIRECTION('',(0.,1.,0.));
#6281 = DIRECTION('',(0.,-0.,1.));
#6282 = MANIFOLD_SOLID_BREP('',#6283);
#6283 = CLOSED_SHELL('',(#6284,#6324,#6355,#6386,#6408,#6420));
#6284 = ADVANCED_FACE('',(#6285),#6319,.F.);
#6285 = FACE_BOUND('',#6286,.T.);
#6286 = EDGE_LOOP('',(#6287,#6297,#6305,#6313));
#6287 = ORIENTED_EDGE('',*,*,#6288,.T.);
#6288 = EDGE_CURVE('',#6289,#6291,#6293,.T.);
#6289 = VERTEX_POINT('',#6290);
#6290 = CARTESIAN_POINT('',(1.735,1.2,-4.225));
#6291 = VERTEX_POINT('',#6292);
#6292 = CARTESIAN_POINT('',(1.735,1.2,-3.475));
#6293 = LINE('',#6294,#6295);
#6294 = CARTESIAN_POINT('',(1.735,1.2,-4.225));
#6295 = VECTOR('',#6296,1.);
#6296 = DIRECTION('',(0.,0.,1.));
#6297 = ORIENTED_EDGE('',*,*,#6298,.F.);
#6298 = EDGE_CURVE('',#6299,#6291,#6301,.T.);
#6299 = VERTEX_POINT('',#6300);
#6300 = CARTESIAN_POINT('',(1.735,2.,-3.475));
#6301 = LINE('',#6302,#6303);
#6302 = CARTESIAN_POINT('',(1.735,2.,-3.475));
#6303 = VECTOR('',#6304,1.);
#6304 = DIRECTION('',(-0.,-1.,-0.));
#6305 = ORIENTED_EDGE('',*,*,#6306,.F.);
#6306 = EDGE_CURVE('',#6307,#6299,#6309,.T.);
#6307 = VERTEX_POINT('',#6308);
#6308 = CARTESIAN_POINT('',(1.735,2.,-4.225));
#6309 = LINE('',#6310,#6311);
#6310 = CARTESIAN_POINT('',(1.735,2.,-4.225));
#6311 = VECTOR('',#6312,1.);
#6312 = DIRECTION('',(0.,0.,1.));
#6313 = ORIENTED_EDGE('',*,*,#6314,.T.);
#6314 = EDGE_CURVE('',#6307,#6289,#6315,.T.);
#6315 = LINE('',#6316,#6317);
#6316 = CARTESIAN_POINT('',(1.735,2.,-4.225));
#6317 = VECTOR('',#6318,1.);
#6318 = DIRECTION('',(-0.,-1.,-0.));
#6319 = PLANE('',#6320);
#6320 = AXIS2_PLACEMENT_3D('',#6321,#6322,#6323);
#6321 = CARTESIAN_POINT('',(1.735,2.,-4.225));
#6322 = DIRECTION('',(1.,0.,0.));
#6323 = DIRECTION('',(0.,0.,-1.));
#6324 = ADVANCED_FACE('',(#6325),#6350,.F.);
#6325 = FACE_BOUND('',#6326,.T.);
#6326 = EDGE_LOOP('',(#6327,#6335,#6343,#6349));
#6327 = ORIENTED_EDGE('',*,*,#6328,.T.);
#6328 = EDGE_CURVE('',#6291,#6329,#6331,.T.);
#6329 = VERTEX_POINT('',#6330);
#6330 = CARTESIAN_POINT('',(2.035,1.2,-3.475));
#6331 = LINE('',#6332,#6333);
#6332 = CARTESIAN_POINT('',(1.735,1.2,-3.475));
#6333 = VECTOR('',#6334,1.);
#6334 = DIRECTION('',(1.,0.,0.));
#6335 = ORIENTED_EDGE('',*,*,#6336,.F.);
#6336 = EDGE_CURVE('',#6337,#6329,#6339,.T.);
#6337 = VERTEX_POINT('',#6338);
#6338 = CARTESIAN_POINT('',(2.035,2.,-3.475));
#6339 = LINE('',#6340,#6341);
#6340 = CARTESIAN_POINT('',(2.035,2.,-3.475));
#6341 = VECTOR('',#6342,1.);
#6342 = DIRECTION('',(-0.,-1.,-0.));
#6343 = ORIENTED_EDGE('',*,*,#6344,.F.);
#6344 = EDGE_CURVE('',#6299,#6337,#6345,.T.);
#6345 = LINE('',#6346,#6347);
#6346 = CARTESIAN_POINT('',(1.735,2.,-3.475));
#6347 = VECTOR('',#6348,1.);
#6348 = DIRECTION('',(1.,0.,0.));
#6349 = ORIENTED_EDGE('',*,*,#6298,.T.);
#6350 = PLANE('',#6351);
#6351 = AXIS2_PLACEMENT_3D('',#6352,#6353,#6354);
#6352 = CARTESIAN_POINT('',(1.735,2.,-3.475));
#6353 = DIRECTION('',(0.,0.,-1.));
#6354 = DIRECTION('',(-1.,0.,-0.));
#6355 = ADVANCED_FACE('',(#6356),#6381,.F.);
#6356 = FACE_BOUND('',#6357,.T.);
#6357 = EDGE_LOOP('',(#6358,#6366,#6374,#6380));
#6358 = ORIENTED_EDGE('',*,*,#6359,.T.);
#6359 = EDGE_CURVE('',#6329,#6360,#6362,.T.);
#6360 = VERTEX_POINT('',#6361);
#6361 = CARTESIAN_POINT('',(2.035,1.2,-4.225));
#6362 = LINE('',#6363,#6364);
#6363 = CARTESIAN_POINT('',(2.035,1.2,-4.225));
#6364 = VECTOR('',#6365,1.);
#6365 = DIRECTION('',(-0.,-0.,-1.));
#6366 = ORIENTED_EDGE('',*,*,#6367,.F.);
#6367 = EDGE_CURVE('',#6368,#6360,#6370,.T.);
#6368 = VERTEX_POINT('',#6369);
#6369 = CARTESIAN_POINT('',(2.035,2.,-4.225));
#6370 = LINE('',#6371,#6372);
#6371 = CARTESIAN_POINT('',(2.035,2.,-4.225));
#6372 = VECTOR('',#6373,1.);
#6373 = DIRECTION('',(-0.,-1.,-0.));
#6374 = ORIENTED_EDGE('',*,*,#6375,.F.);
#6375 = EDGE_CURVE('',#6337,#6368,#6376,.T.);
#6376 = LINE('',#6377,#6378);
#6377 = CARTESIAN_POINT('',(2.035,2.,-4.225));
#6378 = VECTOR('',#6379,1.);
#6379 = DIRECTION('',(-0.,-0.,-1.));
#6380 = ORIENTED_EDGE('',*,*,#6336,.T.);
#6381 = PLANE('',#6382);
#6382 = AXIS2_PLACEMENT_3D('',#6383,#6384,#6385);
#6383 = CARTESIAN_POINT('',(2.035,2.,-4.225));
#6384 = DIRECTION('',(-1.,0.,0.));
#6385 = DIRECTION('',(0.,0.,1.));
#6386 = ADVANCED_FACE('',(#6387),#6403,.F.);
#6387 = FACE_BOUND('',#6388,.T.);
#6388 = EDGE_LOOP('',(#6389,#6395,#6396,#6402));
#6389 = ORIENTED_EDGE('',*,*,#6390,.T.);
#6390 = EDGE_CURVE('',#6360,#6289,#6391,.T.);
#6391 = LINE('',#6392,#6393);
#6392 = CARTESIAN_POINT('',(1.735,1.2,-4.225));
#6393 = VECTOR('',#6394,1.);
#6394 = DIRECTION('',(-1.,-0.,-0.));
#6395 = ORIENTED_EDGE('',*,*,#6314,.F.);
#6396 = ORIENTED_EDGE('',*,*,#6397,.F.);
#6397 = EDGE_CURVE('',#6368,#6307,#6398,.T.);
#6398 = LINE('',#6399,#6400);
#6399 = CARTESIAN_POINT('',(1.735,2.,-4.225));
#6400 = VECTOR('',#6401,1.);
#6401 = DIRECTION('',(-1.,-0.,-0.));
#6402 = ORIENTED_EDGE('',*,*,#6367,.T.);
#6403 = PLANE('',#6404);
#6404 = AXIS2_PLACEMENT_3D('',#6405,#6406,#6407);
#6405 = CARTESIAN_POINT('',(1.735,2.,-4.225));
#6406 = DIRECTION('',(0.,0.,1.));
#6407 = DIRECTION('',(1.,0.,-0.));
#6408 = ADVANCED_FACE('',(#6409),#6415,.T.);
#6409 = FACE_BOUND('',#6410,.T.);
#6410 = EDGE_LOOP('',(#6411,#6412,#6413,#6414));
#6411 = ORIENTED_EDGE('',*,*,#6306,.T.);
#6412 = ORIENTED_EDGE('',*,*,#6344,.T.);
#6413 = ORIENTED_EDGE('',*,*,#6375,.T.);
#6414 = ORIENTED_EDGE('',*,*,#6397,.T.);
#6415 = PLANE('',#6416);
#6416 = AXIS2_PLACEMENT_3D('',#6417,#6418,#6419);
#6417 = CARTESIAN_POINT('',(0.,2.,0.));
#6418 = DIRECTION('',(0.,1.,0.));
#6419 = DIRECTION('',(0.,-0.,1.));
#6420 = ADVANCED_FACE('',(#6421),#6427,.F.);
#6421 = FACE_BOUND('',#6422,.T.);
#6422 = EDGE_LOOP('',(#6423,#6424,#6425,#6426));
#6423 = ORIENTED_EDGE('',*,*,#6288,.F.);
#6424 = ORIENTED_EDGE('',*,*,#6390,.F.);
#6425 = ORIENTED_EDGE('',*,*,#6359,.F.);
#6426 = ORIENTED_EDGE('',*,*,#6328,.F.);
#6427 = PLANE('',#6428);
#6428 = AXIS2_PLACEMENT_3D('',#6429,#6430,#6431);
#6429 = CARTESIAN_POINT('',(0.,1.2,0.));
#6430 = DIRECTION('',(0.,1.,0.));
#6431 = DIRECTION('',(0.,-0.,1.));
#6432 = MANIFOLD_SOLID_BREP('',#6433);
#6433 = CLOSED_SHELL('',(#6434,#6474,#6505,#6536,#6558,#6570));
#6434 = ADVANCED_FACE('',(#6435),#6469,.F.);
#6435 = FACE_BOUND('',#6436,.T.);
#6436 = EDGE_LOOP('',(#6437,#6447,#6455,#6463));
#6437 = ORIENTED_EDGE('',*,*,#6438,.T.);
#6438 = EDGE_CURVE('',#6439,#6441,#6443,.T.);
#6439 = VERTEX_POINT('',#6440);
#6440 = CARTESIAN_POINT('',(2.885,1.2,-4.225));
#6441 = VERTEX_POINT('',#6442);
#6442 = CARTESIAN_POINT('',(2.885,1.2,-3.475));
#6443 = LINE('',#6444,#6445);
#6444 = CARTESIAN_POINT('',(2.885,1.2,-4.225));
#6445 = VECTOR('',#6446,1.);
#6446 = DIRECTION('',(0.,0.,1.));
#6447 = ORIENTED_EDGE('',*,*,#6448,.F.);
#6448 = EDGE_CURVE('',#6449,#6441,#6451,.T.);
#6449 = VERTEX_POINT('',#6450);
#6450 = CARTESIAN_POINT('',(2.885,2.,-3.475));
#6451 = LINE('',#6452,#6453);
#6452 = CARTESIAN_POINT('',(2.885,2.,-3.475));
#6453 = VECTOR('',#6454,1.);
#6454 = DIRECTION('',(-0.,-1.,-0.));
#6455 = ORIENTED_EDGE('',*,*,#6456,.F.);
#6456 = EDGE_CURVE('',#6457,#6449,#6459,.T.);
#6457 = VERTEX_POINT('',#6458);
#6458 = CARTESIAN_POINT('',(2.885,2.,-4.225));
#6459 = LINE('',#6460,#6461);
#6460 = CARTESIAN_POINT('',(2.885,2.,-4.225));
#6461 = VECTOR('',#6462,1.);
#6462 = DIRECTION('',(0.,0.,1.));
#6463 = ORIENTED_EDGE('',*,*,#6464,.T.);
#6464 = EDGE_CURVE('',#6457,#6439,#6465,.T.);
#6465 = LINE('',#6466,#6467);
#6466 = CARTESIAN_POINT('',(2.885,2.,-4.225));
#6467 = VECTOR('',#6468,1.);
#6468 = DIRECTION('',(-0.,-1.,-0.));
#6469 = PLANE('',#6470);
#6470 = AXIS2_PLACEMENT_3D('',#6471,#6472,#6473);
#6471 = CARTESIAN_POINT('',(2.885,2.,-4.225));
#6472 = DIRECTION('',(1.,0.,0.));
#6473 = DIRECTION('',(0.,0.,-1.));
#6474 = ADVANCED_FACE('',(#6475),#6500,.F.);
#6475 = FACE_BOUND('',#6476,.T.);
#6476 = EDGE_LOOP('',(#6477,#6485,#6493,#6499));
#6477 = ORIENTED_EDGE('',*,*,#6478,.T.);
#6478 = EDGE_CURVE('',#6441,#6479,#6481,.T.);
#6479 = VERTEX_POINT('',#6480);
#6480 = CARTESIAN_POINT('',(3.185,1.2,-3.475));
#6481 = LINE('',#6482,#6483);
#6482 = CARTESIAN_POINT('',(2.885,1.2,-3.475));
#6483 = VECTOR('',#6484,1.);
#6484 = DIRECTION('',(1.,0.,0.));
#6485 = ORIENTED_EDGE('',*,*,#6486,.F.);
#6486 = EDGE_CURVE('',#6487,#6479,#6489,.T.);
#6487 = VERTEX_POINT('',#6488);
#6488 = CARTESIAN_POINT('',(3.185,2.,-3.475));
#6489 = LINE('',#6490,#6491);
#6490 = CARTESIAN_POINT('',(3.185,2.,-3.475));
#6491 = VECTOR('',#6492,1.);
#6492 = DIRECTION('',(-0.,-1.,-0.));
#6493 = ORIENTED_EDGE('',*,*,#6494,.F.);
#6494 = EDGE_CURVE('',#6449,#6487,#6495,.T.);
#6495 = LINE('',#6496,#6497);
#6496 = CARTESIAN_POINT('',(2.885,2.,-3.475));
#6497 = VECTOR('',#6498,1.);
#6498 = DIRECTION('',(1.,0.,0.));
#6499 = ORIENTED_EDGE('',*,*,#6448,.T.);
#6500 = PLANE('',#6501);
#6501 = AXIS2_PLACEMENT_3D('',#6502,#6503,#6504);
#6502 = CARTESIAN_POINT('',(2.885,2.,-3.475));
#6503 = DIRECTION('',(0.,0.,-1.));
#6504 = DIRECTION('',(-1.,0.,-0.));
#6505 = ADVANCED_FACE('',(#6506),#6531,.F.);
#6506 = FACE_BOUND('',#6507,.T.);
#6507 = EDGE_LOOP('',(#6508,#6516,#6524,#6530));
#6508 = ORIENTED_EDGE('',*,*,#6509,.T.);
#6509 = EDGE_CURVE('',#6479,#6510,#6512,.T.);
#6510 = VERTEX_POINT('',#6511);
#6511 = CARTESIAN_POINT('',(3.185,1.2,-4.225));
#6512 = LINE('',#6513,#6514);
#6513 = CARTESIAN_POINT('',(3.185,1.2,-4.225));
#6514 = VECTOR('',#6515,1.);
#6515 = DIRECTION('',(-5.782411586589E-16,-0.,-1.));
#6516 = ORIENTED_EDGE('',*,*,#6517,.F.);
#6517 = EDGE_CURVE('',#6518,#6510,#6520,.T.);
#6518 = VERTEX_POINT('',#6519);
#6519 = CARTESIAN_POINT('',(3.185,2.,-4.225));
#6520 = LINE('',#6521,#6522);
#6521 = CARTESIAN_POINT('',(3.185,2.,-4.225));
#6522 = VECTOR('',#6523,1.);
#6523 = DIRECTION('',(-0.,-1.,-0.));
#6524 = ORIENTED_EDGE('',*,*,#6525,.F.);
#6525 = EDGE_CURVE('',#6487,#6518,#6526,.T.);
#6526 = LINE('',#6527,#6528);
#6527 = CARTESIAN_POINT('',(3.185,2.,-4.225));
#6528 = VECTOR('',#6529,1.);
#6529 = DIRECTION('',(-5.782411586589E-16,-0.,-1.));
#6530 = ORIENTED_EDGE('',*,*,#6486,.T.);
#6531 = PLANE('',#6532);
#6532 = AXIS2_PLACEMENT_3D('',#6533,#6534,#6535);
#6533 = CARTESIAN_POINT('',(3.185,2.,-4.225));
#6534 = DIRECTION('',(-1.,0.,5.782411586589E-16));
#6535 = DIRECTION('',(5.782411586589E-16,0.,1.));
#6536 = ADVANCED_FACE('',(#6537),#6553,.F.);
#6537 = FACE_BOUND('',#6538,.T.);
#6538 = EDGE_LOOP('',(#6539,#6545,#6546,#6552));
#6539 = ORIENTED_EDGE('',*,*,#6540,.T.);
#6540 = EDGE_CURVE('',#6510,#6439,#6541,.T.);
#6541 = LINE('',#6542,#6543);
#6542 = CARTESIAN_POINT('',(2.885,1.2,-4.225));
#6543 = VECTOR('',#6544,1.);
#6544 = DIRECTION('',(-1.,-0.,-0.));
#6545 = ORIENTED_EDGE('',*,*,#6464,.F.);
#6546 = ORIENTED_EDGE('',*,*,#6547,.F.);
#6547 = EDGE_CURVE('',#6518,#6457,#6548,.T.);
#6548 = LINE('',#6549,#6550);
#6549 = CARTESIAN_POINT('',(2.885,2.,-4.225));
#6550 = VECTOR('',#6551,1.);
#6551 = DIRECTION('',(-1.,-0.,-0.));
#6552 = ORIENTED_EDGE('',*,*,#6517,.T.);
#6553 = PLANE('',#6554);
#6554 = AXIS2_PLACEMENT_3D('',#6555,#6556,#6557);
#6555 = CARTESIAN_POINT('',(2.885,2.,-4.225));
#6556 = DIRECTION('',(0.,0.,1.));
#6557 = DIRECTION('',(1.,0.,-0.));
#6558 = ADVANCED_FACE('',(#6559),#6565,.T.);
#6559 = FACE_BOUND('',#6560,.T.);
#6560 = EDGE_LOOP('',(#6561,#6562,#6563,#6564));
#6561 = ORIENTED_EDGE('',*,*,#6456,.T.);
#6562 = ORIENTED_EDGE('',*,*,#6494,.T.);
#6563 = ORIENTED_EDGE('',*,*,#6525,.T.);
#6564 = ORIENTED_EDGE('',*,*,#6547,.T.);
#6565 = PLANE('',#6566);
#6566 = AXIS2_PLACEMENT_3D('',#6567,#6568,#6569);
#6567 = CARTESIAN_POINT('',(0.,2.,0.));
#6568 = DIRECTION('',(0.,1.,0.));
#6569 = DIRECTION('',(0.,-0.,1.));
#6570 = ADVANCED_FACE('',(#6571),#6577,.F.);
#6571 = FACE_BOUND('',#6572,.T.);
#6572 = EDGE_LOOP('',(#6573,#6574,#6575,#6576));
#6573 = ORIENTED_EDGE('',*,*,#6438,.F.);
#6574 = ORIENTED_EDGE('',*,*,#6540,.F.);
#6575 = ORIENTED_EDGE('',*,*,#6509,.F.);
#6576 = ORIENTED_EDGE('',*,*,#6478,.F.);
#6577 = PLANE('',#6578);
#6578 = AXIS2_PLACEMENT_3D('',#6579,#6580,#6581);
#6579 = CARTESIAN_POINT('',(0.,1.2,0.));
#6580 = DIRECTION('',(0.,1.,0.));
#6581 = DIRECTION('',(0.,-0.,1.));
#6582 = MANIFOLD_SOLID_BREP('',#6583);
#6583 = CLOSED_SHELL('',(#6584,#6624,#6655,#6686,#6708,#6720));
#6584 = ADVANCED_FACE('',(#6585),#6619,.F.);
#6585 = FACE_BOUND('',#6586,.T.);
#6586 = EDGE_LOOP('',(#6587,#6597,#6605,#6613));
#6587 = ORIENTED_EDGE('',*,*,#6588,.T.);
#6588 = EDGE_CURVE('',#6589,#6591,#6593,.T.);
#6589 = VERTEX_POINT('',#6590);
#6590 = CARTESIAN_POINT('',(1.735,1.2,-5.475));
#6591 = VERTEX_POINT('',#6592);
#6592 = CARTESIAN_POINT('',(1.735,1.2,-4.725));
#6593 = LINE('',#6594,#6595);
#6594 = CARTESIAN_POINT('',(1.735,1.2,-5.475));
#6595 = VECTOR('',#6596,1.);
#6596 = DIRECTION('',(0.,0.,1.));
#6597 = ORIENTED_EDGE('',*,*,#6598,.F.);
#6598 = EDGE_CURVE('',#6599,#6591,#6601,.T.);
#6599 = VERTEX_POINT('',#6600);
#6600 = CARTESIAN_POINT('',(1.735,2.,-4.725));
#6601 = LINE('',#6602,#6603);
#6602 = CARTESIAN_POINT('',(1.735,2.,-4.725));
#6603 = VECTOR('',#6604,1.);
#6604 = DIRECTION('',(-0.,-1.,-0.));
#6605 = ORIENTED_EDGE('',*,*,#6606,.F.);
#6606 = EDGE_CURVE('',#6607,#6599,#6609,.T.);
#6607 = VERTEX_POINT('',#6608);
#6608 = CARTESIAN_POINT('',(1.735,2.,-5.475));
#6609 = LINE('',#6610,#6611);
#6610 = CARTESIAN_POINT('',(1.735,2.,-5.475));
#6611 = VECTOR('',#6612,1.);
#6612 = DIRECTION('',(0.,0.,1.));
#6613 = ORIENTED_EDGE('',*,*,#6614,.T.);
#6614 = EDGE_CURVE('',#6607,#6589,#6615,.T.);
#6615 = LINE('',#6616,#6617);
#6616 = CARTESIAN_POINT('',(1.735,2.,-5.475));
#6617 = VECTOR('',#6618,1.);
#6618 = DIRECTION('',(-0.,-1.,-0.));
#6619 = PLANE('',#6620);
#6620 = AXIS2_PLACEMENT_3D('',#6621,#6622,#6623);
#6621 = CARTESIAN_POINT('',(1.735,2.,-5.475));
#6622 = DIRECTION('',(1.,0.,0.));
#6623 = DIRECTION('',(0.,0.,-1.));
#6624 = ADVANCED_FACE('',(#6625),#6650,.F.);
#6625 = FACE_BOUND('',#6626,.T.);
#6626 = EDGE_LOOP('',(#6627,#6635,#6643,#6649));
#6627 = ORIENTED_EDGE('',*,*,#6628,.T.);
#6628 = EDGE_CURVE('',#6591,#6629,#6631,.T.);
#6629 = VERTEX_POINT('',#6630);
#6630 = CARTESIAN_POINT('',(2.035,1.2,-4.725));
#6631 = LINE('',#6632,#6633);
#6632 = CARTESIAN_POINT('',(1.735,1.2,-4.725));
#6633 = VECTOR('',#6634,1.);
#6634 = DIRECTION('',(1.,0.,0.));
#6635 = ORIENTED_EDGE('',*,*,#6636,.F.);
#6636 = EDGE_CURVE('',#6637,#6629,#6639,.T.);
#6637 = VERTEX_POINT('',#6638);
#6638 = CARTESIAN_POINT('',(2.035,2.,-4.725));
#6639 = LINE('',#6640,#6641);
#6640 = CARTESIAN_POINT('',(2.035,2.,-4.725));
#6641 = VECTOR('',#6642,1.);
#6642 = DIRECTION('',(-0.,-1.,-0.));
#6643 = ORIENTED_EDGE('',*,*,#6644,.F.);
#6644 = EDGE_CURVE('',#6599,#6637,#6645,.T.);
#6645 = LINE('',#6646,#6647);
#6646 = CARTESIAN_POINT('',(1.735,2.,-4.725));
#6647 = VECTOR('',#6648,1.);
#6648 = DIRECTION('',(1.,0.,0.));
#6649 = ORIENTED_EDGE('',*,*,#6598,.T.);
#6650 = PLANE('',#6651);
#6651 = AXIS2_PLACEMENT_3D('',#6652,#6653,#6654);
#6652 = CARTESIAN_POINT('',(1.735,2.,-4.725));
#6653 = DIRECTION('',(0.,0.,-1.));
#6654 = DIRECTION('',(-1.,0.,-0.));
#6655 = ADVANCED_FACE('',(#6656),#6681,.F.);
#6656 = FACE_BOUND('',#6657,.T.);
#6657 = EDGE_LOOP('',(#6658,#6666,#6674,#6680));
#6658 = ORIENTED_EDGE('',*,*,#6659,.T.);
#6659 = EDGE_CURVE('',#6629,#6660,#6662,.T.);
#6660 = VERTEX_POINT('',#6661);
#6661 = CARTESIAN_POINT('',(2.035,1.2,-5.475));
#6662 = LINE('',#6663,#6664);
#6663 = CARTESIAN_POINT('',(2.035,1.2,-5.475));
#6664 = VECTOR('',#6665,1.);
#6665 = DIRECTION('',(-5.782411586589E-16,-0.,-1.));
#6666 = ORIENTED_EDGE('',*,*,#6667,.F.);
#6667 = EDGE_CURVE('',#6668,#6660,#6670,.T.);
#6668 = VERTEX_POINT('',#6669);
#6669 = CARTESIAN_POINT('',(2.035,2.,-5.475));
#6670 = LINE('',#6671,#6672);
#6671 = CARTESIAN_POINT('',(2.035,2.,-5.475));
#6672 = VECTOR('',#6673,1.);
#6673 = DIRECTION('',(-0.,-1.,-0.));
#6674 = ORIENTED_EDGE('',*,*,#6675,.F.);
#6675 = EDGE_CURVE('',#6637,#6668,#6676,.T.);
#6676 = LINE('',#6677,#6678);
#6677 = CARTESIAN_POINT('',(2.035,2.,-5.475));
#6678 = VECTOR('',#6679,1.);
#6679 = DIRECTION('',(-5.782411586589E-16,-0.,-1.));
#6680 = ORIENTED_EDGE('',*,*,#6636,.T.);
#6681 = PLANE('',#6682);
#6682 = AXIS2_PLACEMENT_3D('',#6683,#6684,#6685);
#6683 = CARTESIAN_POINT('',(2.035,2.,-5.475));
#6684 = DIRECTION('',(-1.,0.,5.782411586589E-16));
#6685 = DIRECTION('',(5.782411586589E-16,0.,1.));
#6686 = ADVANCED_FACE('',(#6687),#6703,.F.);
#6687 = FACE_BOUND('',#6688,.T.);
#6688 = EDGE_LOOP('',(#6689,#6695,#6696,#6702));
#6689 = ORIENTED_EDGE('',*,*,#6690,.T.);
#6690 = EDGE_CURVE('',#6660,#6589,#6691,.T.);
#6691 = LINE('',#6692,#6693);
#6692 = CARTESIAN_POINT('',(1.735,1.2,-5.475));
#6693 = VECTOR('',#6694,1.);
#6694 = DIRECTION('',(-1.,-0.,-0.));
#6695 = ORIENTED_EDGE('',*,*,#6614,.F.);
#6696 = ORIENTED_EDGE('',*,*,#6697,.F.);
#6697 = EDGE_CURVE('',#6668,#6607,#6698,.T.);
#6698 = LINE('',#6699,#6700);
#6699 = CARTESIAN_POINT('',(1.735,2.,-5.475));
#6700 = VECTOR('',#6701,1.);
#6701 = DIRECTION('',(-1.,-0.,-0.));
#6702 = ORIENTED_EDGE('',*,*,#6667,.T.);
#6703 = PLANE('',#6704);
#6704 = AXIS2_PLACEMENT_3D('',#6705,#6706,#6707);
#6705 = CARTESIAN_POINT('',(1.735,2.,-5.475));
#6706 = DIRECTION('',(0.,0.,1.));
#6707 = DIRECTION('',(1.,0.,-0.));
#6708 = ADVANCED_FACE('',(#6709),#6715,.T.);
#6709 = FACE_BOUND('',#6710,.T.);
#6710 = EDGE_LOOP('',(#6711,#6712,#6713,#6714));
#6711 = ORIENTED_EDGE('',*,*,#6606,.T.);
#6712 = ORIENTED_EDGE('',*,*,#6644,.T.);
#6713 = ORIENTED_EDGE('',*,*,#6675,.T.);
#6714 = ORIENTED_EDGE('',*,*,#6697,.T.);
#6715 = PLANE('',#6716);
#6716 = AXIS2_PLACEMENT_3D('',#6717,#6718,#6719);
#6717 = CARTESIAN_POINT('',(0.,2.,0.));
#6718 = DIRECTION('',(0.,1.,0.));
#6719 = DIRECTION('',(0.,-0.,1.));
#6720 = ADVANCED_FACE('',(#6721),#6727,.F.);
#6721 = FACE_BOUND('',#6722,.T.);
#6722 = EDGE_LOOP('',(#6723,#6724,#6725,#6726));
#6723 = ORIENTED_EDGE('',*,*,#6588,.F.);
#6724 = ORIENTED_EDGE('',*,*,#6690,.F.);
#6725 = ORIENTED_EDGE('',*,*,#6659,.F.);
#6726 = ORIENTED_EDGE('',*,*,#6628,.F.);
#6727 = PLANE('',#6728);
#6728 = AXIS2_PLACEMENT_3D('',#6729,#6730,#6731);
#6729 = CARTESIAN_POINT('',(0.,1.2,0.));
#6730 = DIRECTION('',(0.,1.,0.));
#6731 = DIRECTION('',(0.,-0.,1.));
#6732 = MANIFOLD_SOLID_BREP('',#6733);
#6733 = CLOSED_SHELL('',(#6734,#6774,#6805,#6836,#6858,#6870));
#6734 = ADVANCED_FACE('',(#6735),#6769,.F.);
#6735 = FACE_BOUND('',#6736,.T.);
#6736 = EDGE_LOOP('',(#6737,#6747,#6755,#6763));
#6737 = ORIENTED_EDGE('',*,*,#6738,.T.);
#6738 = EDGE_CURVE('',#6739,#6741,#6743,.T.);
#6739 = VERTEX_POINT('',#6740);
#6740 = CARTESIAN_POINT('',(2.885,1.2,-5.475));
#6741 = VERTEX_POINT('',#6742);
#6742 = CARTESIAN_POINT('',(2.885,1.2,-4.725));
#6743 = LINE('',#6744,#6745);
#6744 = CARTESIAN_POINT('',(2.885,1.2,-5.475));
#6745 = VECTOR('',#6746,1.);
#6746 = DIRECTION('',(0.,0.,1.));
#6747 = ORIENTED_EDGE('',*,*,#6748,.F.);
#6748 = EDGE_CURVE('',#6749,#6741,#6751,.T.);
#6749 = VERTEX_POINT('',#6750);
#6750 = CARTESIAN_POINT('',(2.885,2.,-4.725));
#6751 = LINE('',#6752,#6753);
#6752 = CARTESIAN_POINT('',(2.885,2.,-4.725));
#6753 = VECTOR('',#6754,1.);
#6754 = DIRECTION('',(-0.,-1.,-0.));
#6755 = ORIENTED_EDGE('',*,*,#6756,.F.);
#6756 = EDGE_CURVE('',#6757,#6749,#6759,.T.);
#6757 = VERTEX_POINT('',#6758);
#6758 = CARTESIAN_POINT('',(2.885,2.,-5.475));
#6759 = LINE('',#6760,#6761);
#6760 = CARTESIAN_POINT('',(2.885,2.,-5.475));
#6761 = VECTOR('',#6762,1.);
#6762 = DIRECTION('',(0.,0.,1.));
#6763 = ORIENTED_EDGE('',*,*,#6764,.T.);
#6764 = EDGE_CURVE('',#6757,#6739,#6765,.T.);
#6765 = LINE('',#6766,#6767);
#6766 = CARTESIAN_POINT('',(2.885,2.,-5.475));
#6767 = VECTOR('',#6768,1.);
#6768 = DIRECTION('',(-0.,-1.,-0.));
#6769 = PLANE('',#6770);
#6770 = AXIS2_PLACEMENT_3D('',#6771,#6772,#6773);
#6771 = CARTESIAN_POINT('',(2.885,2.,-5.475));
#6772 = DIRECTION('',(1.,0.,0.));
#6773 = DIRECTION('',(0.,0.,-1.));
#6774 = ADVANCED_FACE('',(#6775),#6800,.F.);
#6775 = FACE_BOUND('',#6776,.T.);
#6776 = EDGE_LOOP('',(#6777,#6785,#6793,#6799));
#6777 = ORIENTED_EDGE('',*,*,#6778,.T.);
#6778 = EDGE_CURVE('',#6741,#6779,#6781,.T.);
#6779 = VERTEX_POINT('',#6780);
#6780 = CARTESIAN_POINT('',(3.185,1.2,-4.725));
#6781 = LINE('',#6782,#6783);
#6782 = CARTESIAN_POINT('',(2.885,1.2,-4.725));
#6783 = VECTOR('',#6784,1.);
#6784 = DIRECTION('',(1.,0.,0.));
#6785 = ORIENTED_EDGE('',*,*,#6786,.F.);
#6786 = EDGE_CURVE('',#6787,#6779,#6789,.T.);
#6787 = VERTEX_POINT('',#6788);
#6788 = CARTESIAN_POINT('',(3.185,2.,-4.725));
#6789 = LINE('',#6790,#6791);
#6790 = CARTESIAN_POINT('',(3.185,2.,-4.725));
#6791 = VECTOR('',#6792,1.);
#6792 = DIRECTION('',(-0.,-1.,-0.));
#6793 = ORIENTED_EDGE('',*,*,#6794,.F.);
#6794 = EDGE_CURVE('',#6749,#6787,#6795,.T.);
#6795 = LINE('',#6796,#6797);
#6796 = CARTESIAN_POINT('',(2.885,2.,-4.725));
#6797 = VECTOR('',#6798,1.);
#6798 = DIRECTION('',(1.,0.,0.));
#6799 = ORIENTED_EDGE('',*,*,#6748,.T.);
#6800 = PLANE('',#6801);
#6801 = AXIS2_PLACEMENT_3D('',#6802,#6803,#6804);
#6802 = CARTESIAN_POINT('',(2.885,2.,-4.725));
#6803 = DIRECTION('',(0.,0.,-1.));
#6804 = DIRECTION('',(-1.,0.,-0.));
#6805 = ADVANCED_FACE('',(#6806),#6831,.F.);
#6806 = FACE_BOUND('',#6807,.T.);
#6807 = EDGE_LOOP('',(#6808,#6816,#6824,#6830));
#6808 = ORIENTED_EDGE('',*,*,#6809,.T.);
#6809 = EDGE_CURVE('',#6779,#6810,#6812,.T.);
#6810 = VERTEX_POINT('',#6811);
#6811 = CARTESIAN_POINT('',(3.185,1.2,-5.475));
#6812 = LINE('',#6813,#6814);
#6813 = CARTESIAN_POINT('',(3.185,1.2,-5.475));
#6814 = VECTOR('',#6815,1.);
#6815 = DIRECTION('',(-5.782411586589E-16,-0.,-1.));
#6816 = ORIENTED_EDGE('',*,*,#6817,.F.);
#6817 = EDGE_CURVE('',#6818,#6810,#6820,.T.);
#6818 = VERTEX_POINT('',#6819);
#6819 = CARTESIAN_POINT('',(3.185,2.,-5.475));
#6820 = LINE('',#6821,#6822);
#6821 = CARTESIAN_POINT('',(3.185,2.,-5.475));
#6822 = VECTOR('',#6823,1.);
#6823 = DIRECTION('',(-0.,-1.,-0.));
#6824 = ORIENTED_EDGE('',*,*,#6825,.F.);
#6825 = EDGE_CURVE('',#6787,#6818,#6826,.T.);
#6826 = LINE('',#6827,#6828);
#6827 = CARTESIAN_POINT('',(3.185,2.,-5.475));
#6828 = VECTOR('',#6829,1.);
#6829 = DIRECTION('',(-5.782411586589E-16,-0.,-1.));
#6830 = ORIENTED_EDGE('',*,*,#6786,.T.);
#6831 = PLANE('',#6832);
#6832 = AXIS2_PLACEMENT_3D('',#6833,#6834,#6835);
#6833 = CARTESIAN_POINT('',(3.185,2.,-5.475));
#6834 = DIRECTION('',(-1.,0.,5.782411586589E-16));
#6835 = DIRECTION('',(5.782411586589E-16,0.,1.));
#6836 = ADVANCED_FACE('',(#6837),#6853,.F.);
#6837 = FACE_BOUND('',#6838,.T.);
#6838 = EDGE_LOOP('',(#6839,#6845,#6846,#6852));
#6839 = ORIENTED_EDGE('',*,*,#6840,.T.);
#6840 = EDGE_CURVE('',#6810,#6739,#6841,.T.);
#6841 = LINE('',#6842,#6843);
#6842 = CARTESIAN_POINT('',(2.885,1.2,-5.475));
#6843 = VECTOR('',#6844,1.);
#6844 = DIRECTION('',(-1.,-0.,-0.));
#6845 = ORIENTED_EDGE('',*,*,#6764,.F.);
#6846 = ORIENTED_EDGE('',*,*,#6847,.F.);
#6847 = EDGE_CURVE('',#6818,#6757,#6848,.T.);
#6848 = LINE('',#6849,#6850);
#6849 = CARTESIAN_POINT('',(2.885,2.,-5.475));
#6850 = VECTOR('',#6851,1.);
#6851 = DIRECTION('',(-1.,-0.,-0.));
#6852 = ORIENTED_EDGE('',*,*,#6817,.T.);
#6853 = PLANE('',#6854);
#6854 = AXIS2_PLACEMENT_3D('',#6855,#6856,#6857);
#6855 = CARTESIAN_POINT('',(2.885,2.,-5.475));
#6856 = DIRECTION('',(0.,0.,1.));
#6857 = DIRECTION('',(1.,0.,-0.));
#6858 = ADVANCED_FACE('',(#6859),#6865,.T.);
#6859 = FACE_BOUND('',#6860,.T.);
#6860 = EDGE_LOOP('',(#6861,#6862,#6863,#6864));
#6861 = ORIENTED_EDGE('',*,*,#6756,.T.);
#6862 = ORIENTED_EDGE('',*,*,#6794,.T.);
#6863 = ORIENTED_EDGE('',*,*,#6825,.T.);
#6864 = ORIENTED_EDGE('',*,*,#6847,.T.);
#6865 = PLANE('',#6866);
#6866 = AXIS2_PLACEMENT_3D('',#6867,#6868,#6869);
#6867 = CARTESIAN_POINT('',(0.,2.,0.));
#6868 = DIRECTION('',(0.,1.,0.));
#6869 = DIRECTION('',(0.,-0.,1.));
#6870 = ADVANCED_FACE('',(#6871),#6877,.F.);
#6871 = FACE_BOUND('',#6872,.T.);
#6872 = EDGE_LOOP('',(#6873,#6874,#6875,#6876));
#6873 = ORIENTED_EDGE('',*,*,#6738,.F.);
#6874 = ORIENTED_EDGE('',*,*,#6840,.F.);
#6875 = ORIENTED_EDGE('',*,*,#6809,.F.);
#6876 = ORIENTED_EDGE('',*,*,#6778,.F.);
#6877 = PLANE('',#6878);
#6878 = AXIS2_PLACEMENT_3D('',#6879,#6880,#6881);
#6879 = CARTESIAN_POINT('',(0.,1.2,0.));
#6880 = DIRECTION('',(0.,1.,0.));
#6881 = DIRECTION('',(0.,-0.,1.));
#6882 = MANIFOLD_SOLID_BREP('',#6883);
#6883 = CLOSED_SHELL('',(#6884,#6924,#6955,#6986,#7008,#7020));
#6884 = ADVANCED_FACE('',(#6885),#6919,.F.);
#6885 = FACE_BOUND('',#6886,.T.);
#6886 = EDGE_LOOP('',(#6887,#6897,#6905,#6913));
#6887 = ORIENTED_EDGE('',*,*,#6888,.T.);
#6888 = EDGE_CURVE('',#6889,#6891,#6893,.T.);
#6889 = VERTEX_POINT('',#6890);
#6890 = CARTESIAN_POINT('',(-1.965,1.2,-5.475));
#6891 = VERTEX_POINT('',#6892);
#6892 = CARTESIAN_POINT('',(-1.965,1.2,-4.725));
#6893 = LINE('',#6894,#6895);
#6894 = CARTESIAN_POINT('',(-1.965,1.2,-5.475));
#6895 = VECTOR('',#6896,1.);
#6896 = DIRECTION('',(0.,0.,1.));
#6897 = ORIENTED_EDGE('',*,*,#6898,.F.);
#6898 = EDGE_CURVE('',#6899,#6891,#6901,.T.);
#6899 = VERTEX_POINT('',#6900);
#6900 = CARTESIAN_POINT('',(-1.965,2.,-4.725));
#6901 = LINE('',#6902,#6903);
#6902 = CARTESIAN_POINT('',(-1.965,2.,-4.725));
#6903 = VECTOR('',#6904,1.);
#6904 = DIRECTION('',(-0.,-1.,-0.));
#6905 = ORIENTED_EDGE('',*,*,#6906,.F.);
#6906 = EDGE_CURVE('',#6907,#6899,#6909,.T.);
#6907 = VERTEX_POINT('',#6908);
#6908 = CARTESIAN_POINT('',(-1.965,2.,-5.475));
#6909 = LINE('',#6910,#6911);
#6910 = CARTESIAN_POINT('',(-1.965,2.,-5.475));
#6911 = VECTOR('',#6912,1.);
#6912 = DIRECTION('',(0.,0.,1.));
#6913 = ORIENTED_EDGE('',*,*,#6914,.T.);
#6914 = EDGE_CURVE('',#6907,#6889,#6915,.T.);
#6915 = LINE('',#6916,#6917);
#6916 = CARTESIAN_POINT('',(-1.965,2.,-5.475));
#6917 = VECTOR('',#6918,1.);
#6918 = DIRECTION('',(-0.,-1.,-0.));
#6919 = PLANE('',#6920);
#6920 = AXIS2_PLACEMENT_3D('',#6921,#6922,#6923);
#6921 = CARTESIAN_POINT('',(-1.965,2.,-5.475));
#6922 = DIRECTION('',(1.,0.,0.));
#6923 = DIRECTION('',(0.,0.,-1.));
#6924 = ADVANCED_FACE('',(#6925),#6950,.F.);
#6925 = FACE_BOUND('',#6926,.T.);
#6926 = EDGE_LOOP('',(#6927,#6935,#6943,#6949));
#6927 = ORIENTED_EDGE('',*,*,#6928,.T.);
#6928 = EDGE_CURVE('',#6891,#6929,#6931,.T.);
#6929 = VERTEX_POINT('',#6930);
#6930 = CARTESIAN_POINT('',(-1.665,1.2,-4.725));
#6931 = LINE('',#6932,#6933);
#6932 = CARTESIAN_POINT('',(-1.965,1.2,-4.725));
#6933 = VECTOR('',#6934,1.);
#6934 = DIRECTION('',(1.,0.,0.));
#6935 = ORIENTED_EDGE('',*,*,#6936,.F.);
#6936 = EDGE_CURVE('',#6937,#6929,#6939,.T.);
#6937 = VERTEX_POINT('',#6938);
#6938 = CARTESIAN_POINT('',(-1.665,2.,-4.725));
#6939 = LINE('',#6940,#6941);
#6940 = CARTESIAN_POINT('',(-1.665,2.,-4.725));
#6941 = VECTOR('',#6942,1.);
#6942 = DIRECTION('',(-0.,-1.,-0.));
#6943 = ORIENTED_EDGE('',*,*,#6944,.F.);
#6944 = EDGE_CURVE('',#6899,#6937,#6945,.T.);
#6945 = LINE('',#6946,#6947);
#6946 = CARTESIAN_POINT('',(-1.965,2.,-4.725));
#6947 = VECTOR('',#6948,1.);
#6948 = DIRECTION('',(1.,0.,0.));
#6949 = ORIENTED_EDGE('',*,*,#6898,.T.);
#6950 = PLANE('',#6951);
#6951 = AXIS2_PLACEMENT_3D('',#6952,#6953,#6954);
#6952 = CARTESIAN_POINT('',(-1.965,2.,-4.725));
#6953 = DIRECTION('',(0.,0.,-1.));
#6954 = DIRECTION('',(-1.,0.,-0.));
#6955 = ADVANCED_FACE('',(#6956),#6981,.F.);
#6956 = FACE_BOUND('',#6957,.T.);
#6957 = EDGE_LOOP('',(#6958,#6966,#6974,#6980));
#6958 = ORIENTED_EDGE('',*,*,#6959,.T.);
#6959 = EDGE_CURVE('',#6929,#6960,#6962,.T.);
#6960 = VERTEX_POINT('',#6961);
#6961 = CARTESIAN_POINT('',(-1.665,1.2,-5.475));
#6962 = LINE('',#6963,#6964);
#6963 = CARTESIAN_POINT('',(-1.665,1.2,-5.475));
#6964 = VECTOR('',#6965,1.);
#6965 = DIRECTION('',(-0.,-0.,-1.));
#6966 = ORIENTED_EDGE('',*,*,#6967,.F.);
#6967 = EDGE_CURVE('',#6968,#6960,#6970,.T.);
#6968 = VERTEX_POINT('',#6969);
#6969 = CARTESIAN_POINT('',(-1.665,2.,-5.475));
#6970 = LINE('',#6971,#6972);
#6971 = CARTESIAN_POINT('',(-1.665,2.,-5.475));
#6972 = VECTOR('',#6973,1.);
#6973 = DIRECTION('',(-0.,-1.,-0.));
#6974 = ORIENTED_EDGE('',*,*,#6975,.F.);
#6975 = EDGE_CURVE('',#6937,#6968,#6976,.T.);
#6976 = LINE('',#6977,#6978);
#6977 = CARTESIAN_POINT('',(-1.665,2.,-5.475));
#6978 = VECTOR('',#6979,1.);
#6979 = DIRECTION('',(-0.,-0.,-1.));
#6980 = ORIENTED_EDGE('',*,*,#6936,.T.);
#6981 = PLANE('',#6982);
#6982 = AXIS2_PLACEMENT_3D('',#6983,#6984,#6985);
#6983 = CARTESIAN_POINT('',(-1.665,2.,-5.475));
#6984 = DIRECTION('',(-1.,0.,0.));
#6985 = DIRECTION('',(0.,0.,1.));
#6986 = ADVANCED_FACE('',(#6987),#7003,.F.);
#6987 = FACE_BOUND('',#6988,.T.);
#6988 = EDGE_LOOP('',(#6989,#6995,#6996,#7002));
#6989 = ORIENTED_EDGE('',*,*,#6990,.T.);
#6990 = EDGE_CURVE('',#6960,#6889,#6991,.T.);
#6991 = LINE('',#6992,#6993);
#6992 = CARTESIAN_POINT('',(-1.965,1.2,-5.475));
#6993 = VECTOR('',#6994,1.);
#6994 = DIRECTION('',(-1.,-0.,-0.));
#6995 = ORIENTED_EDGE('',*,*,#6914,.F.);
#6996 = ORIENTED_EDGE('',*,*,#6997,.F.);
#6997 = EDGE_CURVE('',#6968,#6907,#6998,.T.);
#6998 = LINE('',#6999,#7000);
#6999 = CARTESIAN_POINT('',(-1.965,2.,-5.475));
#7000 = VECTOR('',#7001,1.);
#7001 = DIRECTION('',(-1.,-0.,-0.));
#7002 = ORIENTED_EDGE('',*,*,#6967,.T.);
#7003 = PLANE('',#7004);
#7004 = AXIS2_PLACEMENT_3D('',#7005,#7006,#7007);
#7005 = CARTESIAN_POINT('',(-1.965,2.,-5.475));
#7006 = DIRECTION('',(0.,0.,1.));
#7007 = DIRECTION('',(1.,0.,-0.));
#7008 = ADVANCED_FACE('',(#7009),#7015,.T.);
#7009 = FACE_BOUND('',#7010,.T.);
#7010 = EDGE_LOOP('',(#7011,#7012,#7013,#7014));
#7011 = ORIENTED_EDGE('',*,*,#6906,.T.);
#7012 = ORIENTED_EDGE('',*,*,#6944,.T.);
#7013 = ORIENTED_EDGE('',*,*,#6975,.T.);
#7014 = ORIENTED_EDGE('',*,*,#6997,.T.);
#7015 = PLANE('',#7016);
#7016 = AXIS2_PLACEMENT_3D('',#7017,#7018,#7019);
#7017 = CARTESIAN_POINT('',(0.,2.,0.));
#7018 = DIRECTION('',(0.,1.,0.));
#7019 = DIRECTION('',(0.,-0.,1.));
#7020 = ADVANCED_FACE('',(#7021),#7027,.F.);
#7021 = FACE_BOUND('',#7022,.T.);
#7022 = EDGE_LOOP('',(#7023,#7024,#7025,#7026));
#7023 = ORIENTED_EDGE('',*,*,#6888,.F.);
#7024 = ORIENTED_EDGE('',*,*,#6990,.F.);
#7025 = ORIENTED_EDGE('',*,*,#6959,.F.);
#7026 = ORIENTED_EDGE('',*,*,#6928,.F.);
#7027 = PLANE('',#7028);
#7028 = AXIS2_PLACEMENT_3D('',#7029,#7030,#7031);
#7029 = CARTESIAN_POINT('',(0.,1.2,0.));
#7030 = DIRECTION('',(0.,1.,0.));
#7031 = DIRECTION('',(0.,-0.,1.));
#7032 = MANIFOLD_SOLID_BREP('',#7033);
#7033 = CLOSED_SHELL('',(#7034,#7074,#7105,#7136,#7158,#7170));
#7034 = ADVANCED_FACE('',(#7035),#7069,.F.);
#7035 = FACE_BOUND('',#7036,.T.);
#7036 = EDGE_LOOP('',(#7037,#7047,#7055,#7063));
#7037 = ORIENTED_EDGE('',*,*,#7038,.T.);
#7038 = EDGE_CURVE('',#7039,#7041,#7043,.T.);
#7039 = VERTEX_POINT('',#7040);
#7040 = CARTESIAN_POINT('',(-0.815,1.2,-5.475));
#7041 = VERTEX_POINT('',#7042);
#7042 = CARTESIAN_POINT('',(-0.815,1.2,-4.725));
#7043 = LINE('',#7044,#7045);
#7044 = CARTESIAN_POINT('',(-0.815,1.2,-5.475));
#7045 = VECTOR('',#7046,1.);
#7046 = DIRECTION('',(1.445602896647E-16,0.,1.));
#7047 = ORIENTED_EDGE('',*,*,#7048,.F.);
#7048 = EDGE_CURVE('',#7049,#7041,#7051,.T.);
#7049 = VERTEX_POINT('',#7050);
#7050 = CARTESIAN_POINT('',(-0.815,2.,-4.725));
#7051 = LINE('',#7052,#7053);
#7052 = CARTESIAN_POINT('',(-0.815,2.,-4.725));
#7053 = VECTOR('',#7054,1.);
#7054 = DIRECTION('',(-0.,-1.,-0.));
#7055 = ORIENTED_EDGE('',*,*,#7056,.F.);
#7056 = EDGE_CURVE('',#7057,#7049,#7059,.T.);
#7057 = VERTEX_POINT('',#7058);
#7058 = CARTESIAN_POINT('',(-0.815,2.,-5.475));
#7059 = LINE('',#7060,#7061);
#7060 = CARTESIAN_POINT('',(-0.815,2.,-5.475));
#7061 = VECTOR('',#7062,1.);
#7062 = DIRECTION('',(1.445602896647E-16,0.,1.));
#7063 = ORIENTED_EDGE('',*,*,#7064,.T.);
#7064 = EDGE_CURVE('',#7057,#7039,#7065,.T.);
#7065 = LINE('',#7066,#7067);
#7066 = CARTESIAN_POINT('',(-0.815,2.,-5.475));
#7067 = VECTOR('',#7068,1.);
#7068 = DIRECTION('',(-0.,-1.,-0.));
#7069 = PLANE('',#7070);
#7070 = AXIS2_PLACEMENT_3D('',#7071,#7072,#7073);
#7071 = CARTESIAN_POINT('',(-0.815,2.,-5.475));
#7072 = DIRECTION('',(1.,0.,-1.445602896647E-16));
#7073 = DIRECTION('',(-1.445602896647E-16,0.,-1.));
#7074 = ADVANCED_FACE('',(#7075),#7100,.F.);
#7075 = FACE_BOUND('',#7076,.T.);
#7076 = EDGE_LOOP('',(#7077,#7085,#7093,#7099));
#7077 = ORIENTED_EDGE('',*,*,#7078,.T.);
#7078 = EDGE_CURVE('',#7041,#7079,#7081,.T.);
#7079 = VERTEX_POINT('',#7080);
#7080 = CARTESIAN_POINT('',(-0.515,1.2,-4.725));
#7081 = LINE('',#7082,#7083);
#7082 = CARTESIAN_POINT('',(-0.815,1.2,-4.725));
#7083 = VECTOR('',#7084,1.);
#7084 = DIRECTION('',(1.,0.,0.));
#7085 = ORIENTED_EDGE('',*,*,#7086,.F.);
#7086 = EDGE_CURVE('',#7087,#7079,#7089,.T.);
#7087 = VERTEX_POINT('',#7088);
#7088 = CARTESIAN_POINT('',(-0.515,2.,-4.725));
#7089 = LINE('',#7090,#7091);
#7090 = CARTESIAN_POINT('',(-0.515,2.,-4.725));
#7091 = VECTOR('',#7092,1.);
#7092 = DIRECTION('',(-0.,-1.,-0.));
#7093 = ORIENTED_EDGE('',*,*,#7094,.F.);
#7094 = EDGE_CURVE('',#7049,#7087,#7095,.T.);
#7095 = LINE('',#7096,#7097);
#7096 = CARTESIAN_POINT('',(-0.815,2.,-4.725));
#7097 = VECTOR('',#7098,1.);
#7098 = DIRECTION('',(1.,0.,0.));
#7099 = ORIENTED_EDGE('',*,*,#7048,.T.);
#7100 = PLANE('',#7101);
#7101 = AXIS2_PLACEMENT_3D('',#7102,#7103,#7104);
#7102 = CARTESIAN_POINT('',(-0.815,2.,-4.725));
#7103 = DIRECTION('',(0.,0.,-1.));
#7104 = DIRECTION('',(-1.,0.,-0.));
#7105 = ADVANCED_FACE('',(#7106),#7131,.F.);
#7106 = FACE_BOUND('',#7107,.T.);
#7107 = EDGE_LOOP('',(#7108,#7116,#7124,#7130));
#7108 = ORIENTED_EDGE('',*,*,#7109,.T.);
#7109 = EDGE_CURVE('',#7079,#7110,#7112,.T.);
#7110 = VERTEX_POINT('',#7111);
#7111 = CARTESIAN_POINT('',(-0.515,1.2,-5.475));
#7112 = LINE('',#7113,#7114);
#7113 = CARTESIAN_POINT('',(-0.515,1.2,-5.475));
#7114 = VECTOR('',#7115,1.);
#7115 = DIRECTION('',(-1.445602896647E-16,-0.,-1.));
#7116 = ORIENTED_EDGE('',*,*,#7117,.F.);
#7117 = EDGE_CURVE('',#7118,#7110,#7120,.T.);
#7118 = VERTEX_POINT('',#7119);
#7119 = CARTESIAN_POINT('',(-0.515,2.,-5.475));
#7120 = LINE('',#7121,#7122);
#7121 = CARTESIAN_POINT('',(-0.515,2.,-5.475));
#7122 = VECTOR('',#7123,1.);
#7123 = DIRECTION('',(-0.,-1.,-0.));
#7124 = ORIENTED_EDGE('',*,*,#7125,.F.);
#7125 = EDGE_CURVE('',#7087,#7118,#7126,.T.);
#7126 = LINE('',#7127,#7128);
#7127 = CARTESIAN_POINT('',(-0.515,2.,-5.475));
#7128 = VECTOR('',#7129,1.);
#7129 = DIRECTION('',(-1.445602896647E-16,-0.,-1.));
#7130 = ORIENTED_EDGE('',*,*,#7086,.T.);
#7131 = PLANE('',#7132);
#7132 = AXIS2_PLACEMENT_3D('',#7133,#7134,#7135);
#7133 = CARTESIAN_POINT('',(-0.515,2.,-5.475));
#7134 = DIRECTION('',(-1.,0.,1.445602896647E-16));
#7135 = DIRECTION('',(1.445602896647E-16,0.,1.));
#7136 = ADVANCED_FACE('',(#7137),#7153,.F.);
#7137 = FACE_BOUND('',#7138,.T.);
#7138 = EDGE_LOOP('',(#7139,#7145,#7146,#7152));
#7139 = ORIENTED_EDGE('',*,*,#7140,.T.);
#7140 = EDGE_CURVE('',#7110,#7039,#7141,.T.);
#7141 = LINE('',#7142,#7143);
#7142 = CARTESIAN_POINT('',(-0.815,1.2,-5.475));
#7143 = VECTOR('',#7144,1.);
#7144 = DIRECTION('',(-1.,-0.,-0.));
#7145 = ORIENTED_EDGE('',*,*,#7064,.F.);
#7146 = ORIENTED_EDGE('',*,*,#7147,.F.);
#7147 = EDGE_CURVE('',#7118,#7057,#7148,.T.);
#7148 = LINE('',#7149,#7150);
#7149 = CARTESIAN_POINT('',(-0.815,2.,-5.475));
#7150 = VECTOR('',#7151,1.);
#7151 = DIRECTION('',(-1.,-0.,-0.));
#7152 = ORIENTED_EDGE('',*,*,#7117,.T.);
#7153 = PLANE('',#7154);
#7154 = AXIS2_PLACEMENT_3D('',#7155,#7156,#7157);
#7155 = CARTESIAN_POINT('',(-0.815,2.,-5.475));
#7156 = DIRECTION('',(0.,0.,1.));
#7157 = DIRECTION('',(1.,0.,-0.));
#7158 = ADVANCED_FACE('',(#7159),#7165,.T.);
#7159 = FACE_BOUND('',#7160,.T.);
#7160 = EDGE_LOOP('',(#7161,#7162,#7163,#7164));
#7161 = ORIENTED_EDGE('',*,*,#7056,.T.);
#7162 = ORIENTED_EDGE('',*,*,#7094,.T.);
#7163 = ORIENTED_EDGE('',*,*,#7125,.T.);
#7164 = ORIENTED_EDGE('',*,*,#7147,.T.);
#7165 = PLANE('',#7166);
#7166 = AXIS2_PLACEMENT_3D('',#7167,#7168,#7169);
#7167 = CARTESIAN_POINT('',(0.,2.,0.));
#7168 = DIRECTION('',(0.,1.,0.));
#7169 = DIRECTION('',(0.,-0.,1.));
#7170 = ADVANCED_FACE('',(#7171),#7177,.F.);
#7171 = FACE_BOUND('',#7172,.T.);
#7172 = EDGE_LOOP('',(#7173,#7174,#7175,#7176));
#7173 = ORIENTED_EDGE('',*,*,#7038,.F.);
#7174 = ORIENTED_EDGE('',*,*,#7140,.F.);
#7175 = ORIENTED_EDGE('',*,*,#7109,.F.);
#7176 = ORIENTED_EDGE('',*,*,#7078,.F.);
#7177 = PLANE('',#7178);
#7178 = AXIS2_PLACEMENT_3D('',#7179,#7180,#7181);
#7179 = CARTESIAN_POINT('',(0.,1.2,0.));
#7180 = DIRECTION('',(0.,1.,0.));
#7181 = DIRECTION('',(0.,-0.,1.));
#7182 = MANIFOLD_SOLID_BREP('',#7183);
#7183 = CLOSED_SHELL('',(#7184,#7224,#7255,#7286,#7308,#7320));
#7184 = ADVANCED_FACE('',(#7185),#7219,.F.);
#7185 = FACE_BOUND('',#7186,.T.);
#7186 = EDGE_LOOP('',(#7187,#7197,#7205,#7213));
#7187 = ORIENTED_EDGE('',*,*,#7188,.T.);
#7188 = EDGE_CURVE('',#7189,#7191,#7193,.T.);
#7189 = VERTEX_POINT('',#7190);
#7190 = CARTESIAN_POINT('',(-0.815,2.,5.3));
#7191 = VERTEX_POINT('',#7192);
#7192 = CARTESIAN_POINT('',(-0.815,1.2,5.3));
#7193 = LINE('',#7194,#7195);
#7194 = CARTESIAN_POINT('',(-0.815,2.,5.3));
#7195 = VECTOR('',#7196,1.);
#7196 = DIRECTION('',(-0.,-1.,-0.));
#7197 = ORIENTED_EDGE('',*,*,#7198,.T.);
#7198 = EDGE_CURVE('',#7191,#7199,#7201,.T.);
#7199 = VERTEX_POINT('',#7200);
#7200 = CARTESIAN_POINT('',(-0.515,1.2,5.3));
#7201 = LINE('',#7202,#7203);
#7202 = CARTESIAN_POINT('',(-0.815,1.2,5.3));
#7203 = VECTOR('',#7204,1.);
#7204 = DIRECTION('',(1.,0.,0.));
#7205 = ORIENTED_EDGE('',*,*,#7206,.F.);
#7206 = EDGE_CURVE('',#7207,#7199,#7209,.T.);
#7207 = VERTEX_POINT('',#7208);
#7208 = CARTESIAN_POINT('',(-0.515,2.,5.3));
#7209 = LINE('',#7210,#7211);
#7210 = CARTESIAN_POINT('',(-0.515,2.,5.3));
#7211 = VECTOR('',#7212,1.);
#7212 = DIRECTION('',(-0.,-1.,-0.));
#7213 = ORIENTED_EDGE('',*,*,#7214,.F.);
#7214 = EDGE_CURVE('',#7189,#7207,#7215,.T.);
#7215 = LINE('',#7216,#7217);
#7216 = CARTESIAN_POINT('',(-0.815,2.,5.3));
#7217 = VECTOR('',#7218,1.);
#7218 = DIRECTION('',(1.,0.,0.));
#7219 = PLANE('',#7220);
#7220 = AXIS2_PLACEMENT_3D('',#7221,#7222,#7223);
#7221 = CARTESIAN_POINT('',(-0.815,2.,5.3));
#7222 = DIRECTION('',(0.,0.,-1.));
#7223 = DIRECTION('',(-1.,0.,-0.));
#7224 = ADVANCED_FACE('',(#7225),#7250,.F.);
#7225 = FACE_BOUND('',#7226,.T.);
#7226 = EDGE_LOOP('',(#7227,#7235,#7243,#7249));
#7227 = ORIENTED_EDGE('',*,*,#7228,.T.);
#7228 = EDGE_CURVE('',#7199,#7229,#7231,.T.);
#7229 = VERTEX_POINT('',#7230);
#7230 = CARTESIAN_POINT('',(-0.515,1.2,4.55));
#7231 = LINE('',#7232,#7233);
#7232 = CARTESIAN_POINT('',(-0.515,1.2,5.3));
#7233 = VECTOR('',#7234,1.);
#7234 = DIRECTION('',(0.,0.,-1.));
#7235 = ORIENTED_EDGE('',*,*,#7236,.F.);
#7236 = EDGE_CURVE('',#7237,#7229,#7239,.T.);
#7237 = VERTEX_POINT('',#7238);
#7238 = CARTESIAN_POINT('',(-0.515,2.,4.55));
#7239 = LINE('',#7240,#7241);
#7240 = CARTESIAN_POINT('',(-0.515,2.,4.55));
#7241 = VECTOR('',#7242,1.);
#7242 = DIRECTION('',(-0.,-1.,-0.));
#7243 = ORIENTED_EDGE('',*,*,#7244,.F.);
#7244 = EDGE_CURVE('',#7207,#7237,#7245,.T.);
#7245 = LINE('',#7246,#7247);
#7246 = CARTESIAN_POINT('',(-0.515,2.,5.3));
#7247 = VECTOR('',#7248,1.);
#7248 = DIRECTION('',(0.,0.,-1.));
#7249 = ORIENTED_EDGE('',*,*,#7206,.T.);
#7250 = PLANE('',#7251);
#7251 = AXIS2_PLACEMENT_3D('',#7252,#7253,#7254);
#7252 = CARTESIAN_POINT('',(-0.515,2.,5.3));
#7253 = DIRECTION('',(-1.,0.,0.));
#7254 = DIRECTION('',(0.,0.,1.));
#7255 = ADVANCED_FACE('',(#7256),#7281,.F.);
#7256 = FACE_BOUND('',#7257,.T.);
#7257 = EDGE_LOOP('',(#7258,#7266,#7274,#7280));
#7258 = ORIENTED_EDGE('',*,*,#7259,.T.);
#7259 = EDGE_CURVE('',#7229,#7260,#7262,.T.);
#7260 = VERTEX_POINT('',#7261);
#7261 = CARTESIAN_POINT('',(-0.815,1.2,4.55));
#7262 = LINE('',#7263,#7264);
#7263 = CARTESIAN_POINT('',(-0.815,1.2,4.55));
#7264 = VECTOR('',#7265,1.);
#7265 = DIRECTION('',(-1.,-0.,-0.));
#7266 = ORIENTED_EDGE('',*,*,#7267,.F.);
#7267 = EDGE_CURVE('',#7268,#7260,#7270,.T.);
#7268 = VERTEX_POINT('',#7269);
#7269 = CARTESIAN_POINT('',(-0.815,2.,4.55));
#7270 = LINE('',#7271,#7272);
#7271 = CARTESIAN_POINT('',(-0.815,2.,4.55));
#7272 = VECTOR('',#7273,1.);
#7273 = DIRECTION('',(-0.,-1.,-0.));
#7274 = ORIENTED_EDGE('',*,*,#7275,.F.);
#7275 = EDGE_CURVE('',#7237,#7268,#7276,.T.);
#7276 = LINE('',#7277,#7278);
#7277 = CARTESIAN_POINT('',(-0.815,2.,4.55));
#7278 = VECTOR('',#7279,1.);
#7279 = DIRECTION('',(-1.,-0.,-0.));
#7280 = ORIENTED_EDGE('',*,*,#7236,.T.);
#7281 = PLANE('',#7282);
#7282 = AXIS2_PLACEMENT_3D('',#7283,#7284,#7285);
#7283 = CARTESIAN_POINT('',(-0.815,2.,4.55));
#7284 = DIRECTION('',(0.,0.,1.));
#7285 = DIRECTION('',(1.,0.,-0.));
#7286 = ADVANCED_FACE('',(#7287),#7303,.F.);
#7287 = FACE_BOUND('',#7288,.T.);
#7288 = EDGE_LOOP('',(#7289,#7295,#7296,#7302));
#7289 = ORIENTED_EDGE('',*,*,#7290,.T.);
#7290 = EDGE_CURVE('',#7260,#7191,#7291,.T.);
#7291 = LINE('',#7292,#7293);
#7292 = CARTESIAN_POINT('',(-0.815,1.2,5.3));
#7293 = VECTOR('',#7294,1.);
#7294 = DIRECTION('',(2.891205793295E-16,-0.,1.));
#7295 = ORIENTED_EDGE('',*,*,#7188,.F.);
#7296 = ORIENTED_EDGE('',*,*,#7297,.F.);
#7297 = EDGE_CURVE('',#7268,#7189,#7298,.T.);
#7298 = LINE('',#7299,#7300);
#7299 = CARTESIAN_POINT('',(-0.815,2.,5.3));
#7300 = VECTOR('',#7301,1.);
#7301 = DIRECTION('',(2.891205793295E-16,-0.,1.));
#7302 = ORIENTED_EDGE('',*,*,#7267,.T.);
#7303 = PLANE('',#7304);
#7304 = AXIS2_PLACEMENT_3D('',#7305,#7306,#7307);
#7305 = CARTESIAN_POINT('',(-0.815,2.,5.3));
#7306 = DIRECTION('',(1.,0.,-2.891205793295E-16));
#7307 = DIRECTION('',(-2.891205793295E-16,0.,-1.));
#7308 = ADVANCED_FACE('',(#7309),#7315,.T.);
#7309 = FACE_BOUND('',#7310,.T.);
#7310 = EDGE_LOOP('',(#7311,#7312,#7313,#7314));
#7311 = ORIENTED_EDGE('',*,*,#7214,.T.);
#7312 = ORIENTED_EDGE('',*,*,#7244,.T.);
#7313 = ORIENTED_EDGE('',*,*,#7275,.T.);
#7314 = ORIENTED_EDGE('',*,*,#7297,.T.);
#7315 = PLANE('',#7316);
#7316 = AXIS2_PLACEMENT_3D('',#7317,#7318,#7319);
#7317 = CARTESIAN_POINT('',(0.,2.,0.));
#7318 = DIRECTION('',(-0.,1.,0.));
#7319 = DIRECTION('',(0.,0.,1.));
#7320 = ADVANCED_FACE('',(#7321),#7327,.F.);
#7321 = FACE_BOUND('',#7322,.T.);
#7322 = EDGE_LOOP('',(#7323,#7324,#7325,#7326));
#7323 = ORIENTED_EDGE('',*,*,#7198,.F.);
#7324 = ORIENTED_EDGE('',*,*,#7290,.F.);
#7325 = ORIENTED_EDGE('',*,*,#7259,.F.);
#7326 = ORIENTED_EDGE('',*,*,#7228,.F.);
#7327 = PLANE('',#7328);
#7328 = AXIS2_PLACEMENT_3D('',#7329,#7330,#7331);
#7329 = CARTESIAN_POINT('',(0.,1.2,0.));
#7330 = DIRECTION('',(-0.,1.,0.));
#7331 = DIRECTION('',(0.,0.,1.));
#7332 = MANIFOLD_SOLID_BREP('',#7333);
#7333 = CLOSED_SHELL('',(#7334,#7374,#7405,#7436,#7458,#7470));
#7334 = ADVANCED_FACE('',(#7335),#7369,.F.);
#7335 = FACE_BOUND('',#7336,.T.);
#7336 = EDGE_LOOP('',(#7337,#7347,#7355,#7363));
#7337 = ORIENTED_EDGE('',*,*,#7338,.T.);
#7338 = EDGE_CURVE('',#7339,#7341,#7343,.T.);
#7339 = VERTEX_POINT('',#7340);
#7340 = CARTESIAN_POINT('',(-1.965,2.,5.3));
#7341 = VERTEX_POINT('',#7342);
#7342 = CARTESIAN_POINT('',(-1.965,1.2,5.3));
#7343 = LINE('',#7344,#7345);
#7344 = CARTESIAN_POINT('',(-1.965,2.,5.3));
#7345 = VECTOR('',#7346,1.);
#7346 = DIRECTION('',(-0.,-1.,-0.));
#7347 = ORIENTED_EDGE('',*,*,#7348,.T.);
#7348 = EDGE_CURVE('',#7341,#7349,#7351,.T.);
#7349 = VERTEX_POINT('',#7350);
#7350 = CARTESIAN_POINT('',(-1.665,1.2,5.3));
#7351 = LINE('',#7352,#7353);
#7352 = CARTESIAN_POINT('',(-1.965,1.2,5.3));
#7353 = VECTOR('',#7354,1.);
#7354 = DIRECTION('',(1.,0.,0.));
#7355 = ORIENTED_EDGE('',*,*,#7356,.F.);
#7356 = EDGE_CURVE('',#7357,#7349,#7359,.T.);
#7357 = VERTEX_POINT('',#7358);
#7358 = CARTESIAN_POINT('',(-1.665,2.,5.3));
#7359 = LINE('',#7360,#7361);
#7360 = CARTESIAN_POINT('',(-1.665,2.,5.3));
#7361 = VECTOR('',#7362,1.);
#7362 = DIRECTION('',(-0.,-1.,-0.));
#7363 = ORIENTED_EDGE('',*,*,#7364,.F.);
#7364 = EDGE_CURVE('',#7339,#7357,#7365,.T.);
#7365 = LINE('',#7366,#7367);
#7366 = CARTESIAN_POINT('',(-1.965,2.,5.3));
#7367 = VECTOR('',#7368,1.);
#7368 = DIRECTION('',(1.,0.,0.));
#7369 = PLANE('',#7370);
#7370 = AXIS2_PLACEMENT_3D('',#7371,#7372,#7373);
#7371 = CARTESIAN_POINT('',(-1.965,2.,5.3));
#7372 = DIRECTION('',(0.,0.,-1.));
#7373 = DIRECTION('',(-1.,0.,-0.));
#7374 = ADVANCED_FACE('',(#7375),#7400,.F.);
#7375 = FACE_BOUND('',#7376,.T.);
#7376 = EDGE_LOOP('',(#7377,#7385,#7393,#7399));
#7377 = ORIENTED_EDGE('',*,*,#7378,.T.);
#7378 = EDGE_CURVE('',#7349,#7379,#7381,.T.);
#7379 = VERTEX_POINT('',#7380);
#7380 = CARTESIAN_POINT('',(-1.665,1.2,4.55));
#7381 = LINE('',#7382,#7383);
#7382 = CARTESIAN_POINT('',(-1.665,1.2,5.3));
#7383 = VECTOR('',#7384,1.);
#7384 = DIRECTION('',(8.673617379884E-16,0.,-1.));
#7385 = ORIENTED_EDGE('',*,*,#7386,.F.);
#7386 = EDGE_CURVE('',#7387,#7379,#7389,.T.);
#7387 = VERTEX_POINT('',#7388);
#7388 = CARTESIAN_POINT('',(-1.665,2.,4.55));
#7389 = LINE('',#7390,#7391);
#7390 = CARTESIAN_POINT('',(-1.665,2.,4.55));
#7391 = VECTOR('',#7392,1.);
#7392 = DIRECTION('',(-0.,-1.,-0.));
#7393 = ORIENTED_EDGE('',*,*,#7394,.F.);
#7394 = EDGE_CURVE('',#7357,#7387,#7395,.T.);
#7395 = LINE('',#7396,#7397);
#7396 = CARTESIAN_POINT('',(-1.665,2.,5.3));
#7397 = VECTOR('',#7398,1.);
#7398 = DIRECTION('',(8.673617379884E-16,0.,-1.));
#7399 = ORIENTED_EDGE('',*,*,#7356,.T.);
#7400 = PLANE('',#7401);
#7401 = AXIS2_PLACEMENT_3D('',#7402,#7403,#7404);
#7402 = CARTESIAN_POINT('',(-1.665,2.,5.3));
#7403 = DIRECTION('',(-1.,0.,-8.673617379884E-16));
#7404 = DIRECTION('',(-8.673617379884E-16,0.,1.));
#7405 = ADVANCED_FACE('',(#7406),#7431,.F.);
#7406 = FACE_BOUND('',#7407,.T.);
#7407 = EDGE_LOOP('',(#7408,#7416,#7424,#7430));
#7408 = ORIENTED_EDGE('',*,*,#7409,.T.);
#7409 = EDGE_CURVE('',#7379,#7410,#7412,.T.);
#7410 = VERTEX_POINT('',#7411);
#7411 = CARTESIAN_POINT('',(-1.965,1.2,4.55));
#7412 = LINE('',#7413,#7414);
#7413 = CARTESIAN_POINT('',(-1.965,1.2,4.55));
#7414 = VECTOR('',#7415,1.);
#7415 = DIRECTION('',(-1.,-0.,-0.));
#7416 = ORIENTED_EDGE('',*,*,#7417,.F.);
#7417 = EDGE_CURVE('',#7418,#7410,#7420,.T.);
#7418 = VERTEX_POINT('',#7419);
#7419 = CARTESIAN_POINT('',(-1.965,2.,4.55));
#7420 = LINE('',#7421,#7422);
#7421 = CARTESIAN_POINT('',(-1.965,2.,4.55));
#7422 = VECTOR('',#7423,1.);
#7423 = DIRECTION('',(-0.,-1.,-0.));
#7424 = ORIENTED_EDGE('',*,*,#7425,.F.);
#7425 = EDGE_CURVE('',#7387,#7418,#7426,.T.);
#7426 = LINE('',#7427,#7428);
#7427 = CARTESIAN_POINT('',(-1.965,2.,4.55));
#7428 = VECTOR('',#7429,1.);
#7429 = DIRECTION('',(-1.,-0.,-0.));
#7430 = ORIENTED_EDGE('',*,*,#7386,.T.);
#7431 = PLANE('',#7432);
#7432 = AXIS2_PLACEMENT_3D('',#7433,#7434,#7435);
#7433 = CARTESIAN_POINT('',(-1.965,2.,4.55));
#7434 = DIRECTION('',(0.,0.,1.));
#7435 = DIRECTION('',(1.,0.,-0.));
#7436 = ADVANCED_FACE('',(#7437),#7453,.F.);
#7437 = FACE_BOUND('',#7438,.T.);
#7438 = EDGE_LOOP('',(#7439,#7445,#7446,#7452));
#7439 = ORIENTED_EDGE('',*,*,#7440,.T.);
#7440 = EDGE_CURVE('',#7410,#7341,#7441,.T.);
#7441 = LINE('',#7442,#7443);
#7442 = CARTESIAN_POINT('',(-1.965,1.2,5.3));
#7443 = VECTOR('',#7444,1.);
#7444 = DIRECTION('',(1.156482317318E-15,-0.,1.));
#7445 = ORIENTED_EDGE('',*,*,#7338,.F.);
#7446 = ORIENTED_EDGE('',*,*,#7447,.F.);
#7447 = EDGE_CURVE('',#7418,#7339,#7448,.T.);
#7448 = LINE('',#7449,#7450);
#7449 = CARTESIAN_POINT('',(-1.965,2.,5.3));
#7450 = VECTOR('',#7451,1.);
#7451 = DIRECTION('',(1.156482317318E-15,-0.,1.));
#7452 = ORIENTED_EDGE('',*,*,#7417,.T.);
#7453 = PLANE('',#7454);
#7454 = AXIS2_PLACEMENT_3D('',#7455,#7456,#7457);
#7455 = CARTESIAN_POINT('',(-1.965,2.,5.3));
#7456 = DIRECTION('',(1.,0.,-1.156482317318E-15));
#7457 = DIRECTION('',(-1.156482317318E-15,0.,-1.));
#7458 = ADVANCED_FACE('',(#7459),#7465,.T.);
#7459 = FACE_BOUND('',#7460,.T.);
#7460 = EDGE_LOOP('',(#7461,#7462,#7463,#7464));
#7461 = ORIENTED_EDGE('',*,*,#7364,.T.);
#7462 = ORIENTED_EDGE('',*,*,#7394,.T.);
#7463 = ORIENTED_EDGE('',*,*,#7425,.T.);
#7464 = ORIENTED_EDGE('',*,*,#7447,.T.);
#7465 = PLANE('',#7466);
#7466 = AXIS2_PLACEMENT_3D('',#7467,#7468,#7469);
#7467 = CARTESIAN_POINT('',(0.,2.,0.));
#7468 = DIRECTION('',(-0.,1.,0.));
#7469 = DIRECTION('',(0.,0.,1.));
#7470 = ADVANCED_FACE('',(#7471),#7477,.F.);
#7471 = FACE_BOUND('',#7472,.T.);
#7472 = EDGE_LOOP('',(#7473,#7474,#7475,#7476));
#7473 = ORIENTED_EDGE('',*,*,#7348,.F.);
#7474 = ORIENTED_EDGE('',*,*,#7440,.F.);
#7475 = ORIENTED_EDGE('',*,*,#7409,.F.);
#7476 = ORIENTED_EDGE('',*,*,#7378,.F.);
#7477 = PLANE('',#7478);
#7478 = AXIS2_PLACEMENT_3D('',#7479,#7480,#7481);
#7479 = CARTESIAN_POINT('',(0.,1.2,0.));
#7480 = DIRECTION('',(-0.,1.,0.));
#7481 = DIRECTION('',(0.,0.,1.));
#7482 = MANIFOLD_SOLID_BREP('',#7483);
#7483 = CLOSED_SHELL('',(#7484,#7524,#7555,#7586,#7608,#7620));
#7484 = ADVANCED_FACE('',(#7485),#7519,.F.);
#7485 = FACE_BOUND('',#7486,.T.);
#7486 = EDGE_LOOP('',(#7487,#7497,#7505,#7513));
#7487 = ORIENTED_EDGE('',*,*,#7488,.T.);
#7488 = EDGE_CURVE('',#7489,#7491,#7493,.T.);
#7489 = VERTEX_POINT('',#7490);
#7490 = CARTESIAN_POINT('',(2.885,1.2,5.3));
#7491 = VERTEX_POINT('',#7492);
#7492 = CARTESIAN_POINT('',(3.185,1.2,5.3));
#7493 = LINE('',#7494,#7495);
#7494 = CARTESIAN_POINT('',(2.885,1.2,5.3));
#7495 = VECTOR('',#7496,1.);
#7496 = DIRECTION('',(1.,0.,0.));
#7497 = ORIENTED_EDGE('',*,*,#7498,.F.);
#7498 = EDGE_CURVE('',#7499,#7491,#7501,.T.);
#7499 = VERTEX_POINT('',#7500);
#7500 = CARTESIAN_POINT('',(3.185,2.,5.3));
#7501 = LINE('',#7502,#7503);
#7502 = CARTESIAN_POINT('',(3.185,2.,5.3));
#7503 = VECTOR('',#7504,1.);
#7504 = DIRECTION('',(-0.,-1.,-0.));
#7505 = ORIENTED_EDGE('',*,*,#7506,.F.);
#7506 = EDGE_CURVE('',#7507,#7499,#7509,.T.);
#7507 = VERTEX_POINT('',#7508);
#7508 = CARTESIAN_POINT('',(2.885,2.,5.3));
#7509 = LINE('',#7510,#7511);
#7510 = CARTESIAN_POINT('',(2.885,2.,5.3));
#7511 = VECTOR('',#7512,1.);
#7512 = DIRECTION('',(1.,0.,0.));
#7513 = ORIENTED_EDGE('',*,*,#7514,.T.);
#7514 = EDGE_CURVE('',#7507,#7489,#7515,.T.);
#7515 = LINE('',#7516,#7517);
#7516 = CARTESIAN_POINT('',(2.885,2.,5.3));
#7517 = VECTOR('',#7518,1.);
#7518 = DIRECTION('',(-0.,-1.,-0.));
#7519 = PLANE('',#7520);
#7520 = AXIS2_PLACEMENT_3D('',#7521,#7522,#7523);
#7521 = CARTESIAN_POINT('',(2.885,2.,5.3));
#7522 = DIRECTION('',(0.,0.,-1.));
#7523 = DIRECTION('',(-1.,0.,-0.));
#7524 = ADVANCED_FACE('',(#7525),#7550,.F.);
#7525 = FACE_BOUND('',#7526,.T.);
#7526 = EDGE_LOOP('',(#7527,#7535,#7543,#7549));
#7527 = ORIENTED_EDGE('',*,*,#7528,.T.);
#7528 = EDGE_CURVE('',#7491,#7529,#7531,.T.);
#7529 = VERTEX_POINT('',#7530);
#7530 = CARTESIAN_POINT('',(3.185,1.2,4.55));
#7531 = LINE('',#7532,#7533);
#7532 = CARTESIAN_POINT('',(3.185,1.2,5.3));
#7533 = VECTOR('',#7534,1.);
#7534 = DIRECTION('',(0.,0.,-1.));
#7535 = ORIENTED_EDGE('',*,*,#7536,.F.);
#7536 = EDGE_CURVE('',#7537,#7529,#7539,.T.);
#7537 = VERTEX_POINT('',#7538);
#7538 = CARTESIAN_POINT('',(3.185,2.,4.55));
#7539 = LINE('',#7540,#7541);
#7540 = CARTESIAN_POINT('',(3.185,2.,4.55));
#7541 = VECTOR('',#7542,1.);
#7542 = DIRECTION('',(-0.,-1.,-0.));
#7543 = ORIENTED_EDGE('',*,*,#7544,.F.);
#7544 = EDGE_CURVE('',#7499,#7537,#7545,.T.);
#7545 = LINE('',#7546,#7547);
#7546 = CARTESIAN_POINT('',(3.185,2.,5.3));
#7547 = VECTOR('',#7548,1.);
#7548 = DIRECTION('',(0.,0.,-1.));
#7549 = ORIENTED_EDGE('',*,*,#7498,.T.);
#7550 = PLANE('',#7551);
#7551 = AXIS2_PLACEMENT_3D('',#7552,#7553,#7554);
#7552 = CARTESIAN_POINT('',(3.185,2.,5.3));
#7553 = DIRECTION('',(-1.,0.,0.));
#7554 = DIRECTION('',(0.,0.,1.));
#7555 = ADVANCED_FACE('',(#7556),#7581,.F.);
#7556 = FACE_BOUND('',#7557,.T.);
#7557 = EDGE_LOOP('',(#7558,#7566,#7574,#7580));
#7558 = ORIENTED_EDGE('',*,*,#7559,.T.);
#7559 = EDGE_CURVE('',#7529,#7560,#7562,.T.);
#7560 = VERTEX_POINT('',#7561);
#7561 = CARTESIAN_POINT('',(2.885,1.2,4.55));
#7562 = LINE('',#7563,#7564);
#7563 = CARTESIAN_POINT('',(2.885,1.2,4.55));
#7564 = VECTOR('',#7565,1.);
#7565 = DIRECTION('',(-1.,-0.,-0.));
#7566 = ORIENTED_EDGE('',*,*,#7567,.F.);
#7567 = EDGE_CURVE('',#7568,#7560,#7570,.T.);
#7568 = VERTEX_POINT('',#7569);
#7569 = CARTESIAN_POINT('',(2.885,2.,4.55));
#7570 = LINE('',#7571,#7572);
#7571 = CARTESIAN_POINT('',(2.885,2.,4.55));
#7572 = VECTOR('',#7573,1.);
#7573 = DIRECTION('',(-0.,-1.,-0.));
#7574 = ORIENTED_EDGE('',*,*,#7575,.F.);
#7575 = EDGE_CURVE('',#7537,#7568,#7576,.T.);
#7576 = LINE('',#7577,#7578);
#7577 = CARTESIAN_POINT('',(2.885,2.,4.55));
#7578 = VECTOR('',#7579,1.);
#7579 = DIRECTION('',(-1.,-0.,-0.));
#7580 = ORIENTED_EDGE('',*,*,#7536,.T.);
#7581 = PLANE('',#7582);
#7582 = AXIS2_PLACEMENT_3D('',#7583,#7584,#7585);
#7583 = CARTESIAN_POINT('',(2.885,2.,4.55));
#7584 = DIRECTION('',(0.,0.,1.));
#7585 = DIRECTION('',(1.,0.,-0.));
#7586 = ADVANCED_FACE('',(#7587),#7603,.F.);
#7587 = FACE_BOUND('',#7588,.T.);
#7588 = EDGE_LOOP('',(#7589,#7595,#7596,#7602));
#7589 = ORIENTED_EDGE('',*,*,#7590,.T.);
#7590 = EDGE_CURVE('',#7560,#7489,#7591,.T.);
#7591 = LINE('',#7592,#7593);
#7592 = CARTESIAN_POINT('',(2.885,1.2,5.3));
#7593 = VECTOR('',#7594,1.);
#7594 = DIRECTION('',(-0.,-0.,1.));
#7595 = ORIENTED_EDGE('',*,*,#7514,.F.);
#7596 = ORIENTED_EDGE('',*,*,#7597,.F.);
#7597 = EDGE_CURVE('',#7568,#7507,#7598,.T.);
#7598 = LINE('',#7599,#7600);
#7599 = CARTESIAN_POINT('',(2.885,2.,5.3));
#7600 = VECTOR('',#7601,1.);
#7601 = DIRECTION('',(-0.,-0.,1.));
#7602 = ORIENTED_EDGE('',*,*,#7567,.T.);
#7603 = PLANE('',#7604);
#7604 = AXIS2_PLACEMENT_3D('',#7605,#7606,#7607);
#7605 = CARTESIAN_POINT('',(2.885,2.,5.3));
#7606 = DIRECTION('',(1.,-0.,0.));
#7607 = DIRECTION('',(0.,0.,-1.));
#7608 = ADVANCED_FACE('',(#7609),#7615,.T.);
#7609 = FACE_BOUND('',#7610,.T.);
#7610 = EDGE_LOOP('',(#7611,#7612,#7613,#7614));
#7611 = ORIENTED_EDGE('',*,*,#7506,.T.);
#7612 = ORIENTED_EDGE('',*,*,#7544,.T.);
#7613 = ORIENTED_EDGE('',*,*,#7575,.T.);
#7614 = ORIENTED_EDGE('',*,*,#7597,.T.);
#7615 = PLANE('',#7616);
#7616 = AXIS2_PLACEMENT_3D('',#7617,#7618,#7619);
#7617 = CARTESIAN_POINT('',(0.,2.,0.));
#7618 = DIRECTION('',(-0.,1.,0.));
#7619 = DIRECTION('',(0.,0.,1.));
#7620 = ADVANCED_FACE('',(#7621),#7627,.F.);
#7621 = FACE_BOUND('',#7622,.T.);
#7622 = EDGE_LOOP('',(#7623,#7624,#7625,#7626));
#7623 = ORIENTED_EDGE('',*,*,#7488,.F.);
#7624 = ORIENTED_EDGE('',*,*,#7590,.F.);
#7625 = ORIENTED_EDGE('',*,*,#7559,.F.);
#7626 = ORIENTED_EDGE('',*,*,#7528,.F.);
#7627 = PLANE('',#7628);
#7628 = AXIS2_PLACEMENT_3D('',#7629,#7630,#7631);
#7629 = CARTESIAN_POINT('',(0.,1.2,0.));
#7630 = DIRECTION('',(-0.,1.,0.));
#7631 = DIRECTION('',(0.,0.,1.));
#7632 = MANIFOLD_SOLID_BREP('',#7633);
#7633 = CLOSED_SHELL('',(#7634,#7674,#7705,#7736,#7758,#7770));
#7634 = ADVANCED_FACE('',(#7635),#7669,.F.);
#7635 = FACE_BOUND('',#7636,.T.);
#7636 = EDGE_LOOP('',(#7637,#7647,#7655,#7663));
#7637 = ORIENTED_EDGE('',*,*,#7638,.T.);
#7638 = EDGE_CURVE('',#7639,#7641,#7643,.T.);
#7639 = VERTEX_POINT('',#7640);
#7640 = CARTESIAN_POINT('',(1.735,1.2,5.3));
#7641 = VERTEX_POINT('',#7642);
#7642 = CARTESIAN_POINT('',(2.035,1.2,5.3));
#7643 = LINE('',#7644,#7645);
#7644 = CARTESIAN_POINT('',(1.735,1.2,5.3));
#7645 = VECTOR('',#7646,1.);
#7646 = DIRECTION('',(1.,0.,0.));
#7647 = ORIENTED_EDGE('',*,*,#7648,.F.);
#7648 = EDGE_CURVE('',#7649,#7641,#7651,.T.);
#7649 = VERTEX_POINT('',#7650);
#7650 = CARTESIAN_POINT('',(2.035,2.,5.3));
#7651 = LINE('',#7652,#7653);
#7652 = CARTESIAN_POINT('',(2.035,2.,5.3));
#7653 = VECTOR('',#7654,1.);
#7654 = DIRECTION('',(-0.,-1.,-0.));
#7655 = ORIENTED_EDGE('',*,*,#7656,.F.);
#7656 = EDGE_CURVE('',#7657,#7649,#7659,.T.);
#7657 = VERTEX_POINT('',#7658);
#7658 = CARTESIAN_POINT('',(1.735,2.,5.3));
#7659 = LINE('',#7660,#7661);
#7660 = CARTESIAN_POINT('',(1.735,2.,5.3));
#7661 = VECTOR('',#7662,1.);
#7662 = DIRECTION('',(1.,0.,0.));
#7663 = ORIENTED_EDGE('',*,*,#7664,.T.);
#7664 = EDGE_CURVE('',#7657,#7639,#7665,.T.);
#7665 = LINE('',#7666,#7667);
#7666 = CARTESIAN_POINT('',(1.735,2.,5.3));
#7667 = VECTOR('',#7668,1.);
#7668 = DIRECTION('',(-0.,-1.,-0.));
#7669 = PLANE('',#7670);
#7670 = AXIS2_PLACEMENT_3D('',#7671,#7672,#7673);
#7671 = CARTESIAN_POINT('',(1.735,2.,5.3));
#7672 = DIRECTION('',(0.,0.,-1.));
#7673 = DIRECTION('',(-1.,0.,-0.));
#7674 = ADVANCED_FACE('',(#7675),#7700,.F.);
#7675 = FACE_BOUND('',#7676,.T.);
#7676 = EDGE_LOOP('',(#7677,#7685,#7693,#7699));
#7677 = ORIENTED_EDGE('',*,*,#7678,.T.);
#7678 = EDGE_CURVE('',#7641,#7679,#7681,.T.);
#7679 = VERTEX_POINT('',#7680);
#7680 = CARTESIAN_POINT('',(2.035,1.2,4.55));
#7681 = LINE('',#7682,#7683);
#7682 = CARTESIAN_POINT('',(2.035,1.2,5.3));
#7683 = VECTOR('',#7684,1.);
#7684 = DIRECTION('',(1.156482317318E-15,0.,-1.));
#7685 = ORIENTED_EDGE('',*,*,#7686,.F.);
#7686 = EDGE_CURVE('',#7687,#7679,#7689,.T.);
#7687 = VERTEX_POINT('',#7688);
#7688 = CARTESIAN_POINT('',(2.035,2.,4.55));
#7689 = LINE('',#7690,#7691);
#7690 = CARTESIAN_POINT('',(2.035,2.,4.55));
#7691 = VECTOR('',#7692,1.);
#7692 = DIRECTION('',(-0.,-1.,-0.));
#7693 = ORIENTED_EDGE('',*,*,#7694,.F.);
#7694 = EDGE_CURVE('',#7649,#7687,#7695,.T.);
#7695 = LINE('',#7696,#7697);
#7696 = CARTESIAN_POINT('',(2.035,2.,5.3));
#7697 = VECTOR('',#7698,1.);
#7698 = DIRECTION('',(1.156482317318E-15,0.,-1.));
#7699 = ORIENTED_EDGE('',*,*,#7648,.T.);
#7700 = PLANE('',#7701);
#7701 = AXIS2_PLACEMENT_3D('',#7702,#7703,#7704);
#7702 = CARTESIAN_POINT('',(2.035,2.,5.3));
#7703 = DIRECTION('',(-1.,0.,-1.156482317318E-15));
#7704 = DIRECTION('',(-1.156482317318E-15,0.,1.));
#7705 = ADVANCED_FACE('',(#7706),#7731,.F.);
#7706 = FACE_BOUND('',#7707,.T.);
#7707 = EDGE_LOOP('',(#7708,#7716,#7724,#7730));
#7708 = ORIENTED_EDGE('',*,*,#7709,.T.);
#7709 = EDGE_CURVE('',#7679,#7710,#7712,.T.);
#7710 = VERTEX_POINT('',#7711);
#7711 = CARTESIAN_POINT('',(1.735,1.2,4.55));
#7712 = LINE('',#7713,#7714);
#7713 = CARTESIAN_POINT('',(1.735,1.2,4.55));
#7714 = VECTOR('',#7715,1.);
#7715 = DIRECTION('',(-1.,-0.,-0.));
#7716 = ORIENTED_EDGE('',*,*,#7717,.F.);
#7717 = EDGE_CURVE('',#7718,#7710,#7720,.T.);
#7718 = VERTEX_POINT('',#7719);
#7719 = CARTESIAN_POINT('',(1.735,2.,4.55));
#7720 = LINE('',#7721,#7722);
#7721 = CARTESIAN_POINT('',(1.735,2.,4.55));
#7722 = VECTOR('',#7723,1.);
#7723 = DIRECTION('',(-0.,-1.,-0.));
#7724 = ORIENTED_EDGE('',*,*,#7725,.F.);
#7725 = EDGE_CURVE('',#7687,#7718,#7726,.T.);
#7726 = LINE('',#7727,#7728);
#7727 = CARTESIAN_POINT('',(1.735,2.,4.55));
#7728 = VECTOR('',#7729,1.);
#7729 = DIRECTION('',(-1.,-0.,-0.));
#7730 = ORIENTED_EDGE('',*,*,#7686,.T.);
#7731 = PLANE('',#7732);
#7732 = AXIS2_PLACEMENT_3D('',#7733,#7734,#7735);
#7733 = CARTESIAN_POINT('',(1.735,2.,4.55));
#7734 = DIRECTION('',(0.,0.,1.));
#7735 = DIRECTION('',(1.,0.,-0.));
#7736 = ADVANCED_FACE('',(#7737),#7753,.F.);
#7737 = FACE_BOUND('',#7738,.T.);
#7738 = EDGE_LOOP('',(#7739,#7745,#7746,#7752));
#7739 = ORIENTED_EDGE('',*,*,#7740,.T.);
#7740 = EDGE_CURVE('',#7710,#7639,#7741,.T.);
#7741 = LINE('',#7742,#7743);
#7742 = CARTESIAN_POINT('',(1.735,1.2,5.3));
#7743 = VECTOR('',#7744,1.);
#7744 = DIRECTION('',(1.156482317318E-15,-0.,1.));
#7745 = ORIENTED_EDGE('',*,*,#7664,.F.);
#7746 = ORIENTED_EDGE('',*,*,#7747,.F.);
#7747 = EDGE_CURVE('',#7718,#7657,#7748,.T.);
#7748 = LINE('',#7749,#7750);
#7749 = CARTESIAN_POINT('',(1.735,2.,5.3));
#7750 = VECTOR('',#7751,1.);
#7751 = DIRECTION('',(1.156482317318E-15,-0.,1.));
#7752 = ORIENTED_EDGE('',*,*,#7717,.T.);
#7753 = PLANE('',#7754);
#7754 = AXIS2_PLACEMENT_3D('',#7755,#7756,#7757);
#7755 = CARTESIAN_POINT('',(1.735,2.,5.3));
#7756 = DIRECTION('',(1.,0.,-1.156482317318E-15));
#7757 = DIRECTION('',(-1.156482317318E-15,0.,-1.));
#7758 = ADVANCED_FACE('',(#7759),#7765,.T.);
#7759 = FACE_BOUND('',#7760,.T.);
#7760 = EDGE_LOOP('',(#7761,#7762,#7763,#7764));
#7761 = ORIENTED_EDGE('',*,*,#7656,.T.);
#7762 = ORIENTED_EDGE('',*,*,#7694,.T.);
#7763 = ORIENTED_EDGE('',*,*,#7725,.T.);
#7764 = ORIENTED_EDGE('',*,*,#7747,.T.);
#7765 = PLANE('',#7766);
#7766 = AXIS2_PLACEMENT_3D('',#7767,#7768,#7769);
#7767 = CARTESIAN_POINT('',(0.,2.,0.));
#7768 = DIRECTION('',(-0.,1.,0.));
#7769 = DIRECTION('',(0.,0.,1.));
#7770 = ADVANCED_FACE('',(#7771),#7777,.F.);
#7771 = FACE_BOUND('',#7772,.T.);
#7772 = EDGE_LOOP('',(#7773,#7774,#7775,#7776));
#7773 = ORIENTED_EDGE('',*,*,#7638,.F.);
#7774 = ORIENTED_EDGE('',*,*,#7740,.F.);
#7775 = ORIENTED_EDGE('',*,*,#7709,.F.);
#7776 = ORIENTED_EDGE('',*,*,#7678,.F.);
#7777 = PLANE('',#7778);
#7778 = AXIS2_PLACEMENT_3D('',#7779,#7780,#7781);
#7779 = CARTESIAN_POINT('',(0.,1.2,0.));
#7780 = DIRECTION('',(-0.,1.,0.));
#7781 = DIRECTION('',(0.,0.,1.));
#7782 = MANIFOLD_SOLID_BREP('',#7783);
#7783 = CLOSED_SHELL('',(#7784,#7824,#7855,#7886,#7908,#7920));
#7784 = ADVANCED_FACE('',(#7785),#7819,.F.);
#7785 = FACE_BOUND('',#7786,.T.);
#7786 = EDGE_LOOP('',(#7787,#7797,#7805,#7813));
#7787 = ORIENTED_EDGE('',*,*,#7788,.T.);
#7788 = EDGE_CURVE('',#7789,#7791,#7793,.T.);
#7789 = VERTEX_POINT('',#7790);
#7790 = CARTESIAN_POINT('',(2.885,1.2,4.05));
#7791 = VERTEX_POINT('',#7792);
#7792 = CARTESIAN_POINT('',(3.185,1.2,4.05));
#7793 = LINE('',#7794,#7795);
#7794 = CARTESIAN_POINT('',(2.885,1.2,4.05));
#7795 = VECTOR('',#7796,1.);
#7796 = DIRECTION('',(1.,0.,0.));
#7797 = ORIENTED_EDGE('',*,*,#7798,.F.);
#7798 = EDGE_CURVE('',#7799,#7791,#7801,.T.);
#7799 = VERTEX_POINT('',#7800);
#7800 = CARTESIAN_POINT('',(3.185,2.,4.05));
#7801 = LINE('',#7802,#7803);
#7802 = CARTESIAN_POINT('',(3.185,2.,4.05));
#7803 = VECTOR('',#7804,1.);
#7804 = DIRECTION('',(-0.,-1.,-0.));
#7805 = ORIENTED_EDGE('',*,*,#7806,.F.);
#7806 = EDGE_CURVE('',#7807,#7799,#7809,.T.);
#7807 = VERTEX_POINT('',#7808);
#7808 = CARTESIAN_POINT('',(2.885,2.,4.05));
#7809 = LINE('',#7810,#7811);
#7810 = CARTESIAN_POINT('',(2.885,2.,4.05));
#7811 = VECTOR('',#7812,1.);
#7812 = DIRECTION('',(1.,0.,0.));
#7813 = ORIENTED_EDGE('',*,*,#7814,.T.);
#7814 = EDGE_CURVE('',#7807,#7789,#7815,.T.);
#7815 = LINE('',#7816,#7817);
#7816 = CARTESIAN_POINT('',(2.885,2.,4.05));
#7817 = VECTOR('',#7818,1.);
#7818 = DIRECTION('',(-0.,-1.,-0.));
#7819 = PLANE('',#7820);
#7820 = AXIS2_PLACEMENT_3D('',#7821,#7822,#7823);
#7821 = CARTESIAN_POINT('',(2.885,2.,4.05));
#7822 = DIRECTION('',(0.,0.,-1.));
#7823 = DIRECTION('',(-1.,0.,-0.));
#7824 = ADVANCED_FACE('',(#7825),#7850,.F.);
#7825 = FACE_BOUND('',#7826,.T.);
#7826 = EDGE_LOOP('',(#7827,#7835,#7843,#7849));
#7827 = ORIENTED_EDGE('',*,*,#7828,.T.);
#7828 = EDGE_CURVE('',#7791,#7829,#7831,.T.);
#7829 = VERTEX_POINT('',#7830);
#7830 = CARTESIAN_POINT('',(3.185,1.2,3.3));
#7831 = LINE('',#7832,#7833);
#7832 = CARTESIAN_POINT('',(3.185,1.2,4.05));
#7833 = VECTOR('',#7834,1.);
#7834 = DIRECTION('',(0.,0.,-1.));
#7835 = ORIENTED_EDGE('',*,*,#7836,.F.);
#7836 = EDGE_CURVE('',#7837,#7829,#7839,.T.);
#7837 = VERTEX_POINT('',#7838);
#7838 = CARTESIAN_POINT('',(3.185,2.,3.3));
#7839 = LINE('',#7840,#7841);
#7840 = CARTESIAN_POINT('',(3.185,2.,3.3));
#7841 = VECTOR('',#7842,1.);
#7842 = DIRECTION('',(-0.,-1.,-0.));
#7843 = ORIENTED_EDGE('',*,*,#7844,.F.);
#7844 = EDGE_CURVE('',#7799,#7837,#7845,.T.);
#7845 = LINE('',#7846,#7847);
#7846 = CARTESIAN_POINT('',(3.185,2.,4.05));
#7847 = VECTOR('',#7848,1.);
#7848 = DIRECTION('',(0.,0.,-1.));
#7849 = ORIENTED_EDGE('',*,*,#7798,.T.);
#7850 = PLANE('',#7851);
#7851 = AXIS2_PLACEMENT_3D('',#7852,#7853,#7854);
#7852 = CARTESIAN_POINT('',(3.185,2.,4.05));
#7853 = DIRECTION('',(-1.,0.,0.));
#7854 = DIRECTION('',(0.,0.,1.));
#7855 = ADVANCED_FACE('',(#7856),#7881,.F.);
#7856 = FACE_BOUND('',#7857,.T.);
#7857 = EDGE_LOOP('',(#7858,#7866,#7874,#7880));
#7858 = ORIENTED_EDGE('',*,*,#7859,.T.);
#7859 = EDGE_CURVE('',#7829,#7860,#7862,.T.);
#7860 = VERTEX_POINT('',#7861);
#7861 = CARTESIAN_POINT('',(2.885,1.2,3.3));
#7862 = LINE('',#7863,#7864);
#7863 = CARTESIAN_POINT('',(2.885,1.2,3.3));
#7864 = VECTOR('',#7865,1.);
#7865 = DIRECTION('',(-1.,-0.,-0.));
#7866 = ORIENTED_EDGE('',*,*,#7867,.F.);
#7867 = EDGE_CURVE('',#7868,#7860,#7870,.T.);
#7868 = VERTEX_POINT('',#7869);
#7869 = CARTESIAN_POINT('',(2.885,2.,3.3));
#7870 = LINE('',#7871,#7872);
#7871 = CARTESIAN_POINT('',(2.885,2.,3.3));
#7872 = VECTOR('',#7873,1.);
#7873 = DIRECTION('',(-0.,-1.,-0.));
#7874 = ORIENTED_EDGE('',*,*,#7875,.F.);
#7875 = EDGE_CURVE('',#7837,#7868,#7876,.T.);
#7876 = LINE('',#7877,#7878);
#7877 = CARTESIAN_POINT('',(2.885,2.,3.3));
#7878 = VECTOR('',#7879,1.);
#7879 = DIRECTION('',(-1.,-0.,-0.));
#7880 = ORIENTED_EDGE('',*,*,#7836,.T.);
#7881 = PLANE('',#7882);
#7882 = AXIS2_PLACEMENT_3D('',#7883,#7884,#7885);
#7883 = CARTESIAN_POINT('',(2.885,2.,3.3));
#7884 = DIRECTION('',(0.,0.,1.));
#7885 = DIRECTION('',(1.,0.,-0.));
#7886 = ADVANCED_FACE('',(#7887),#7903,.F.);
#7887 = FACE_BOUND('',#7888,.T.);
#7888 = EDGE_LOOP('',(#7889,#7895,#7896,#7902));
#7889 = ORIENTED_EDGE('',*,*,#7890,.T.);
#7890 = EDGE_CURVE('',#7860,#7789,#7891,.T.);
#7891 = LINE('',#7892,#7893);
#7892 = CARTESIAN_POINT('',(2.885,1.2,4.05));
#7893 = VECTOR('',#7894,1.);
#7894 = DIRECTION('',(-0.,-0.,1.));
#7895 = ORIENTED_EDGE('',*,*,#7814,.F.);
#7896 = ORIENTED_EDGE('',*,*,#7897,.F.);
#7897 = EDGE_CURVE('',#7868,#7807,#7898,.T.);
#7898 = LINE('',#7899,#7900);
#7899 = CARTESIAN_POINT('',(2.885,2.,4.05));
#7900 = VECTOR('',#7901,1.);
#7901 = DIRECTION('',(-0.,-0.,1.));
#7902 = ORIENTED_EDGE('',*,*,#7867,.T.);
#7903 = PLANE('',#7904);
#7904 = AXIS2_PLACEMENT_3D('',#7905,#7906,#7907);
#7905 = CARTESIAN_POINT('',(2.885,2.,4.05));
#7906 = DIRECTION('',(1.,-0.,0.));
#7907 = DIRECTION('',(0.,0.,-1.));
#7908 = ADVANCED_FACE('',(#7909),#7915,.T.);
#7909 = FACE_BOUND('',#7910,.T.);
#7910 = EDGE_LOOP('',(#7911,#7912,#7913,#7914));
#7911 = ORIENTED_EDGE('',*,*,#7806,.T.);
#7912 = ORIENTED_EDGE('',*,*,#7844,.T.);
#7913 = ORIENTED_EDGE('',*,*,#7875,.T.);
#7914 = ORIENTED_EDGE('',*,*,#7897,.T.);
#7915 = PLANE('',#7916);
#7916 = AXIS2_PLACEMENT_3D('',#7917,#7918,#7919);
#7917 = CARTESIAN_POINT('',(0.,2.,0.));
#7918 = DIRECTION('',(-0.,1.,0.));
#7919 = DIRECTION('',(0.,0.,1.));
#7920 = ADVANCED_FACE('',(#7921),#7927,.F.);
#7921 = FACE_BOUND('',#7922,.T.);
#7922 = EDGE_LOOP('',(#7923,#7924,#7925,#7926));
#7923 = ORIENTED_EDGE('',*,*,#7788,.F.);
#7924 = ORIENTED_EDGE('',*,*,#7890,.F.);
#7925 = ORIENTED_EDGE('',*,*,#7859,.F.);
#7926 = ORIENTED_EDGE('',*,*,#7828,.F.);
#7927 = PLANE('',#7928);
#7928 = AXIS2_PLACEMENT_3D('',#7929,#7930,#7931);
#7929 = CARTESIAN_POINT('',(0.,1.2,0.));
#7930 = DIRECTION('',(-0.,1.,0.));
#7931 = DIRECTION('',(0.,0.,1.));
#7932 = MANIFOLD_SOLID_BREP('',#7933);
#7933 = CLOSED_SHELL('',(#7934,#7974,#8005,#8036,#8058,#8070));
#7934 = ADVANCED_FACE('',(#7935),#7969,.F.);
#7935 = FACE_BOUND('',#7936,.T.);
#7936 = EDGE_LOOP('',(#7937,#7947,#7955,#7963));
#7937 = ORIENTED_EDGE('',*,*,#7938,.T.);
#7938 = EDGE_CURVE('',#7939,#7941,#7943,.T.);
#7939 = VERTEX_POINT('',#7940);
#7940 = CARTESIAN_POINT('',(1.735,1.2,4.05));
#7941 = VERTEX_POINT('',#7942);
#7942 = CARTESIAN_POINT('',(2.035,1.2,4.05));
#7943 = LINE('',#7944,#7945);
#7944 = CARTESIAN_POINT('',(1.735,1.2,4.05));
#7945 = VECTOR('',#7946,1.);
#7946 = DIRECTION('',(1.,0.,0.));
#7947 = ORIENTED_EDGE('',*,*,#7948,.F.);
#7948 = EDGE_CURVE('',#7949,#7941,#7951,.T.);
#7949 = VERTEX_POINT('',#7950);
#7950 = CARTESIAN_POINT('',(2.035,2.,4.05));
#7951 = LINE('',#7952,#7953);
#7952 = CARTESIAN_POINT('',(2.035,2.,4.05));
#7953 = VECTOR('',#7954,1.);
#7954 = DIRECTION('',(-0.,-1.,-0.));
#7955 = ORIENTED_EDGE('',*,*,#7956,.F.);
#7956 = EDGE_CURVE('',#7957,#7949,#7959,.T.);
#7957 = VERTEX_POINT('',#7958);
#7958 = CARTESIAN_POINT('',(1.735,2.,4.05));
#7959 = LINE('',#7960,#7961);
#7960 = CARTESIAN_POINT('',(1.735,2.,4.05));
#7961 = VECTOR('',#7962,1.);
#7962 = DIRECTION('',(1.,0.,0.));
#7963 = ORIENTED_EDGE('',*,*,#7964,.T.);
#7964 = EDGE_CURVE('',#7957,#7939,#7965,.T.);
#7965 = LINE('',#7966,#7967);
#7966 = CARTESIAN_POINT('',(1.735,2.,4.05));
#7967 = VECTOR('',#7968,1.);
#7968 = DIRECTION('',(-0.,-1.,-0.));
#7969 = PLANE('',#7970);
#7970 = AXIS2_PLACEMENT_3D('',#7971,#7972,#7973);
#7971 = CARTESIAN_POINT('',(1.735,2.,4.05));
#7972 = DIRECTION('',(0.,0.,-1.));
#7973 = DIRECTION('',(-1.,0.,-0.));
#7974 = ADVANCED_FACE('',(#7975),#8000,.F.);
#7975 = FACE_BOUND('',#7976,.T.);
#7976 = EDGE_LOOP('',(#7977,#7985,#7993,#7999));
#7977 = ORIENTED_EDGE('',*,*,#7978,.T.);
#7978 = EDGE_CURVE('',#7941,#7979,#7981,.T.);
#7979 = VERTEX_POINT('',#7980);
#7980 = CARTESIAN_POINT('',(2.035,1.2,3.3));
#7981 = LINE('',#7982,#7983);
#7982 = CARTESIAN_POINT('',(2.035,1.2,4.05));
#7983 = VECTOR('',#7984,1.);
#7984 = DIRECTION('',(1.156482317318E-15,0.,-1.));
#7985 = ORIENTED_EDGE('',*,*,#7986,.F.);
#7986 = EDGE_CURVE('',#7987,#7979,#7989,.T.);
#7987 = VERTEX_POINT('',#7988);
#7988 = CARTESIAN_POINT('',(2.035,2.,3.3));
#7989 = LINE('',#7990,#7991);
#7990 = CARTESIAN_POINT('',(2.035,2.,3.3));
#7991 = VECTOR('',#7992,1.);
#7992 = DIRECTION('',(-0.,-1.,-0.));
#7993 = ORIENTED_EDGE('',*,*,#7994,.F.);
#7994 = EDGE_CURVE('',#7949,#7987,#7995,.T.);
#7995 = LINE('',#7996,#7997);
#7996 = CARTESIAN_POINT('',(2.035,2.,4.05));
#7997 = VECTOR('',#7998,1.);
#7998 = DIRECTION('',(1.156482317318E-15,0.,-1.));
#7999 = ORIENTED_EDGE('',*,*,#7948,.T.);
#8000 = PLANE('',#8001);
#8001 = AXIS2_PLACEMENT_3D('',#8002,#8003,#8004);
#8002 = CARTESIAN_POINT('',(2.035,2.,4.05));
#8003 = DIRECTION('',(-1.,0.,-1.156482317318E-15));
#8004 = DIRECTION('',(-1.156482317318E-15,0.,1.));
#8005 = ADVANCED_FACE('',(#8006),#8031,.F.);
#8006 = FACE_BOUND('',#8007,.T.);
#8007 = EDGE_LOOP('',(#8008,#8016,#8024,#8030));
#8008 = ORIENTED_EDGE('',*,*,#8009,.T.);
#8009 = EDGE_CURVE('',#7979,#8010,#8012,.T.);
#8010 = VERTEX_POINT('',#8011);
#8011 = CARTESIAN_POINT('',(1.735,1.2,3.3));
#8012 = LINE('',#8013,#8014);
#8013 = CARTESIAN_POINT('',(1.735,1.2,3.3));
#8014 = VECTOR('',#8015,1.);
#8015 = DIRECTION('',(-1.,-0.,-0.));
#8016 = ORIENTED_EDGE('',*,*,#8017,.F.);
#8017 = EDGE_CURVE('',#8018,#8010,#8020,.T.);
#8018 = VERTEX_POINT('',#8019);
#8019 = CARTESIAN_POINT('',(1.735,2.,3.3));
#8020 = LINE('',#8021,#8022);
#8021 = CARTESIAN_POINT('',(1.735,2.,3.3));
#8022 = VECTOR('',#8023,1.);
#8023 = DIRECTION('',(-0.,-1.,-0.));
#8024 = ORIENTED_EDGE('',*,*,#8025,.F.);
#8025 = EDGE_CURVE('',#7987,#8018,#8026,.T.);
#8026 = LINE('',#8027,#8028);
#8027 = CARTESIAN_POINT('',(1.735,2.,3.3));
#8028 = VECTOR('',#8029,1.);
#8029 = DIRECTION('',(-1.,-0.,-0.));
#8030 = ORIENTED_EDGE('',*,*,#7986,.T.);
#8031 = PLANE('',#8032);
#8032 = AXIS2_PLACEMENT_3D('',#8033,#8034,#8035);
#8033 = CARTESIAN_POINT('',(1.735,2.,3.3));
#8034 = DIRECTION('',(0.,0.,1.));
#8035 = DIRECTION('',(1.,0.,-0.));
#8036 = ADVANCED_FACE('',(#8037),#8053,.F.);
#8037 = FACE_BOUND('',#8038,.T.);
#8038 = EDGE_LOOP('',(#8039,#8045,#8046,#8052));
#8039 = ORIENTED_EDGE('',*,*,#8040,.T.);
#8040 = EDGE_CURVE('',#8010,#7939,#8041,.T.);
#8041 = LINE('',#8042,#8043);
#8042 = CARTESIAN_POINT('',(1.735,1.2,4.05));
#8043 = VECTOR('',#8044,1.);
#8044 = DIRECTION('',(1.156482317318E-15,-0.,1.));
#8045 = ORIENTED_EDGE('',*,*,#7964,.F.);
#8046 = ORIENTED_EDGE('',*,*,#8047,.F.);
#8047 = EDGE_CURVE('',#8018,#7957,#8048,.T.);
#8048 = LINE('',#8049,#8050);
#8049 = CARTESIAN_POINT('',(1.735,2.,4.05));
#8050 = VECTOR('',#8051,1.);
#8051 = DIRECTION('',(1.156482317318E-15,-0.,1.));
#8052 = ORIENTED_EDGE('',*,*,#8017,.T.);
#8053 = PLANE('',#8054);
#8054 = AXIS2_PLACEMENT_3D('',#8055,#8056,#8057);
#8055 = CARTESIAN_POINT('',(1.735,2.,4.05));
#8056 = DIRECTION('',(1.,0.,-1.156482317318E-15));
#8057 = DIRECTION('',(-1.156482317318E-15,0.,-1.));
#8058 = ADVANCED_FACE('',(#8059),#8065,.T.);
#8059 = FACE_BOUND('',#8060,.T.);
#8060 = EDGE_LOOP('',(#8061,#8062,#8063,#8064));
#8061 = ORIENTED_EDGE('',*,*,#7956,.T.);
#8062 = ORIENTED_EDGE('',*,*,#7994,.T.);
#8063 = ORIENTED_EDGE('',*,*,#8025,.T.);
#8064 = ORIENTED_EDGE('',*,*,#8047,.T.);
#8065 = PLANE('',#8066);
#8066 = AXIS2_PLACEMENT_3D('',#8067,#8068,#8069);
#8067 = CARTESIAN_POINT('',(0.,2.,0.));
#8068 = DIRECTION('',(-0.,1.,0.));
#8069 = DIRECTION('',(0.,0.,1.));
#8070 = ADVANCED_FACE('',(#8071),#8077,.F.);
#8071 = FACE_BOUND('',#8072,.T.);
#8072 = EDGE_LOOP('',(#8073,#8074,#8075,#8076));
#8073 = ORIENTED_EDGE('',*,*,#7938,.F.);
#8074 = ORIENTED_EDGE('',*,*,#8040,.F.);
#8075 = ORIENTED_EDGE('',*,*,#8009,.F.);
#8076 = ORIENTED_EDGE('',*,*,#7978,.F.);
#8077 = PLANE('',#8078);
#8078 = AXIS2_PLACEMENT_3D('',#8079,#8080,#8081);
#8079 = CARTESIAN_POINT('',(0.,1.2,0.));
#8080 = DIRECTION('',(-0.,1.,0.));
#8081 = DIRECTION('',(0.,0.,1.));
#8082 = MANIFOLD_SOLID_BREP('',#8083);
#8083 = CLOSED_SHELL('',(#8084,#8124,#8155,#8186,#8208,#8220));
#8084 = ADVANCED_FACE('',(#8085),#8119,.F.);
#8085 = FACE_BOUND('',#8086,.T.);
#8086 = EDGE_LOOP('',(#8087,#8097,#8105,#8113));
#8087 = ORIENTED_EDGE('',*,*,#8088,.T.);
#8088 = EDGE_CURVE('',#8089,#8091,#8093,.T.);
#8089 = VERTEX_POINT('',#8090);
#8090 = CARTESIAN_POINT('',(-0.815,1.2,4.05));
#8091 = VERTEX_POINT('',#8092);
#8092 = CARTESIAN_POINT('',(-0.515,1.2,4.05));
#8093 = LINE('',#8094,#8095);
#8094 = CARTESIAN_POINT('',(-0.815,1.2,4.05));
#8095 = VECTOR('',#8096,1.);
#8096 = DIRECTION('',(1.,0.,0.));
#8097 = ORIENTED_EDGE('',*,*,#8098,.F.);
#8098 = EDGE_CURVE('',#8099,#8091,#8101,.T.);
#8099 = VERTEX_POINT('',#8100);
#8100 = CARTESIAN_POINT('',(-0.515,2.,4.05));
#8101 = LINE('',#8102,#8103);
#8102 = CARTESIAN_POINT('',(-0.515,2.,4.05));
#8103 = VECTOR('',#8104,1.);
#8104 = DIRECTION('',(-0.,-1.,-0.));
#8105 = ORIENTED_EDGE('',*,*,#8106,.F.);
#8106 = EDGE_CURVE('',#8107,#8099,#8109,.T.);
#8107 = VERTEX_POINT('',#8108);
#8108 = CARTESIAN_POINT('',(-0.815,2.,4.05));
#8109 = LINE('',#8110,#8111);
#8110 = CARTESIAN_POINT('',(-0.815,2.,4.05));
#8111 = VECTOR('',#8112,1.);
#8112 = DIRECTION('',(1.,0.,0.));
#8113 = ORIENTED_EDGE('',*,*,#8114,.T.);
#8114 = EDGE_CURVE('',#8107,#8089,#8115,.T.);
#8115 = LINE('',#8116,#8117);
#8116 = CARTESIAN_POINT('',(-0.815,2.,4.05));
#8117 = VECTOR('',#8118,1.);
#8118 = DIRECTION('',(-0.,-1.,-0.));
#8119 = PLANE('',#8120);
#8120 = AXIS2_PLACEMENT_3D('',#8121,#8122,#8123);
#8121 = CARTESIAN_POINT('',(-0.815,2.,4.05));
#8122 = DIRECTION('',(0.,0.,-1.));
#8123 = DIRECTION('',(-1.,0.,-0.));
#8124 = ADVANCED_FACE('',(#8125),#8150,.F.);
#8125 = FACE_BOUND('',#8126,.T.);
#8126 = EDGE_LOOP('',(#8127,#8135,#8143,#8149));
#8127 = ORIENTED_EDGE('',*,*,#8128,.T.);
#8128 = EDGE_CURVE('',#8091,#8129,#8131,.T.);
#8129 = VERTEX_POINT('',#8130);
#8130 = CARTESIAN_POINT('',(-0.515,1.2,3.3));
#8131 = LINE('',#8132,#8133);
#8132 = CARTESIAN_POINT('',(-0.515,1.2,4.05));
#8133 = VECTOR('',#8134,1.);
#8134 = DIRECTION('',(0.,0.,-1.));
#8135 = ORIENTED_EDGE('',*,*,#8136,.F.);
#8136 = EDGE_CURVE('',#8137,#8129,#8139,.T.);
#8137 = VERTEX_POINT('',#8138);
#8138 = CARTESIAN_POINT('',(-0.515,2.,3.3));
#8139 = LINE('',#8140,#8141);
#8140 = CARTESIAN_POINT('',(-0.515,2.,3.3));
#8141 = VECTOR('',#8142,1.);
#8142 = DIRECTION('',(-0.,-1.,-0.));
#8143 = ORIENTED_EDGE('',*,*,#8144,.F.);
#8144 = EDGE_CURVE('',#8099,#8137,#8145,.T.);
#8145 = LINE('',#8146,#8147);
#8146 = CARTESIAN_POINT('',(-0.515,2.,4.05));
#8147 = VECTOR('',#8148,1.);
#8148 = DIRECTION('',(0.,0.,-1.));
#8149 = ORIENTED_EDGE('',*,*,#8098,.T.);
#8150 = PLANE('',#8151);
#8151 = AXIS2_PLACEMENT_3D('',#8152,#8153,#8154);
#8152 = CARTESIAN_POINT('',(-0.515,2.,4.05));
#8153 = DIRECTION('',(-1.,0.,0.));
#8154 = DIRECTION('',(0.,0.,1.));
#8155 = ADVANCED_FACE('',(#8156),#8181,.F.);
#8156 = FACE_BOUND('',#8157,.T.);
#8157 = EDGE_LOOP('',(#8158,#8166,#8174,#8180));
#8158 = ORIENTED_EDGE('',*,*,#8159,.T.);
#8159 = EDGE_CURVE('',#8129,#8160,#8162,.T.);
#8160 = VERTEX_POINT('',#8161);
#8161 = CARTESIAN_POINT('',(-0.815,1.2,3.3));
#8162 = LINE('',#8163,#8164);
#8163 = CARTESIAN_POINT('',(-0.815,1.2,3.3));
#8164 = VECTOR('',#8165,1.);
#8165 = DIRECTION('',(-1.,-0.,-0.));
#8166 = ORIENTED_EDGE('',*,*,#8167,.F.);
#8167 = EDGE_CURVE('',#8168,#8160,#8170,.T.);
#8168 = VERTEX_POINT('',#8169);
#8169 = CARTESIAN_POINT('',(-0.815,2.,3.3));
#8170 = LINE('',#8171,#8172);
#8171 = CARTESIAN_POINT('',(-0.815,2.,3.3));
#8172 = VECTOR('',#8173,1.);
#8173 = DIRECTION('',(-0.,-1.,-0.));
#8174 = ORIENTED_EDGE('',*,*,#8175,.F.);
#8175 = EDGE_CURVE('',#8137,#8168,#8176,.T.);
#8176 = LINE('',#8177,#8178);
#8177 = CARTESIAN_POINT('',(-0.815,2.,3.3));
#8178 = VECTOR('',#8179,1.);
#8179 = DIRECTION('',(-1.,-0.,-0.));
#8180 = ORIENTED_EDGE('',*,*,#8136,.T.);
#8181 = PLANE('',#8182);
#8182 = AXIS2_PLACEMENT_3D('',#8183,#8184,#8185);
#8183 = CARTESIAN_POINT('',(-0.815,2.,3.3));
#8184 = DIRECTION('',(0.,0.,1.));
#8185 = DIRECTION('',(1.,0.,-0.));
#8186 = ADVANCED_FACE('',(#8187),#8203,.F.);
#8187 = FACE_BOUND('',#8188,.T.);
#8188 = EDGE_LOOP('',(#8189,#8195,#8196,#8202));
#8189 = ORIENTED_EDGE('',*,*,#8190,.T.);
#8190 = EDGE_CURVE('',#8160,#8089,#8191,.T.);
#8191 = LINE('',#8192,#8193);
#8192 = CARTESIAN_POINT('',(-0.815,1.2,4.05));
#8193 = VECTOR('',#8194,1.);
#8194 = DIRECTION('',(2.891205793295E-16,-0.,1.));
#8195 = ORIENTED_EDGE('',*,*,#8114,.F.);
#8196 = ORIENTED_EDGE('',*,*,#8197,.F.);
#8197 = EDGE_CURVE('',#8168,#8107,#8198,.T.);
#8198 = LINE('',#8199,#8200);
#8199 = CARTESIAN_POINT('',(-0.815,2.,4.05));
#8200 = VECTOR('',#8201,1.);
#8201 = DIRECTION('',(2.891205793295E-16,-0.,1.));
#8202 = ORIENTED_EDGE('',*,*,#8167,.T.);
#8203 = PLANE('',#8204);
#8204 = AXIS2_PLACEMENT_3D('',#8205,#8206,#8207);
#8205 = CARTESIAN_POINT('',(-0.815,2.,4.05));
#8206 = DIRECTION('',(1.,0.,-2.891205793295E-16));
#8207 = DIRECTION('',(-2.891205793295E-16,0.,-1.));
#8208 = ADVANCED_FACE('',(#8209),#8215,.T.);
#8209 = FACE_BOUND('',#8210,.T.);
#8210 = EDGE_LOOP('',(#8211,#8212,#8213,#8214));
#8211 = ORIENTED_EDGE('',*,*,#8106,.T.);
#8212 = ORIENTED_EDGE('',*,*,#8144,.T.);
#8213 = ORIENTED_EDGE('',*,*,#8175,.T.);
#8214 = ORIENTED_EDGE('',*,*,#8197,.T.);
#8215 = PLANE('',#8216);
#8216 = AXIS2_PLACEMENT_3D('',#8217,#8218,#8219);
#8217 = CARTESIAN_POINT('',(0.,2.,0.));
#8218 = DIRECTION('',(-0.,1.,0.));
#8219 = DIRECTION('',(0.,0.,1.));
#8220 = ADVANCED_FACE('',(#8221),#8227,.F.);
#8221 = FACE_BOUND('',#8222,.T.);
#8222 = EDGE_LOOP('',(#8223,#8224,#8225,#8226));
#8223 = ORIENTED_EDGE('',*,*,#8088,.F.);
#8224 = ORIENTED_EDGE('',*,*,#8190,.F.);
#8225 = ORIENTED_EDGE('',*,*,#8159,.F.);
#8226 = ORIENTED_EDGE('',*,*,#8128,.F.);
#8227 = PLANE('',#8228);
#8228 = AXIS2_PLACEMENT_3D('',#8229,#8230,#8231);
#8229 = CARTESIAN_POINT('',(0.,1.2,0.));
#8230 = DIRECTION('',(-0.,1.,0.));
#8231 = DIRECTION('',(0.,0.,1.));
#8232 = MANIFOLD_SOLID_BREP('',#8233);
#8233 = CLOSED_SHELL('',(#8234,#8274,#8305,#8336,#8358,#8370));
#8234 = ADVANCED_FACE('',(#8235),#8269,.F.);
#8235 = FACE_BOUND('',#8236,.T.);
#8236 = EDGE_LOOP('',(#8237,#8247,#8255,#8263));
#8237 = ORIENTED_EDGE('',*,*,#8238,.T.);
#8238 = EDGE_CURVE('',#8239,#8241,#8243,.T.);
#8239 = VERTEX_POINT('',#8240);
#8240 = CARTESIAN_POINT('',(-1.965,1.2,4.05));
#8241 = VERTEX_POINT('',#8242);
#8242 = CARTESIAN_POINT('',(-1.665,1.2,4.05));
#8243 = LINE('',#8244,#8245);
#8244 = CARTESIAN_POINT('',(-1.965,1.2,4.05));
#8245 = VECTOR('',#8246,1.);
#8246 = DIRECTION('',(1.,0.,0.));
#8247 = ORIENTED_EDGE('',*,*,#8248,.F.);
#8248 = EDGE_CURVE('',#8249,#8241,#8251,.T.);
#8249 = VERTEX_POINT('',#8250);
#8250 = CARTESIAN_POINT('',(-1.665,2.,4.05));
#8251 = LINE('',#8252,#8253);
#8252 = CARTESIAN_POINT('',(-1.665,2.,4.05));
#8253 = VECTOR('',#8254,1.);
#8254 = DIRECTION('',(-0.,-1.,-0.));
#8255 = ORIENTED_EDGE('',*,*,#8256,.F.);
#8256 = EDGE_CURVE('',#8257,#8249,#8259,.T.);
#8257 = VERTEX_POINT('',#8258);
#8258 = CARTESIAN_POINT('',(-1.965,2.,4.05));
#8259 = LINE('',#8260,#8261);
#8260 = CARTESIAN_POINT('',(-1.965,2.,4.05));
#8261 = VECTOR('',#8262,1.);
#8262 = DIRECTION('',(1.,0.,0.));
#8263 = ORIENTED_EDGE('',*,*,#8264,.T.);
#8264 = EDGE_CURVE('',#8257,#8239,#8265,.T.);
#8265 = LINE('',#8266,#8267);
#8266 = CARTESIAN_POINT('',(-1.965,2.,4.05));
#8267 = VECTOR('',#8268,1.);
#8268 = DIRECTION('',(-0.,-1.,-0.));
#8269 = PLANE('',#8270);
#8270 = AXIS2_PLACEMENT_3D('',#8271,#8272,#8273);
#8271 = CARTESIAN_POINT('',(-1.965,2.,4.05));
#8272 = DIRECTION('',(0.,0.,-1.));
#8273 = DIRECTION('',(-1.,0.,-0.));
#8274 = ADVANCED_FACE('',(#8275),#8300,.F.);
#8275 = FACE_BOUND('',#8276,.T.);
#8276 = EDGE_LOOP('',(#8277,#8285,#8293,#8299));
#8277 = ORIENTED_EDGE('',*,*,#8278,.T.);
#8278 = EDGE_CURVE('',#8241,#8279,#8281,.T.);
#8279 = VERTEX_POINT('',#8280);
#8280 = CARTESIAN_POINT('',(-1.665,1.2,3.3));
#8281 = LINE('',#8282,#8283);
#8282 = CARTESIAN_POINT('',(-1.665,1.2,4.05));
#8283 = VECTOR('',#8284,1.);
#8284 = DIRECTION('',(8.673617379884E-16,0.,-1.));
#8285 = ORIENTED_EDGE('',*,*,#8286,.F.);
#8286 = EDGE_CURVE('',#8287,#8279,#8289,.T.);
#8287 = VERTEX_POINT('',#8288);
#8288 = CARTESIAN_POINT('',(-1.665,2.,3.3));
#8289 = LINE('',#8290,#8291);
#8290 = CARTESIAN_POINT('',(-1.665,2.,3.3));
#8291 = VECTOR('',#8292,1.);
#8292 = DIRECTION('',(-0.,-1.,-0.));
#8293 = ORIENTED_EDGE('',*,*,#8294,.F.);
#8294 = EDGE_CURVE('',#8249,#8287,#8295,.T.);
#8295 = LINE('',#8296,#8297);
#8296 = CARTESIAN_POINT('',(-1.665,2.,4.05));
#8297 = VECTOR('',#8298,1.);
#8298 = DIRECTION('',(8.673617379884E-16,0.,-1.));
#8299 = ORIENTED_EDGE('',*,*,#8248,.T.);
#8300 = PLANE('',#8301);
#8301 = AXIS2_PLACEMENT_3D('',#8302,#8303,#8304);
#8302 = CARTESIAN_POINT('',(-1.665,2.,4.05));
#8303 = DIRECTION('',(-1.,0.,-8.673617379884E-16));
#8304 = DIRECTION('',(-8.673617379884E-16,0.,1.));
#8305 = ADVANCED_FACE('',(#8306),#8331,.F.);
#8306 = FACE_BOUND('',#8307,.T.);
#8307 = EDGE_LOOP('',(#8308,#8316,#8324,#8330));
#8308 = ORIENTED_EDGE('',*,*,#8309,.T.);
#8309 = EDGE_CURVE('',#8279,#8310,#8312,.T.);
#8310 = VERTEX_POINT('',#8311);
#8311 = CARTESIAN_POINT('',(-1.965,1.2,3.3));
#8312 = LINE('',#8313,#8314);
#8313 = CARTESIAN_POINT('',(-1.965,1.2,3.3));
#8314 = VECTOR('',#8315,1.);
#8315 = DIRECTION('',(-1.,-0.,-0.));
#8316 = ORIENTED_EDGE('',*,*,#8317,.F.);
#8317 = EDGE_CURVE('',#8318,#8310,#8320,.T.);
#8318 = VERTEX_POINT('',#8319);
#8319 = CARTESIAN_POINT('',(-1.965,2.,3.3));
#8320 = LINE('',#8321,#8322);
#8321 = CARTESIAN_POINT('',(-1.965,2.,3.3));
#8322 = VECTOR('',#8323,1.);
#8323 = DIRECTION('',(-0.,-1.,-0.));
#8324 = ORIENTED_EDGE('',*,*,#8325,.F.);
#8325 = EDGE_CURVE('',#8287,#8318,#8326,.T.);
#8326 = LINE('',#8327,#8328);
#8327 = CARTESIAN_POINT('',(-1.965,2.,3.3));
#8328 = VECTOR('',#8329,1.);
#8329 = DIRECTION('',(-1.,-0.,-0.));
#8330 = ORIENTED_EDGE('',*,*,#8286,.T.);
#8331 = PLANE('',#8332);
#8332 = AXIS2_PLACEMENT_3D('',#8333,#8334,#8335);
#8333 = CARTESIAN_POINT('',(-1.965,2.,3.3));
#8334 = DIRECTION('',(0.,0.,1.));
#8335 = DIRECTION('',(1.,0.,-0.));
#8336 = ADVANCED_FACE('',(#8337),#8353,.F.);
#8337 = FACE_BOUND('',#8338,.T.);
#8338 = EDGE_LOOP('',(#8339,#8345,#8346,#8352));
#8339 = ORIENTED_EDGE('',*,*,#8340,.T.);
#8340 = EDGE_CURVE('',#8310,#8239,#8341,.T.);
#8341 = LINE('',#8342,#8343);
#8342 = CARTESIAN_POINT('',(-1.965,1.2,4.05));
#8343 = VECTOR('',#8344,1.);
#8344 = DIRECTION('',(1.156482317318E-15,-0.,1.));
#8345 = ORIENTED_EDGE('',*,*,#8264,.F.);
#8346 = ORIENTED_EDGE('',*,*,#8347,.F.);
#8347 = EDGE_CURVE('',#8318,#8257,#8348,.T.);
#8348 = LINE('',#8349,#8350);
#8349 = CARTESIAN_POINT('',(-1.965,2.,4.05));
#8350 = VECTOR('',#8351,1.);
#8351 = DIRECTION('',(1.156482317318E-15,-0.,1.));
#8352 = ORIENTED_EDGE('',*,*,#8317,.T.);
#8353 = PLANE('',#8354);
#8354 = AXIS2_PLACEMENT_3D('',#8355,#8356,#8357);
#8355 = CARTESIAN_POINT('',(-1.965,2.,4.05));
#8356 = DIRECTION('',(1.,0.,-1.156482317318E-15));
#8357 = DIRECTION('',(-1.156482317318E-15,0.,-1.));
#8358 = ADVANCED_FACE('',(#8359),#8365,.T.);
#8359 = FACE_BOUND('',#8360,.T.);
#8360 = EDGE_LOOP('',(#8361,#8362,#8363,#8364));
#8361 = ORIENTED_EDGE('',*,*,#8256,.T.);
#8362 = ORIENTED_EDGE('',*,*,#8294,.T.);
#8363 = ORIENTED_EDGE('',*,*,#8325,.T.);
#8364 = ORIENTED_EDGE('',*,*,#8347,.T.);
#8365 = PLANE('',#8366);
#8366 = AXIS2_PLACEMENT_3D('',#8367,#8368,#8369);
#8367 = CARTESIAN_POINT('',(0.,2.,0.));
#8368 = DIRECTION('',(-0.,1.,0.));
#8369 = DIRECTION('',(0.,0.,1.));
#8370 = ADVANCED_FACE('',(#8371),#8377,.F.);
#8371 = FACE_BOUND('',#8372,.T.);
#8372 = EDGE_LOOP('',(#8373,#8374,#8375,#8376));
#8373 = ORIENTED_EDGE('',*,*,#8238,.F.);
#8374 = ORIENTED_EDGE('',*,*,#8340,.F.);
#8375 = ORIENTED_EDGE('',*,*,#8309,.F.);
#8376 = ORIENTED_EDGE('',*,*,#8278,.F.);
#8377 = PLANE('',#8378);
#8378 = AXIS2_PLACEMENT_3D('',#8379,#8380,#8381);
#8379 = CARTESIAN_POINT('',(0.,1.2,0.));
#8380 = DIRECTION('',(-0.,1.,0.));
#8381 = DIRECTION('',(0.,0.,1.));
#8382 = MANIFOLD_SOLID_BREP('',#8383);
#8383 = CLOSED_SHELL('',(#8384,#8424,#8455,#8486,#8508,#8520));
#8384 = ADVANCED_FACE('',(#8385),#8419,.T.);
#8385 = FACE_BOUND('',#8386,.T.);
#8386 = EDGE_LOOP('',(#8387,#8397,#8405,#8413));
#8387 = ORIENTED_EDGE('',*,*,#8388,.F.);
#8388 = EDGE_CURVE('',#8389,#8391,#8393,.T.);
#8389 = VERTEX_POINT('',#8390);
#8390 = CARTESIAN_POINT('',(2.195,1.2,-8.15));
#8391 = VERTEX_POINT('',#8392);
#8392 = CARTESIAN_POINT('',(2.195,1.2,-9.));
#8393 = LINE('',#8394,#8395);
#8394 = CARTESIAN_POINT('',(2.195,1.2,-8.15));
#8395 = VECTOR('',#8396,1.);
#8396 = DIRECTION('',(0.,0.,-1.));
#8397 = ORIENTED_EDGE('',*,*,#8398,.F.);
#8398 = EDGE_CURVE('',#8399,#8389,#8401,.T.);
#8399 = VERTEX_POINT('',#8400);
#8400 = CARTESIAN_POINT('',(2.195,2.,-8.15));
#8401 = LINE('',#8402,#8403);
#8402 = CARTESIAN_POINT('',(2.195,2.,-8.15));
#8403 = VECTOR('',#8404,1.);
#8404 = DIRECTION('',(0.,-1.,0.));
#8405 = ORIENTED_EDGE('',*,*,#8406,.T.);
#8406 = EDGE_CURVE('',#8399,#8407,#8409,.T.);
#8407 = VERTEX_POINT('',#8408);
#8408 = CARTESIAN_POINT('',(2.195,2.,-9.));
#8409 = LINE('',#8410,#8411);
#8410 = CARTESIAN_POINT('',(2.195,2.,-8.15));
#8411 = VECTOR('',#8412,1.);
#8412 = DIRECTION('',(0.,0.,-1.));
#8413 = ORIENTED_EDGE('',*,*,#8414,.T.);
#8414 = EDGE_CURVE('',#8407,#8391,#8415,.T.);
#8415 = LINE('',#8416,#8417);
#8416 = CARTESIAN_POINT('',(2.195,2.,-9.));
#8417 = VECTOR('',#8418,1.);
#8418 = DIRECTION('',(0.,-1.,0.));
#8419 = PLANE('',#8420);
#8420 = AXIS2_PLACEMENT_3D('',#8421,#8422,#8423);
#8421 = CARTESIAN_POINT('',(2.195,2.,-8.15));
#8422 = DIRECTION('',(-1.,0.,-0.));
#8423 = DIRECTION('',(0.,0.,1.));
#8424 = ADVANCED_FACE('',(#8425),#8450,.T.);
#8425 = FACE_BOUND('',#8426,.T.);
#8426 = EDGE_LOOP('',(#8427,#8435,#8443,#8449));
#8427 = ORIENTED_EDGE('',*,*,#8428,.F.);
#8428 = EDGE_CURVE('',#8429,#8389,#8431,.T.);
#8429 = VERTEX_POINT('',#8430);
#8430 = CARTESIAN_POINT('',(2.945,1.2,-8.15));
#8431 = LINE('',#8432,#8433);
#8432 = CARTESIAN_POINT('',(2.195,1.2,-8.15));
#8433 = VECTOR('',#8434,1.);
#8434 = DIRECTION('',(-1.,-0.,-0.));
#8435 = ORIENTED_EDGE('',*,*,#8436,.F.);
#8436 = EDGE_CURVE('',#8437,#8429,#8439,.T.);
#8437 = VERTEX_POINT('',#8438);
#8438 = CARTESIAN_POINT('',(2.945,2.,-8.15));
#8439 = LINE('',#8440,#8441);
#8440 = CARTESIAN_POINT('',(2.945,2.,-8.15));
#8441 = VECTOR('',#8442,1.);
#8442 = DIRECTION('',(0.,-1.,0.));
#8443 = ORIENTED_EDGE('',*,*,#8444,.T.);
#8444 = EDGE_CURVE('',#8437,#8399,#8445,.T.);
#8445 = LINE('',#8446,#8447);
#8446 = CARTESIAN_POINT('',(2.195,2.,-8.15));
#8447 = VECTOR('',#8448,1.);
#8448 = DIRECTION('',(-1.,-0.,-0.));
#8449 = ORIENTED_EDGE('',*,*,#8398,.T.);
#8450 = PLANE('',#8451);
#8451 = AXIS2_PLACEMENT_3D('',#8452,#8453,#8454);
#8452 = CARTESIAN_POINT('',(2.195,2.,-8.15));
#8453 = DIRECTION('',(-0.,0.,1.));
#8454 = DIRECTION('',(1.,0.,0.));
#8455 = ADVANCED_FACE('',(#8456),#8481,.T.);
#8456 = FACE_BOUND('',#8457,.T.);
#8457 = EDGE_LOOP('',(#8458,#8466,#8474,#8480));
#8458 = ORIENTED_EDGE('',*,*,#8459,.F.);
#8459 = EDGE_CURVE('',#8460,#8429,#8462,.T.);
#8460 = VERTEX_POINT('',#8461);
#8461 = CARTESIAN_POINT('',(2.945,1.2,-9.));
#8462 = LINE('',#8463,#8464);
#8463 = CARTESIAN_POINT('',(2.945,1.2,-8.15));
#8464 = VECTOR('',#8465,1.);
#8465 = DIRECTION('',(-0.,-0.,1.));
#8466 = ORIENTED_EDGE('',*,*,#8467,.F.);
#8467 = EDGE_CURVE('',#8468,#8460,#8470,.T.);
#8468 = VERTEX_POINT('',#8469);
#8469 = CARTESIAN_POINT('',(2.945,2.,-9.));
#8470 = LINE('',#8471,#8472);
#8471 = CARTESIAN_POINT('',(2.945,2.,-9.));
#8472 = VECTOR('',#8473,1.);
#8473 = DIRECTION('',(0.,-1.,0.));
#8474 = ORIENTED_EDGE('',*,*,#8475,.T.);
#8475 = EDGE_CURVE('',#8468,#8437,#8476,.T.);
#8476 = LINE('',#8477,#8478);
#8477 = CARTESIAN_POINT('',(2.945,2.,-8.15));
#8478 = VECTOR('',#8479,1.);
#8479 = DIRECTION('',(-0.,-0.,1.));
#8480 = ORIENTED_EDGE('',*,*,#8436,.T.);
#8481 = PLANE('',#8482);
#8482 = AXIS2_PLACEMENT_3D('',#8483,#8484,#8485);
#8483 = CARTESIAN_POINT('',(2.945,2.,-8.15));
#8484 = DIRECTION('',(1.,0.,0.));
#8485 = DIRECTION('',(0.,0.,-1.));
#8486 = ADVANCED_FACE('',(#8487),#8503,.T.);
#8487 = FACE_BOUND('',#8488,.T.);
#8488 = EDGE_LOOP('',(#8489,#8495,#8496,#8502));
#8489 = ORIENTED_EDGE('',*,*,#8490,.F.);
#8490 = EDGE_CURVE('',#8391,#8460,#8491,.T.);
#8491 = LINE('',#8492,#8493);
#8492 = CARTESIAN_POINT('',(2.195,1.2,-9.));
#8493 = VECTOR('',#8494,1.);
#8494 = DIRECTION('',(1.,0.,0.));
#8495 = ORIENTED_EDGE('',*,*,#8414,.F.);
#8496 = ORIENTED_EDGE('',*,*,#8497,.T.);
#8497 = EDGE_CURVE('',#8407,#8468,#8498,.T.);
#8498 = LINE('',#8499,#8500);
#8499 = CARTESIAN_POINT('',(2.195,2.,-9.));
#8500 = VECTOR('',#8501,1.);
#8501 = DIRECTION('',(1.,0.,0.));
#8502 = ORIENTED_EDGE('',*,*,#8467,.T.);
#8503 = PLANE('',#8504);
#8504 = AXIS2_PLACEMENT_3D('',#8505,#8506,#8507);
#8505 = CARTESIAN_POINT('',(2.195,2.,-9.));
#8506 = DIRECTION('',(0.,0.,-1.));
#8507 = DIRECTION('',(-1.,0.,-0.));
#8508 = ADVANCED_FACE('',(#8509),#8515,.F.);
#8509 = FACE_BOUND('',#8510,.T.);
#8510 = EDGE_LOOP('',(#8511,#8512,#8513,#8514));
#8511 = ORIENTED_EDGE('',*,*,#8406,.F.);
#8512 = ORIENTED_EDGE('',*,*,#8444,.F.);
#8513 = ORIENTED_EDGE('',*,*,#8475,.F.);
#8514 = ORIENTED_EDGE('',*,*,#8497,.F.);
#8515 = PLANE('',#8516);
#8516 = AXIS2_PLACEMENT_3D('',#8517,#8518,#8519);
#8517 = CARTESIAN_POINT('',(0.,2.,0.));
#8518 = DIRECTION('',(0.,-1.,0.));
#8519 = DIRECTION('',(0.,-0.,-1.));
#8520 = ADVANCED_FACE('',(#8521),#8527,.T.);
#8521 = FACE_BOUND('',#8522,.T.);
#8522 = EDGE_LOOP('',(#8523,#8524,#8525,#8526));
#8523 = ORIENTED_EDGE('',*,*,#8388,.T.);
#8524 = ORIENTED_EDGE('',*,*,#8490,.T.);
#8525 = ORIENTED_EDGE('',*,*,#8459,.T.);
#8526 = ORIENTED_EDGE('',*,*,#8428,.T.);
#8527 = PLANE('',#8528);
#8528 = AXIS2_PLACEMENT_3D('',#8529,#8530,#8531);
#8529 = CARTESIAN_POINT('',(0.,1.2,0.));
#8530 = DIRECTION('',(0.,-1.,0.));
#8531 = DIRECTION('',(0.,-0.,-1.));
#8532 = MANIFOLD_SOLID_BREP('',#8533);
#8533 = CLOSED_SHELL('',(#8534,#8574,#8605,#8636,#8658,#8670));
#8534 = ADVANCED_FACE('',(#8535),#8569,.T.);
#8535 = FACE_BOUND('',#8536,.T.);
#8536 = EDGE_LOOP('',(#8537,#8547,#8555,#8563));
#8537 = ORIENTED_EDGE('',*,*,#8538,.F.);
#8538 = EDGE_CURVE('',#8539,#8541,#8543,.T.);
#8539 = VERTEX_POINT('',#8540);
#8540 = CARTESIAN_POINT('',(-1.665,1.2,-6.9));
#8541 = VERTEX_POINT('',#8542);
#8542 = CARTESIAN_POINT('',(-0.815,1.2,-6.9));
#8543 = LINE('',#8544,#8545);
#8544 = CARTESIAN_POINT('',(-1.665,1.2,-6.9));
#8545 = VECTOR('',#8546,1.);
#8546 = DIRECTION('',(1.,0.,0.));
#8547 = ORIENTED_EDGE('',*,*,#8548,.F.);
#8548 = EDGE_CURVE('',#8549,#8539,#8551,.T.);
#8549 = VERTEX_POINT('',#8550);
#8550 = CARTESIAN_POINT('',(-1.665,2.,-6.9));
#8551 = LINE('',#8552,#8553);
#8552 = CARTESIAN_POINT('',(-1.665,2.,-6.9));
#8553 = VECTOR('',#8554,1.);
#8554 = DIRECTION('',(0.,-1.,0.));
#8555 = ORIENTED_EDGE('',*,*,#8556,.T.);
#8556 = EDGE_CURVE('',#8549,#8557,#8559,.T.);
#8557 = VERTEX_POINT('',#8558);
#8558 = CARTESIAN_POINT('',(-0.815,2.,-6.9));
#8559 = LINE('',#8560,#8561);
#8560 = CARTESIAN_POINT('',(-1.665,2.,-6.9));
#8561 = VECTOR('',#8562,1.);
#8562 = DIRECTION('',(1.,0.,0.));
#8563 = ORIENTED_EDGE('',*,*,#8564,.T.);
#8564 = EDGE_CURVE('',#8557,#8541,#8565,.T.);
#8565 = LINE('',#8566,#8567);
#8566 = CARTESIAN_POINT('',(-0.815,2.,-6.9));
#8567 = VECTOR('',#8568,1.);
#8568 = DIRECTION('',(0.,-1.,0.));
#8569 = PLANE('',#8570);
#8570 = AXIS2_PLACEMENT_3D('',#8571,#8572,#8573);
#8571 = CARTESIAN_POINT('',(-1.665,2.,-6.9));
#8572 = DIRECTION('',(0.,0.,-1.));
#8573 = DIRECTION('',(-1.,0.,-0.));
#8574 = ADVANCED_FACE('',(#8575),#8600,.T.);
#8575 = FACE_BOUND('',#8576,.T.);
#8576 = EDGE_LOOP('',(#8577,#8585,#8593,#8599));
#8577 = ORIENTED_EDGE('',*,*,#8578,.F.);
#8578 = EDGE_CURVE('',#8579,#8539,#8581,.T.);
#8579 = VERTEX_POINT('',#8580);
#8580 = CARTESIAN_POINT('',(-1.665,1.2,-6.15));
#8581 = LINE('',#8582,#8583);
#8582 = CARTESIAN_POINT('',(-1.665,1.2,-6.9));
#8583 = VECTOR('',#8584,1.);
#8584 = DIRECTION('',(-0.,-0.,-1.));
#8585 = ORIENTED_EDGE('',*,*,#8586,.F.);
#8586 = EDGE_CURVE('',#8587,#8579,#8589,.T.);
#8587 = VERTEX_POINT('',#8588);
#8588 = CARTESIAN_POINT('',(-1.665,2.,-6.15));
#8589 = LINE('',#8590,#8591);
#8590 = CARTESIAN_POINT('',(-1.665,2.,-6.15));
#8591 = VECTOR('',#8592,1.);
#8592 = DIRECTION('',(0.,-1.,0.));
#8593 = ORIENTED_EDGE('',*,*,#8594,.T.);
#8594 = EDGE_CURVE('',#8587,#8549,#8595,.T.);
#8595 = LINE('',#8596,#8597);
#8596 = CARTESIAN_POINT('',(-1.665,2.,-6.9));
#8597 = VECTOR('',#8598,1.);
#8598 = DIRECTION('',(-0.,-0.,-1.));
#8599 = ORIENTED_EDGE('',*,*,#8548,.T.);
#8600 = PLANE('',#8601);
#8601 = AXIS2_PLACEMENT_3D('',#8602,#8603,#8604);
#8602 = CARTESIAN_POINT('',(-1.665,2.,-6.9));
#8603 = DIRECTION('',(-1.,0.,0.));
#8604 = DIRECTION('',(0.,0.,1.));
#8605 = ADVANCED_FACE('',(#8606),#8631,.T.);
#8606 = FACE_BOUND('',#8607,.T.);
#8607 = EDGE_LOOP('',(#8608,#8616,#8624,#8630));
#8608 = ORIENTED_EDGE('',*,*,#8609,.F.);
#8609 = EDGE_CURVE('',#8610,#8579,#8612,.T.);
#8610 = VERTEX_POINT('',#8611);
#8611 = CARTESIAN_POINT('',(-0.815,1.2,-6.15));
#8612 = LINE('',#8613,#8614);
#8613 = CARTESIAN_POINT('',(-1.665,1.2,-6.15));
#8614 = VECTOR('',#8615,1.);
#8615 = DIRECTION('',(-1.,-0.,-0.));
#8616 = ORIENTED_EDGE('',*,*,#8617,.F.);
#8617 = EDGE_CURVE('',#8618,#8610,#8620,.T.);
#8618 = VERTEX_POINT('',#8619);
#8619 = CARTESIAN_POINT('',(-0.815,2.,-6.15));
#8620 = LINE('',#8621,#8622);
#8621 = CARTESIAN_POINT('',(-0.815,2.,-6.15));
#8622 = VECTOR('',#8623,1.);
#8623 = DIRECTION('',(0.,-1.,0.));
#8624 = ORIENTED_EDGE('',*,*,#8625,.T.);
#8625 = EDGE_CURVE('',#8618,#8587,#8626,.T.);
#8626 = LINE('',#8627,#8628);
#8627 = CARTESIAN_POINT('',(-1.665,2.,-6.15));
#8628 = VECTOR('',#8629,1.);
#8629 = DIRECTION('',(-1.,-0.,-0.));
#8630 = ORIENTED_EDGE('',*,*,#8586,.T.);
#8631 = PLANE('',#8632);
#8632 = AXIS2_PLACEMENT_3D('',#8633,#8634,#8635);
#8633 = CARTESIAN_POINT('',(-1.665,2.,-6.15));
#8634 = DIRECTION('',(-0.,0.,1.));
#8635 = DIRECTION('',(1.,0.,0.));
#8636 = ADVANCED_FACE('',(#8637),#8653,.T.);
#8637 = FACE_BOUND('',#8638,.T.);
#8638 = EDGE_LOOP('',(#8639,#8645,#8646,#8652));
#8639 = ORIENTED_EDGE('',*,*,#8640,.F.);
#8640 = EDGE_CURVE('',#8541,#8610,#8641,.T.);
#8641 = LINE('',#8642,#8643);
#8642 = CARTESIAN_POINT('',(-0.815,1.2,-6.9));
#8643 = VECTOR('',#8644,1.);
#8644 = DIRECTION('',(0.,0.,1.));
#8645 = ORIENTED_EDGE('',*,*,#8564,.F.);
#8646 = ORIENTED_EDGE('',*,*,#8647,.T.);
#8647 = EDGE_CURVE('',#8557,#8618,#8648,.T.);
#8648 = LINE('',#8649,#8650);
#8649 = CARTESIAN_POINT('',(-0.815,2.,-6.9));
#8650 = VECTOR('',#8651,1.);
#8651 = DIRECTION('',(0.,0.,1.));
#8652 = ORIENTED_EDGE('',*,*,#8617,.T.);
#8653 = PLANE('',#8654);
#8654 = AXIS2_PLACEMENT_3D('',#8655,#8656,#8657);
#8655 = CARTESIAN_POINT('',(-0.815,2.,-6.9));
#8656 = DIRECTION('',(1.,0.,-0.));
#8657 = DIRECTION('',(-0.,0.,-1.));
#8658 = ADVANCED_FACE('',(#8659),#8665,.F.);
#8659 = FACE_BOUND('',#8660,.T.);
#8660 = EDGE_LOOP('',(#8661,#8662,#8663,#8664));
#8661 = ORIENTED_EDGE('',*,*,#8556,.F.);
#8662 = ORIENTED_EDGE('',*,*,#8594,.F.);
#8663 = ORIENTED_EDGE('',*,*,#8625,.F.);
#8664 = ORIENTED_EDGE('',*,*,#8647,.F.);
#8665 = PLANE('',#8666);
#8666 = AXIS2_PLACEMENT_3D('',#8667,#8668,#8669);
#8667 = CARTESIAN_POINT('',(0.,2.,0.));
#8668 = DIRECTION('',(0.,-1.,0.));
#8669 = DIRECTION('',(0.,-0.,-1.));
#8670 = ADVANCED_FACE('',(#8671),#8677,.T.);
#8671 = FACE_BOUND('',#8672,.T.);
#8672 = EDGE_LOOP('',(#8673,#8674,#8675,#8676));
#8673 = ORIENTED_EDGE('',*,*,#8538,.T.);
#8674 = ORIENTED_EDGE('',*,*,#8640,.T.);
#8675 = ORIENTED_EDGE('',*,*,#8609,.T.);
#8676 = ORIENTED_EDGE('',*,*,#8578,.T.);
#8677 = PLANE('',#8678);
#8678 = AXIS2_PLACEMENT_3D('',#8679,#8680,#8681);
#8679 = CARTESIAN_POINT('',(0.,1.2,0.));
#8680 = DIRECTION('',(0.,-1.,0.));
#8681 = DIRECTION('',(0.,-0.,-1.));
#8682 = MANIFOLD_SOLID_BREP('',#8683);
#8683 = CLOSED_SHELL('',(#8684,#8724,#8755,#8786,#8808,#8820));
#8684 = ADVANCED_FACE('',(#8685),#8719,.T.);
#8685 = FACE_BOUND('',#8686,.T.);
#8686 = EDGE_LOOP('',(#8687,#8697,#8705,#8713));
#8687 = ORIENTED_EDGE('',*,*,#8688,.F.);
#8688 = EDGE_CURVE('',#8689,#8691,#8693,.T.);
#8689 = VERTEX_POINT('',#8690);
#8690 = CARTESIAN_POINT('',(-1.665,1.2,-4.225));
#8691 = VERTEX_POINT('',#8692);
#8692 = CARTESIAN_POINT('',(-0.815,1.2,-4.225));
#8693 = LINE('',#8694,#8695);
#8694 = CARTESIAN_POINT('',(-1.665,1.2,-4.225));
#8695 = VECTOR('',#8696,1.);
#8696 = DIRECTION('',(1.,0.,0.));
#8697 = ORIENTED_EDGE('',*,*,#8698,.F.);
#8698 = EDGE_CURVE('',#8699,#8689,#8701,.T.);
#8699 = VERTEX_POINT('',#8700);
#8700 = CARTESIAN_POINT('',(-1.665,2.,-4.225));
#8701 = LINE('',#8702,#8703);
#8702 = CARTESIAN_POINT('',(-1.665,2.,-4.225));
#8703 = VECTOR('',#8704,1.);
#8704 = DIRECTION('',(0.,-1.,0.));
#8705 = ORIENTED_EDGE('',*,*,#8706,.T.);
#8706 = EDGE_CURVE('',#8699,#8707,#8709,.T.);
#8707 = VERTEX_POINT('',#8708);
#8708 = CARTESIAN_POINT('',(-0.815,2.,-4.225));
#8709 = LINE('',#8710,#8711);
#8710 = CARTESIAN_POINT('',(-1.665,2.,-4.225));
#8711 = VECTOR('',#8712,1.);
#8712 = DIRECTION('',(1.,0.,0.));
#8713 = ORIENTED_EDGE('',*,*,#8714,.T.);
#8714 = EDGE_CURVE('',#8707,#8691,#8715,.T.);
#8715 = LINE('',#8716,#8717);
#8716 = CARTESIAN_POINT('',(-0.815,2.,-4.225));
#8717 = VECTOR('',#8718,1.);
#8718 = DIRECTION('',(0.,-1.,0.));
#8719 = PLANE('',#8720);
#8720 = AXIS2_PLACEMENT_3D('',#8721,#8722,#8723);
#8721 = CARTESIAN_POINT('',(-1.665,2.,-4.225));
#8722 = DIRECTION('',(0.,0.,-1.));
#8723 = DIRECTION('',(-1.,0.,-0.));
#8724 = ADVANCED_FACE('',(#8725),#8750,.T.);
#8725 = FACE_BOUND('',#8726,.T.);
#8726 = EDGE_LOOP('',(#8727,#8735,#8743,#8749));
#8727 = ORIENTED_EDGE('',*,*,#8728,.F.);
#8728 = EDGE_CURVE('',#8729,#8689,#8731,.T.);
#8729 = VERTEX_POINT('',#8730);
#8730 = CARTESIAN_POINT('',(-1.665,1.2,-3.475));
#8731 = LINE('',#8732,#8733);
#8732 = CARTESIAN_POINT('',(-1.665,1.2,-4.225));
#8733 = VECTOR('',#8734,1.);
#8734 = DIRECTION('',(-0.,-0.,-1.));
#8735 = ORIENTED_EDGE('',*,*,#8736,.F.);
#8736 = EDGE_CURVE('',#8737,#8729,#8739,.T.);
#8737 = VERTEX_POINT('',#8738);
#8738 = CARTESIAN_POINT('',(-1.665,2.,-3.475));
#8739 = LINE('',#8740,#8741);
#8740 = CARTESIAN_POINT('',(-1.665,2.,-3.475));
#8741 = VECTOR('',#8742,1.);
#8742 = DIRECTION('',(0.,-1.,0.));
#8743 = ORIENTED_EDGE('',*,*,#8744,.T.);
#8744 = EDGE_CURVE('',#8737,#8699,#8745,.T.);
#8745 = LINE('',#8746,#8747);
#8746 = CARTESIAN_POINT('',(-1.665,2.,-4.225));
#8747 = VECTOR('',#8748,1.);
#8748 = DIRECTION('',(-0.,-0.,-1.));
#8749 = ORIENTED_EDGE('',*,*,#8698,.T.);
#8750 = PLANE('',#8751);
#8751 = AXIS2_PLACEMENT_3D('',#8752,#8753,#8754);
#8752 = CARTESIAN_POINT('',(-1.665,2.,-4.225));
#8753 = DIRECTION('',(-1.,0.,0.));
#8754 = DIRECTION('',(0.,0.,1.));
#8755 = ADVANCED_FACE('',(#8756),#8781,.T.);
#8756 = FACE_BOUND('',#8757,.T.);
#8757 = EDGE_LOOP('',(#8758,#8766,#8774,#8780));
#8758 = ORIENTED_EDGE('',*,*,#8759,.F.);
#8759 = EDGE_CURVE('',#8760,#8729,#8762,.T.);
#8760 = VERTEX_POINT('',#8761);
#8761 = CARTESIAN_POINT('',(-0.815,1.2,-3.475));
#8762 = LINE('',#8763,#8764);
#8763 = CARTESIAN_POINT('',(-1.665,1.2,-3.475));
#8764 = VECTOR('',#8765,1.);
#8765 = DIRECTION('',(-1.,-0.,-0.));
#8766 = ORIENTED_EDGE('',*,*,#8767,.F.);
#8767 = EDGE_CURVE('',#8768,#8760,#8770,.T.);
#8768 = VERTEX_POINT('',#8769);
#8769 = CARTESIAN_POINT('',(-0.815,2.,-3.475));
#8770 = LINE('',#8771,#8772);
#8771 = CARTESIAN_POINT('',(-0.815,2.,-3.475));
#8772 = VECTOR('',#8773,1.);
#8773 = DIRECTION('',(0.,-1.,0.));
#8774 = ORIENTED_EDGE('',*,*,#8775,.T.);
#8775 = EDGE_CURVE('',#8768,#8737,#8776,.T.);
#8776 = LINE('',#8777,#8778);
#8777 = CARTESIAN_POINT('',(-1.665,2.,-3.475));
#8778 = VECTOR('',#8779,1.);
#8779 = DIRECTION('',(-1.,-0.,-0.));
#8780 = ORIENTED_EDGE('',*,*,#8736,.T.);
#8781 = PLANE('',#8782);
#8782 = AXIS2_PLACEMENT_3D('',#8783,#8784,#8785);
#8783 = CARTESIAN_POINT('',(-1.665,2.,-3.475));
#8784 = DIRECTION('',(-0.,0.,1.));
#8785 = DIRECTION('',(1.,0.,0.));
#8786 = ADVANCED_FACE('',(#8787),#8803,.T.);
#8787 = FACE_BOUND('',#8788,.T.);
#8788 = EDGE_LOOP('',(#8789,#8795,#8796,#8802));
#8789 = ORIENTED_EDGE('',*,*,#8790,.F.);
#8790 = EDGE_CURVE('',#8691,#8760,#8791,.T.);
#8791 = LINE('',#8792,#8793);
#8792 = CARTESIAN_POINT('',(-0.815,1.2,-4.225));
#8793 = VECTOR('',#8794,1.);
#8794 = DIRECTION('',(0.,0.,1.));
#8795 = ORIENTED_EDGE('',*,*,#8714,.F.);
#8796 = ORIENTED_EDGE('',*,*,#8797,.T.);
#8797 = EDGE_CURVE('',#8707,#8768,#8798,.T.);
#8798 = LINE('',#8799,#8800);
#8799 = CARTESIAN_POINT('',(-0.815,2.,-4.225));
#8800 = VECTOR('',#8801,1.);
#8801 = DIRECTION('',(0.,0.,1.));
#8802 = ORIENTED_EDGE('',*,*,#8767,.T.);
#8803 = PLANE('',#8804);
#8804 = AXIS2_PLACEMENT_3D('',#8805,#8806,#8807);
#8805 = CARTESIAN_POINT('',(-0.815,2.,-4.225));
#8806 = DIRECTION('',(1.,0.,-0.));
#8807 = DIRECTION('',(-0.,0.,-1.));
#8808 = ADVANCED_FACE('',(#8809),#8815,.F.);
#8809 = FACE_BOUND('',#8810,.T.);
#8810 = EDGE_LOOP('',(#8811,#8812,#8813,#8814));
#8811 = ORIENTED_EDGE('',*,*,#8706,.F.);
#8812 = ORIENTED_EDGE('',*,*,#8744,.F.);
#8813 = ORIENTED_EDGE('',*,*,#8775,.F.);
#8814 = ORIENTED_EDGE('',*,*,#8797,.F.);
#8815 = PLANE('',#8816);
#8816 = AXIS2_PLACEMENT_3D('',#8817,#8818,#8819);
#8817 = CARTESIAN_POINT('',(0.,2.,0.));
#8818 = DIRECTION('',(0.,-1.,0.));
#8819 = DIRECTION('',(0.,-0.,-1.));
#8820 = ADVANCED_FACE('',(#8821),#8827,.T.);
#8821 = FACE_BOUND('',#8822,.T.);
#8822 = EDGE_LOOP('',(#8823,#8824,#8825,#8826));
#8823 = ORIENTED_EDGE('',*,*,#8688,.T.);
#8824 = ORIENTED_EDGE('',*,*,#8790,.T.);
#8825 = ORIENTED_EDGE('',*,*,#8759,.T.);
#8826 = ORIENTED_EDGE('',*,*,#8728,.T.);
#8827 = PLANE('',#8828);
#8828 = AXIS2_PLACEMENT_3D('',#8829,#8830,#8831);
#8829 = CARTESIAN_POINT('',(0.,1.2,0.));
#8830 = DIRECTION('',(0.,-1.,0.));
#8831 = DIRECTION('',(0.,-0.,-1.));
#8832 = MANIFOLD_SOLID_BREP('',#8833);
#8833 = CLOSED_SHELL('',(#8834,#8874,#8905,#8936,#8958,#8970));
#8834 = ADVANCED_FACE('',(#8835),#8869,.T.);
#8835 = FACE_BOUND('',#8836,.T.);
#8836 = EDGE_LOOP('',(#8837,#8847,#8855,#8863));
#8837 = ORIENTED_EDGE('',*,*,#8838,.F.);
#8838 = EDGE_CURVE('',#8839,#8841,#8843,.T.);
#8839 = VERTEX_POINT('',#8840);
#8840 = CARTESIAN_POINT('',(2.035,1.2,-4.225));
#8841 = VERTEX_POINT('',#8842);
#8842 = CARTESIAN_POINT('',(2.885,1.2,-4.225));
#8843 = LINE('',#8844,#8845);
#8844 = CARTESIAN_POINT('',(2.035,1.2,-4.225));
#8845 = VECTOR('',#8846,1.);
#8846 = DIRECTION('',(1.,0.,0.));
#8847 = ORIENTED_EDGE('',*,*,#8848,.F.);
#8848 = EDGE_CURVE('',#8849,#8839,#8851,.T.);
#8849 = VERTEX_POINT('',#8850);
#8850 = CARTESIAN_POINT('',(2.035,2.,-4.225));
#8851 = LINE('',#8852,#8853);
#8852 = CARTESIAN_POINT('',(2.035,2.,-4.225));
#8853 = VECTOR('',#8854,1.);
#8854 = DIRECTION('',(0.,-1.,0.));
#8855 = ORIENTED_EDGE('',*,*,#8856,.T.);
#8856 = EDGE_CURVE('',#8849,#8857,#8859,.T.);
#8857 = VERTEX_POINT('',#8858);
#8858 = CARTESIAN_POINT('',(2.885,2.,-4.225));
#8859 = LINE('',#8860,#8861);
#8860 = CARTESIAN_POINT('',(2.035,2.,-4.225));
#8861 = VECTOR('',#8862,1.);
#8862 = DIRECTION('',(1.,0.,0.));
#8863 = ORIENTED_EDGE('',*,*,#8864,.T.);
#8864 = EDGE_CURVE('',#8857,#8841,#8865,.T.);
#8865 = LINE('',#8866,#8867);
#8866 = CARTESIAN_POINT('',(2.885,2.,-4.225));
#8867 = VECTOR('',#8868,1.);
#8868 = DIRECTION('',(0.,-1.,0.));
#8869 = PLANE('',#8870);
#8870 = AXIS2_PLACEMENT_3D('',#8871,#8872,#8873);
#8871 = CARTESIAN_POINT('',(2.035,2.,-4.225));
#8872 = DIRECTION('',(0.,0.,-1.));
#8873 = DIRECTION('',(-1.,0.,-0.));
#8874 = ADVANCED_FACE('',(#8875),#8900,.T.);
#8875 = FACE_BOUND('',#8876,.T.);
#8876 = EDGE_LOOP('',(#8877,#8885,#8893,#8899));
#8877 = ORIENTED_EDGE('',*,*,#8878,.F.);
#8878 = EDGE_CURVE('',#8879,#8839,#8881,.T.);
#8879 = VERTEX_POINT('',#8880);
#8880 = CARTESIAN_POINT('',(2.035,1.2,-3.475));
#8881 = LINE('',#8882,#8883);
#8882 = CARTESIAN_POINT('',(2.035,1.2,-4.225));
#8883 = VECTOR('',#8884,1.);
#8884 = DIRECTION('',(-0.,-0.,-1.));
#8885 = ORIENTED_EDGE('',*,*,#8886,.F.);
#8886 = EDGE_CURVE('',#8887,#8879,#8889,.T.);
#8887 = VERTEX_POINT('',#8888);
#8888 = CARTESIAN_POINT('',(2.035,2.,-3.475));
#8889 = LINE('',#8890,#8891);
#8890 = CARTESIAN_POINT('',(2.035,2.,-3.475));
#8891 = VECTOR('',#8892,1.);
#8892 = DIRECTION('',(0.,-1.,0.));
#8893 = ORIENTED_EDGE('',*,*,#8894,.T.);
#8894 = EDGE_CURVE('',#8887,#8849,#8895,.T.);
#8895 = LINE('',#8896,#8897);
#8896 = CARTESIAN_POINT('',(2.035,2.,-4.225));
#8897 = VECTOR('',#8898,1.);
#8898 = DIRECTION('',(-0.,-0.,-1.));
#8899 = ORIENTED_EDGE('',*,*,#8848,.T.);
#8900 = PLANE('',#8901);
#8901 = AXIS2_PLACEMENT_3D('',#8902,#8903,#8904);
#8902 = CARTESIAN_POINT('',(2.035,2.,-4.225));
#8903 = DIRECTION('',(-1.,0.,0.));
#8904 = DIRECTION('',(0.,0.,1.));
#8905 = ADVANCED_FACE('',(#8906),#8931,.T.);
#8906 = FACE_BOUND('',#8907,.T.);
#8907 = EDGE_LOOP('',(#8908,#8916,#8924,#8930));
#8908 = ORIENTED_EDGE('',*,*,#8909,.F.);
#8909 = EDGE_CURVE('',#8910,#8879,#8912,.T.);
#8910 = VERTEX_POINT('',#8911);
#8911 = CARTESIAN_POINT('',(2.885,1.2,-3.475));
#8912 = LINE('',#8913,#8914);
#8913 = CARTESIAN_POINT('',(2.035,1.2,-3.475));
#8914 = VECTOR('',#8915,1.);
#8915 = DIRECTION('',(-1.,-0.,-0.));
#8916 = ORIENTED_EDGE('',*,*,#8917,.F.);
#8917 = EDGE_CURVE('',#8918,#8910,#8920,.T.);
#8918 = VERTEX_POINT('',#8919);
#8919 = CARTESIAN_POINT('',(2.885,2.,-3.475));
#8920 = LINE('',#8921,#8922);
#8921 = CARTESIAN_POINT('',(2.885,2.,-3.475));
#8922 = VECTOR('',#8923,1.);
#8923 = DIRECTION('',(0.,-1.,0.));
#8924 = ORIENTED_EDGE('',*,*,#8925,.T.);
#8925 = EDGE_CURVE('',#8918,#8887,#8926,.T.);
#8926 = LINE('',#8927,#8928);
#8927 = CARTESIAN_POINT('',(2.035,2.,-3.475));
#8928 = VECTOR('',#8929,1.);
#8929 = DIRECTION('',(-1.,-0.,-0.));
#8930 = ORIENTED_EDGE('',*,*,#8886,.T.);
#8931 = PLANE('',#8932);
#8932 = AXIS2_PLACEMENT_3D('',#8933,#8934,#8935);
#8933 = CARTESIAN_POINT('',(2.035,2.,-3.475));
#8934 = DIRECTION('',(-0.,0.,1.));
#8935 = DIRECTION('',(1.,0.,0.));
#8936 = ADVANCED_FACE('',(#8937),#8953,.T.);
#8937 = FACE_BOUND('',#8938,.T.);
#8938 = EDGE_LOOP('',(#8939,#8945,#8946,#8952));
#8939 = ORIENTED_EDGE('',*,*,#8940,.F.);
#8940 = EDGE_CURVE('',#8841,#8910,#8941,.T.);
#8941 = LINE('',#8942,#8943);
#8942 = CARTESIAN_POINT('',(2.885,1.2,-4.225));
#8943 = VECTOR('',#8944,1.);
#8944 = DIRECTION('',(0.,0.,1.));
#8945 = ORIENTED_EDGE('',*,*,#8864,.F.);
#8946 = ORIENTED_EDGE('',*,*,#8947,.T.);
#8947 = EDGE_CURVE('',#8857,#8918,#8948,.T.);
#8948 = LINE('',#8949,#8950);
#8949 = CARTESIAN_POINT('',(2.885,2.,-4.225));
#8950 = VECTOR('',#8951,1.);
#8951 = DIRECTION('',(0.,0.,1.));
#8952 = ORIENTED_EDGE('',*,*,#8917,.T.);
#8953 = PLANE('',#8954);
#8954 = AXIS2_PLACEMENT_3D('',#8955,#8956,#8957);
#8955 = CARTESIAN_POINT('',(2.885,2.,-4.225));
#8956 = DIRECTION('',(1.,0.,-0.));
#8957 = DIRECTION('',(-0.,0.,-1.));
#8958 = ADVANCED_FACE('',(#8959),#8965,.F.);
#8959 = FACE_BOUND('',#8960,.T.);
#8960 = EDGE_LOOP('',(#8961,#8962,#8963,#8964));
#8961 = ORIENTED_EDGE('',*,*,#8856,.F.);
#8962 = ORIENTED_EDGE('',*,*,#8894,.F.);
#8963 = ORIENTED_EDGE('',*,*,#8925,.F.);
#8964 = ORIENTED_EDGE('',*,*,#8947,.F.);
#8965 = PLANE('',#8966);
#8966 = AXIS2_PLACEMENT_3D('',#8967,#8968,#8969);
#8967 = CARTESIAN_POINT('',(0.,2.,0.));
#8968 = DIRECTION('',(0.,-1.,0.));
#8969 = DIRECTION('',(0.,-0.,-1.));
#8970 = ADVANCED_FACE('',(#8971),#8977,.T.);
#8971 = FACE_BOUND('',#8972,.T.);
#8972 = EDGE_LOOP('',(#8973,#8974,#8975,#8976));
#8973 = ORIENTED_EDGE('',*,*,#8838,.T.);
#8974 = ORIENTED_EDGE('',*,*,#8940,.T.);
#8975 = ORIENTED_EDGE('',*,*,#8909,.T.);
#8976 = ORIENTED_EDGE('',*,*,#8878,.T.);
#8977 = PLANE('',#8978);
#8978 = AXIS2_PLACEMENT_3D('',#8979,#8980,#8981);
#8979 = CARTESIAN_POINT('',(0.,1.2,0.));
#8980 = DIRECTION('',(0.,-1.,0.));
#8981 = DIRECTION('',(0.,-0.,-1.));
#8982 = MANIFOLD_SOLID_BREP('',#8983);
#8983 = CLOSED_SHELL('',(#8984,#9024,#9055,#9086,#9108,#9120));
#8984 = ADVANCED_FACE('',(#8985),#9019,.T.);
#8985 = FACE_BOUND('',#8986,.T.);
#8986 = EDGE_LOOP('',(#8987,#8997,#9005,#9013));
#8987 = ORIENTED_EDGE('',*,*,#8988,.F.);
#8988 = EDGE_CURVE('',#8989,#8991,#8993,.T.);
#8989 = VERTEX_POINT('',#8990);
#8990 = CARTESIAN_POINT('',(2.035,1.2,-5.475));
#8991 = VERTEX_POINT('',#8992);
#8992 = CARTESIAN_POINT('',(2.885,1.2,-5.475));
#8993 = LINE('',#8994,#8995);
#8994 = CARTESIAN_POINT('',(2.035,1.2,-5.475));
#8995 = VECTOR('',#8996,1.);
#8996 = DIRECTION('',(1.,0.,0.));
#8997 = ORIENTED_EDGE('',*,*,#8998,.F.);
#8998 = EDGE_CURVE('',#8999,#8989,#9001,.T.);
#8999 = VERTEX_POINT('',#9000);
#9000 = CARTESIAN_POINT('',(2.035,2.,-5.475));
#9001 = LINE('',#9002,#9003);
#9002 = CARTESIAN_POINT('',(2.035,2.,-5.475));
#9003 = VECTOR('',#9004,1.);
#9004 = DIRECTION('',(0.,-1.,0.));
#9005 = ORIENTED_EDGE('',*,*,#9006,.T.);
#9006 = EDGE_CURVE('',#8999,#9007,#9009,.T.);
#9007 = VERTEX_POINT('',#9008);
#9008 = CARTESIAN_POINT('',(2.885,2.,-5.475));
#9009 = LINE('',#9010,#9011);
#9010 = CARTESIAN_POINT('',(2.035,2.,-5.475));
#9011 = VECTOR('',#9012,1.);
#9012 = DIRECTION('',(1.,0.,0.));
#9013 = ORIENTED_EDGE('',*,*,#9014,.T.);
#9014 = EDGE_CURVE('',#9007,#8991,#9015,.T.);
#9015 = LINE('',#9016,#9017);
#9016 = CARTESIAN_POINT('',(2.885,2.,-5.475));
#9017 = VECTOR('',#9018,1.);
#9018 = DIRECTION('',(0.,-1.,0.));
#9019 = PLANE('',#9020);
#9020 = AXIS2_PLACEMENT_3D('',#9021,#9022,#9023);
#9021 = CARTESIAN_POINT('',(2.035,2.,-5.475));
#9022 = DIRECTION('',(0.,0.,-1.));
#9023 = DIRECTION('',(-1.,0.,-0.));
#9024 = ADVANCED_FACE('',(#9025),#9050,.T.);
#9025 = FACE_BOUND('',#9026,.T.);
#9026 = EDGE_LOOP('',(#9027,#9035,#9043,#9049));
#9027 = ORIENTED_EDGE('',*,*,#9028,.F.);
#9028 = EDGE_CURVE('',#9029,#8989,#9031,.T.);
#9029 = VERTEX_POINT('',#9030);
#9030 = CARTESIAN_POINT('',(2.035,1.2,-4.725));
#9031 = LINE('',#9032,#9033);
#9032 = CARTESIAN_POINT('',(2.035,1.2,-5.475));
#9033 = VECTOR('',#9034,1.);
#9034 = DIRECTION('',(-0.,-0.,-1.));
#9035 = ORIENTED_EDGE('',*,*,#9036,.F.);
#9036 = EDGE_CURVE('',#9037,#9029,#9039,.T.);
#9037 = VERTEX_POINT('',#9038);
#9038 = CARTESIAN_POINT('',(2.035,2.,-4.725));
#9039 = LINE('',#9040,#9041);
#9040 = CARTESIAN_POINT('',(2.035,2.,-4.725));
#9041 = VECTOR('',#9042,1.);
#9042 = DIRECTION('',(0.,-1.,0.));
#9043 = ORIENTED_EDGE('',*,*,#9044,.T.);
#9044 = EDGE_CURVE('',#9037,#8999,#9045,.T.);
#9045 = LINE('',#9046,#9047);
#9046 = CARTESIAN_POINT('',(2.035,2.,-5.475));
#9047 = VECTOR('',#9048,1.);
#9048 = DIRECTION('',(-0.,-0.,-1.));
#9049 = ORIENTED_EDGE('',*,*,#8998,.T.);
#9050 = PLANE('',#9051);
#9051 = AXIS2_PLACEMENT_3D('',#9052,#9053,#9054);
#9052 = CARTESIAN_POINT('',(2.035,2.,-5.475));
#9053 = DIRECTION('',(-1.,0.,0.));
#9054 = DIRECTION('',(0.,0.,1.));
#9055 = ADVANCED_FACE('',(#9056),#9081,.T.);
#9056 = FACE_BOUND('',#9057,.T.);
#9057 = EDGE_LOOP('',(#9058,#9066,#9074,#9080));
#9058 = ORIENTED_EDGE('',*,*,#9059,.F.);
#9059 = EDGE_CURVE('',#9060,#9029,#9062,.T.);
#9060 = VERTEX_POINT('',#9061);
#9061 = CARTESIAN_POINT('',(2.885,1.2,-4.725));
#9062 = LINE('',#9063,#9064);
#9063 = CARTESIAN_POINT('',(2.035,1.2,-4.725));
#9064 = VECTOR('',#9065,1.);
#9065 = DIRECTION('',(-1.,-0.,-0.));
#9066 = ORIENTED_EDGE('',*,*,#9067,.F.);
#9067 = EDGE_CURVE('',#9068,#9060,#9070,.T.);
#9068 = VERTEX_POINT('',#9069);
#9069 = CARTESIAN_POINT('',(2.885,2.,-4.725));
#9070 = LINE('',#9071,#9072);
#9071 = CARTESIAN_POINT('',(2.885,2.,-4.725));
#9072 = VECTOR('',#9073,1.);
#9073 = DIRECTION('',(0.,-1.,0.));
#9074 = ORIENTED_EDGE('',*,*,#9075,.T.);
#9075 = EDGE_CURVE('',#9068,#9037,#9076,.T.);
#9076 = LINE('',#9077,#9078);
#9077 = CARTESIAN_POINT('',(2.035,2.,-4.725));
#9078 = VECTOR('',#9079,1.);
#9079 = DIRECTION('',(-1.,-0.,-0.));
#9080 = ORIENTED_EDGE('',*,*,#9036,.T.);
#9081 = PLANE('',#9082);
#9082 = AXIS2_PLACEMENT_3D('',#9083,#9084,#9085);
#9083 = CARTESIAN_POINT('',(2.035,2.,-4.725));
#9084 = DIRECTION('',(-0.,0.,1.));
#9085 = DIRECTION('',(1.,0.,0.));
#9086 = ADVANCED_FACE('',(#9087),#9103,.T.);
#9087 = FACE_BOUND('',#9088,.T.);
#9088 = EDGE_LOOP('',(#9089,#9095,#9096,#9102));
#9089 = ORIENTED_EDGE('',*,*,#9090,.F.);
#9090 = EDGE_CURVE('',#8991,#9060,#9091,.T.);
#9091 = LINE('',#9092,#9093);
#9092 = CARTESIAN_POINT('',(2.885,1.2,-5.475));
#9093 = VECTOR('',#9094,1.);
#9094 = DIRECTION('',(0.,0.,1.));
#9095 = ORIENTED_EDGE('',*,*,#9014,.F.);
#9096 = ORIENTED_EDGE('',*,*,#9097,.T.);
#9097 = EDGE_CURVE('',#9007,#9068,#9098,.T.);
#9098 = LINE('',#9099,#9100);
#9099 = CARTESIAN_POINT('',(2.885,2.,-5.475));
#9100 = VECTOR('',#9101,1.);
#9101 = DIRECTION('',(0.,0.,1.));
#9102 = ORIENTED_EDGE('',*,*,#9067,.T.);
#9103 = PLANE('',#9104);
#9104 = AXIS2_PLACEMENT_3D('',#9105,#9106,#9107);
#9105 = CARTESIAN_POINT('',(2.885,2.,-5.475));
#9106 = DIRECTION('',(1.,0.,-0.));
#9107 = DIRECTION('',(-0.,0.,-1.));
#9108 = ADVANCED_FACE('',(#9109),#9115,.F.);
#9109 = FACE_BOUND('',#9110,.T.);
#9110 = EDGE_LOOP('',(#9111,#9112,#9113,#9114));
#9111 = ORIENTED_EDGE('',*,*,#9006,.F.);
#9112 = ORIENTED_EDGE('',*,*,#9044,.F.);
#9113 = ORIENTED_EDGE('',*,*,#9075,.F.);
#9114 = ORIENTED_EDGE('',*,*,#9097,.F.);
#9115 = PLANE('',#9116);
#9116 = AXIS2_PLACEMENT_3D('',#9117,#9118,#9119);
#9117 = CARTESIAN_POINT('',(0.,2.,0.));
#9118 = DIRECTION('',(0.,-1.,0.));
#9119 = DIRECTION('',(0.,-0.,-1.));
#9120 = ADVANCED_FACE('',(#9121),#9127,.T.);
#9121 = FACE_BOUND('',#9122,.T.);
#9122 = EDGE_LOOP('',(#9123,#9124,#9125,#9126));
#9123 = ORIENTED_EDGE('',*,*,#8988,.T.);
#9124 = ORIENTED_EDGE('',*,*,#9090,.T.);
#9125 = ORIENTED_EDGE('',*,*,#9059,.T.);
#9126 = ORIENTED_EDGE('',*,*,#9028,.T.);
#9127 = PLANE('',#9128);
#9128 = AXIS2_PLACEMENT_3D('',#9129,#9130,#9131);
#9129 = CARTESIAN_POINT('',(0.,1.2,0.));
#9130 = DIRECTION('',(0.,-1.,0.));
#9131 = DIRECTION('',(0.,-0.,-1.));
#9132 = MANIFOLD_SOLID_BREP('',#9133);
#9133 = CLOSED_SHELL('',(#9134,#9174,#9205,#9236,#9258,#9270));
#9134 = ADVANCED_FACE('',(#9135),#9169,.T.);
#9135 = FACE_BOUND('',#9136,.T.);
#9136 = EDGE_LOOP('',(#9137,#9147,#9155,#9163));
#9137 = ORIENTED_EDGE('',*,*,#9138,.F.);
#9138 = EDGE_CURVE('',#9139,#9141,#9143,.T.);
#9139 = VERTEX_POINT('',#9140);
#9140 = CARTESIAN_POINT('',(-1.665,1.2,-5.475));
#9141 = VERTEX_POINT('',#9142);
#9142 = CARTESIAN_POINT('',(-0.815,1.2,-5.475));
#9143 = LINE('',#9144,#9145);
#9144 = CARTESIAN_POINT('',(-1.665,1.2,-5.475));
#9145 = VECTOR('',#9146,1.);
#9146 = DIRECTION('',(1.,0.,0.));
#9147 = ORIENTED_EDGE('',*,*,#9148,.F.);
#9148 = EDGE_CURVE('',#9149,#9139,#9151,.T.);
#9149 = VERTEX_POINT('',#9150);
#9150 = CARTESIAN_POINT('',(-1.665,2.,-5.475));
#9151 = LINE('',#9152,#9153);
#9152 = CARTESIAN_POINT('',(-1.665,2.,-5.475));
#9153 = VECTOR('',#9154,1.);
#9154 = DIRECTION('',(0.,-1.,0.));
#9155 = ORIENTED_EDGE('',*,*,#9156,.T.);
#9156 = EDGE_CURVE('',#9149,#9157,#9159,.T.);
#9157 = VERTEX_POINT('',#9158);
#9158 = CARTESIAN_POINT('',(-0.815,2.,-5.475));
#9159 = LINE('',#9160,#9161);
#9160 = CARTESIAN_POINT('',(-1.665,2.,-5.475));
#9161 = VECTOR('',#9162,1.);
#9162 = DIRECTION('',(1.,0.,0.));
#9163 = ORIENTED_EDGE('',*,*,#9164,.T.);
#9164 = EDGE_CURVE('',#9157,#9141,#9165,.T.);
#9165 = LINE('',#9166,#9167);
#9166 = CARTESIAN_POINT('',(-0.815,2.,-5.475));
#9167 = VECTOR('',#9168,1.);
#9168 = DIRECTION('',(0.,-1.,0.));
#9169 = PLANE('',#9170);
#9170 = AXIS2_PLACEMENT_3D('',#9171,#9172,#9173);
#9171 = CARTESIAN_POINT('',(-1.665,2.,-5.475));
#9172 = DIRECTION('',(0.,0.,-1.));
#9173 = DIRECTION('',(-1.,0.,-0.));
#9174 = ADVANCED_FACE('',(#9175),#9200,.T.);
#9175 = FACE_BOUND('',#9176,.T.);
#9176 = EDGE_LOOP('',(#9177,#9185,#9193,#9199));
#9177 = ORIENTED_EDGE('',*,*,#9178,.F.);
#9178 = EDGE_CURVE('',#9179,#9139,#9181,.T.);
#9179 = VERTEX_POINT('',#9180);
#9180 = CARTESIAN_POINT('',(-1.665,1.2,-4.725));
#9181 = LINE('',#9182,#9183);
#9182 = CARTESIAN_POINT('',(-1.665,1.2,-5.475));
#9183 = VECTOR('',#9184,1.);
#9184 = DIRECTION('',(-0.,-0.,-1.));
#9185 = ORIENTED_EDGE('',*,*,#9186,.F.);
#9186 = EDGE_CURVE('',#9187,#9179,#9189,.T.);
#9187 = VERTEX_POINT('',#9188);
#9188 = CARTESIAN_POINT('',(-1.665,2.,-4.725));
#9189 = LINE('',#9190,#9191);
#9190 = CARTESIAN_POINT('',(-1.665,2.,-4.725));
#9191 = VECTOR('',#9192,1.);
#9192 = DIRECTION('',(0.,-1.,0.));
#9193 = ORIENTED_EDGE('',*,*,#9194,.T.);
#9194 = EDGE_CURVE('',#9187,#9149,#9195,.T.);
#9195 = LINE('',#9196,#9197);
#9196 = CARTESIAN_POINT('',(-1.665,2.,-5.475));
#9197 = VECTOR('',#9198,1.);
#9198 = DIRECTION('',(-0.,-0.,-1.));
#9199 = ORIENTED_EDGE('',*,*,#9148,.T.);
#9200 = PLANE('',#9201);
#9201 = AXIS2_PLACEMENT_3D('',#9202,#9203,#9204);
#9202 = CARTESIAN_POINT('',(-1.665,2.,-5.475));
#9203 = DIRECTION('',(-1.,0.,0.));
#9204 = DIRECTION('',(0.,0.,1.));
#9205 = ADVANCED_FACE('',(#9206),#9231,.T.);
#9206 = FACE_BOUND('',#9207,.T.);
#9207 = EDGE_LOOP('',(#9208,#9216,#9224,#9230));
#9208 = ORIENTED_EDGE('',*,*,#9209,.F.);
#9209 = EDGE_CURVE('',#9210,#9179,#9212,.T.);
#9210 = VERTEX_POINT('',#9211);
#9211 = CARTESIAN_POINT('',(-0.815,1.2,-4.725));
#9212 = LINE('',#9213,#9214);
#9213 = CARTESIAN_POINT('',(-1.665,1.2,-4.725));
#9214 = VECTOR('',#9215,1.);
#9215 = DIRECTION('',(-1.,-0.,-0.));
#9216 = ORIENTED_EDGE('',*,*,#9217,.F.);
#9217 = EDGE_CURVE('',#9218,#9210,#9220,.T.);
#9218 = VERTEX_POINT('',#9219);
#9219 = CARTESIAN_POINT('',(-0.815,2.,-4.725));
#9220 = LINE('',#9221,#9222);
#9221 = CARTESIAN_POINT('',(-0.815,2.,-4.725));
#9222 = VECTOR('',#9223,1.);
#9223 = DIRECTION('',(0.,-1.,0.));
#9224 = ORIENTED_EDGE('',*,*,#9225,.T.);
#9225 = EDGE_CURVE('',#9218,#9187,#9226,.T.);
#9226 = LINE('',#9227,#9228);
#9227 = CARTESIAN_POINT('',(-1.665,2.,-4.725));
#9228 = VECTOR('',#9229,1.);
#9229 = DIRECTION('',(-1.,-0.,-0.));
#9230 = ORIENTED_EDGE('',*,*,#9186,.T.);
#9231 = PLANE('',#9232);
#9232 = AXIS2_PLACEMENT_3D('',#9233,#9234,#9235);
#9233 = CARTESIAN_POINT('',(-1.665,2.,-4.725));
#9234 = DIRECTION('',(-0.,0.,1.));
#9235 = DIRECTION('',(1.,0.,0.));
#9236 = ADVANCED_FACE('',(#9237),#9253,.T.);
#9237 = FACE_BOUND('',#9238,.T.);
#9238 = EDGE_LOOP('',(#9239,#9245,#9246,#9252));
#9239 = ORIENTED_EDGE('',*,*,#9240,.F.);
#9240 = EDGE_CURVE('',#9141,#9210,#9241,.T.);
#9241 = LINE('',#9242,#9243);
#9242 = CARTESIAN_POINT('',(-0.815,1.2,-5.475));
#9243 = VECTOR('',#9244,1.);
#9244 = DIRECTION('',(0.,0.,1.));
#9245 = ORIENTED_EDGE('',*,*,#9164,.F.);
#9246 = ORIENTED_EDGE('',*,*,#9247,.T.);
#9247 = EDGE_CURVE('',#9157,#9218,#9248,.T.);
#9248 = LINE('',#9249,#9250);
#9249 = CARTESIAN_POINT('',(-0.815,2.,-5.475));
#9250 = VECTOR('',#9251,1.);
#9251 = DIRECTION('',(0.,0.,1.));
#9252 = ORIENTED_EDGE('',*,*,#9217,.T.);
#9253 = PLANE('',#9254);
#9254 = AXIS2_PLACEMENT_3D('',#9255,#9256,#9257);
#9255 = CARTESIAN_POINT('',(-0.815,2.,-5.475));
#9256 = DIRECTION('',(1.,0.,-0.));
#9257 = DIRECTION('',(-0.,0.,-1.));
#9258 = ADVANCED_FACE('',(#9259),#9265,.F.);
#9259 = FACE_BOUND('',#9260,.T.);
#9260 = EDGE_LOOP('',(#9261,#9262,#9263,#9264));
#9261 = ORIENTED_EDGE('',*,*,#9156,.F.);
#9262 = ORIENTED_EDGE('',*,*,#9194,.F.);
#9263 = ORIENTED_EDGE('',*,*,#9225,.F.);
#9264 = ORIENTED_EDGE('',*,*,#9247,.F.);
#9265 = PLANE('',#9266);
#9266 = AXIS2_PLACEMENT_3D('',#9267,#9268,#9269);
#9267 = CARTESIAN_POINT('',(0.,2.,0.));
#9268 = DIRECTION('',(0.,-1.,0.));
#9269 = DIRECTION('',(0.,-0.,-1.));
#9270 = ADVANCED_FACE('',(#9271),#9277,.T.);
#9271 = FACE_BOUND('',#9272,.T.);
#9272 = EDGE_LOOP('',(#9273,#9274,#9275,#9276));
#9273 = ORIENTED_EDGE('',*,*,#9138,.T.);
#9274 = ORIENTED_EDGE('',*,*,#9240,.T.);
#9275 = ORIENTED_EDGE('',*,*,#9209,.T.);
#9276 = ORIENTED_EDGE('',*,*,#9178,.T.);
#9277 = PLANE('',#9278);
#9278 = AXIS2_PLACEMENT_3D('',#9279,#9280,#9281);
#9279 = CARTESIAN_POINT('',(0.,1.2,0.));
#9280 = DIRECTION('',(0.,-1.,0.));
#9281 = DIRECTION('',(0.,-0.,-1.));
#9282 = MANIFOLD_SOLID_BREP('',#9283);
#9283 = CLOSED_SHELL('',(#9284,#9324,#9355,#9386,#9408,#9420));
#9284 = ADVANCED_FACE('',(#9285),#9319,.T.);
#9285 = FACE_BOUND('',#9286,.T.);
#9286 = EDGE_LOOP('',(#9287,#9297,#9305,#9313));
#9287 = ORIENTED_EDGE('',*,*,#9288,.F.);
#9288 = EDGE_CURVE('',#9289,#9291,#9293,.T.);
#9289 = VERTEX_POINT('',#9290);
#9290 = CARTESIAN_POINT('',(-1.665,1.2,5.3));
#9291 = VERTEX_POINT('',#9292);
#9292 = CARTESIAN_POINT('',(-1.665,1.2,4.55));
#9293 = LINE('',#9294,#9295);
#9294 = CARTESIAN_POINT('',(-1.665,1.2,5.3));
#9295 = VECTOR('',#9296,1.);
#9296 = DIRECTION('',(0.,0.,-1.));
#9297 = ORIENTED_EDGE('',*,*,#9298,.F.);
#9298 = EDGE_CURVE('',#9299,#9289,#9301,.T.);
#9299 = VERTEX_POINT('',#9300);
#9300 = CARTESIAN_POINT('',(-1.665,2.,5.3));
#9301 = LINE('',#9302,#9303);
#9302 = CARTESIAN_POINT('',(-1.665,2.,5.3));
#9303 = VECTOR('',#9304,1.);
#9304 = DIRECTION('',(0.,-1.,0.));
#9305 = ORIENTED_EDGE('',*,*,#9306,.T.);
#9306 = EDGE_CURVE('',#9299,#9307,#9309,.T.);
#9307 = VERTEX_POINT('',#9308);
#9308 = CARTESIAN_POINT('',(-1.665,2.,4.55));
#9309 = LINE('',#9310,#9311);
#9310 = CARTESIAN_POINT('',(-1.665,2.,5.3));
#9311 = VECTOR('',#9312,1.);
#9312 = DIRECTION('',(0.,0.,-1.));
#9313 = ORIENTED_EDGE('',*,*,#9314,.T.);
#9314 = EDGE_CURVE('',#9307,#9291,#9315,.T.);
#9315 = LINE('',#9316,#9317);
#9316 = CARTESIAN_POINT('',(-1.665,2.,4.55));
#9317 = VECTOR('',#9318,1.);
#9318 = DIRECTION('',(0.,-1.,0.));
#9319 = PLANE('',#9320);
#9320 = AXIS2_PLACEMENT_3D('',#9321,#9322,#9323);
#9321 = CARTESIAN_POINT('',(-1.665,2.,5.3));
#9322 = DIRECTION('',(-1.,0.,-0.));
#9323 = DIRECTION('',(0.,0.,1.));
#9324 = ADVANCED_FACE('',(#9325),#9350,.T.);
#9325 = FACE_BOUND('',#9326,.T.);
#9326 = EDGE_LOOP('',(#9327,#9335,#9343,#9349));
#9327 = ORIENTED_EDGE('',*,*,#9328,.F.);
#9328 = EDGE_CURVE('',#9329,#9289,#9331,.T.);
#9329 = VERTEX_POINT('',#9330);
#9330 = CARTESIAN_POINT('',(-0.815,1.2,5.3));
#9331 = LINE('',#9332,#9333);
#9332 = CARTESIAN_POINT('',(-1.665,1.2,5.3));
#9333 = VECTOR('',#9334,1.);
#9334 = DIRECTION('',(-1.,-0.,-0.));
#9335 = ORIENTED_EDGE('',*,*,#9336,.F.);
#9336 = EDGE_CURVE('',#9337,#9329,#9339,.T.);
#9337 = VERTEX_POINT('',#9338);
#9338 = CARTESIAN_POINT('',(-0.815,2.,5.3));
#9339 = LINE('',#9340,#9341);
#9340 = CARTESIAN_POINT('',(-0.815,2.,5.3));
#9341 = VECTOR('',#9342,1.);
#9342 = DIRECTION('',(0.,-1.,0.));
#9343 = ORIENTED_EDGE('',*,*,#9344,.T.);
#9344 = EDGE_CURVE('',#9337,#9299,#9345,.T.);
#9345 = LINE('',#9346,#9347);
#9346 = CARTESIAN_POINT('',(-1.665,2.,5.3));
#9347 = VECTOR('',#9348,1.);
#9348 = DIRECTION('',(-1.,-0.,-0.));
#9349 = ORIENTED_EDGE('',*,*,#9298,.T.);
#9350 = PLANE('',#9351);
#9351 = AXIS2_PLACEMENT_3D('',#9352,#9353,#9354);
#9352 = CARTESIAN_POINT('',(-1.665,2.,5.3));
#9353 = DIRECTION('',(-0.,0.,1.));
#9354 = DIRECTION('',(1.,0.,0.));
#9355 = ADVANCED_FACE('',(#9356),#9381,.T.);
#9356 = FACE_BOUND('',#9357,.T.);
#9357 = EDGE_LOOP('',(#9358,#9366,#9374,#9380));
#9358 = ORIENTED_EDGE('',*,*,#9359,.F.);
#9359 = EDGE_CURVE('',#9360,#9329,#9362,.T.);
#9360 = VERTEX_POINT('',#9361);
#9361 = CARTESIAN_POINT('',(-0.815,1.2,4.55));
#9362 = LINE('',#9363,#9364);
#9363 = CARTESIAN_POINT('',(-0.815,1.2,5.3));
#9364 = VECTOR('',#9365,1.);
#9365 = DIRECTION('',(-0.,-0.,1.));
#9366 = ORIENTED_EDGE('',*,*,#9367,.F.);
#9367 = EDGE_CURVE('',#9368,#9360,#9370,.T.);
#9368 = VERTEX_POINT('',#9369);
#9369 = CARTESIAN_POINT('',(-0.815,2.,4.55));
#9370 = LINE('',#9371,#9372);
#9371 = CARTESIAN_POINT('',(-0.815,2.,4.55));
#9372 = VECTOR('',#9373,1.);
#9373 = DIRECTION('',(0.,-1.,0.));
#9374 = ORIENTED_EDGE('',*,*,#9375,.T.);
#9375 = EDGE_CURVE('',#9368,#9337,#9376,.T.);
#9376 = LINE('',#9377,#9378);
#9377 = CARTESIAN_POINT('',(-0.815,2.,5.3));
#9378 = VECTOR('',#9379,1.);
#9379 = DIRECTION('',(-0.,-0.,1.));
#9380 = ORIENTED_EDGE('',*,*,#9336,.T.);
#9381 = PLANE('',#9382);
#9382 = AXIS2_PLACEMENT_3D('',#9383,#9384,#9385);
#9383 = CARTESIAN_POINT('',(-0.815,2.,5.3));
#9384 = DIRECTION('',(1.,0.,0.));
#9385 = DIRECTION('',(0.,0.,-1.));
#9386 = ADVANCED_FACE('',(#9387),#9403,.T.);
#9387 = FACE_BOUND('',#9388,.T.);
#9388 = EDGE_LOOP('',(#9389,#9395,#9396,#9402));
#9389 = ORIENTED_EDGE('',*,*,#9390,.F.);
#9390 = EDGE_CURVE('',#9291,#9360,#9391,.T.);
#9391 = LINE('',#9392,#9393);
#9392 = CARTESIAN_POINT('',(-1.665,1.2,4.55));
#9393 = VECTOR('',#9394,1.);
#9394 = DIRECTION('',(1.,0.,0.));
#9395 = ORIENTED_EDGE('',*,*,#9314,.F.);
#9396 = ORIENTED_EDGE('',*,*,#9397,.T.);
#9397 = EDGE_CURVE('',#9307,#9368,#9398,.T.);
#9398 = LINE('',#9399,#9400);
#9399 = CARTESIAN_POINT('',(-1.665,2.,4.55));
#9400 = VECTOR('',#9401,1.);
#9401 = DIRECTION('',(1.,0.,0.));
#9402 = ORIENTED_EDGE('',*,*,#9367,.T.);
#9403 = PLANE('',#9404);
#9404 = AXIS2_PLACEMENT_3D('',#9405,#9406,#9407);
#9405 = CARTESIAN_POINT('',(-1.665,2.,4.55));
#9406 = DIRECTION('',(0.,0.,-1.));
#9407 = DIRECTION('',(-1.,0.,-0.));
#9408 = ADVANCED_FACE('',(#9409),#9415,.F.);
#9409 = FACE_BOUND('',#9410,.T.);
#9410 = EDGE_LOOP('',(#9411,#9412,#9413,#9414));
#9411 = ORIENTED_EDGE('',*,*,#9306,.F.);
#9412 = ORIENTED_EDGE('',*,*,#9344,.F.);
#9413 = ORIENTED_EDGE('',*,*,#9375,.F.);
#9414 = ORIENTED_EDGE('',*,*,#9397,.F.);
#9415 = PLANE('',#9416);
#9416 = AXIS2_PLACEMENT_3D('',#9417,#9418,#9419);
#9417 = CARTESIAN_POINT('',(0.,2.,0.));
#9418 = DIRECTION('',(0.,-1.,0.));
#9419 = DIRECTION('',(0.,-0.,-1.));
#9420 = ADVANCED_FACE('',(#9421),#9427,.T.);
#9421 = FACE_BOUND('',#9422,.T.);
#9422 = EDGE_LOOP('',(#9423,#9424,#9425,#9426));
#9423 = ORIENTED_EDGE('',*,*,#9288,.T.);
#9424 = ORIENTED_EDGE('',*,*,#9390,.T.);
#9425 = ORIENTED_EDGE('',*,*,#9359,.T.);
#9426 = ORIENTED_EDGE('',*,*,#9328,.T.);
#9427 = PLANE('',#9428);
#9428 = AXIS2_PLACEMENT_3D('',#9429,#9430,#9431);
#9429 = CARTESIAN_POINT('',(0.,1.2,0.));
#9430 = DIRECTION('',(0.,-1.,0.));
#9431 = DIRECTION('',(0.,-0.,-1.));
#9432 = MANIFOLD_SOLID_BREP('',#9433);
#9433 = CLOSED_SHELL('',(#9434,#9474,#9505,#9536,#9558,#9570));
#9434 = ADVANCED_FACE('',(#9435),#9469,.T.);
#9435 = FACE_BOUND('',#9436,.T.);
#9436 = EDGE_LOOP('',(#9437,#9447,#9455,#9463));
#9437 = ORIENTED_EDGE('',*,*,#9438,.F.);
#9438 = EDGE_CURVE('',#9439,#9441,#9443,.T.);
#9439 = VERTEX_POINT('',#9440);
#9440 = CARTESIAN_POINT('',(2.035,1.2,5.3));
#9441 = VERTEX_POINT('',#9442);
#9442 = CARTESIAN_POINT('',(2.035,1.2,4.55));
#9443 = LINE('',#9444,#9445);
#9444 = CARTESIAN_POINT('',(2.035,1.2,5.3));
#9445 = VECTOR('',#9446,1.);
#9446 = DIRECTION('',(0.,0.,-1.));
#9447 = ORIENTED_EDGE('',*,*,#9448,.F.);
#9448 = EDGE_CURVE('',#9449,#9439,#9451,.T.);
#9449 = VERTEX_POINT('',#9450);
#9450 = CARTESIAN_POINT('',(2.035,2.,5.3));
#9451 = LINE('',#9452,#9453);
#9452 = CARTESIAN_POINT('',(2.035,2.,5.3));
#9453 = VECTOR('',#9454,1.);
#9454 = DIRECTION('',(0.,-1.,0.));
#9455 = ORIENTED_EDGE('',*,*,#9456,.T.);
#9456 = EDGE_CURVE('',#9449,#9457,#9459,.T.);
#9457 = VERTEX_POINT('',#9458);
#9458 = CARTESIAN_POINT('',(2.035,2.,4.55));
#9459 = LINE('',#9460,#9461);
#9460 = CARTESIAN_POINT('',(2.035,2.,5.3));
#9461 = VECTOR('',#9462,1.);
#9462 = DIRECTION('',(0.,0.,-1.));
#9463 = ORIENTED_EDGE('',*,*,#9464,.T.);
#9464 = EDGE_CURVE('',#9457,#9441,#9465,.T.);
#9465 = LINE('',#9466,#9467);
#9466 = CARTESIAN_POINT('',(2.035,2.,4.55));
#9467 = VECTOR('',#9468,1.);
#9468 = DIRECTION('',(0.,-1.,0.));
#9469 = PLANE('',#9470);
#9470 = AXIS2_PLACEMENT_3D('',#9471,#9472,#9473);
#9471 = CARTESIAN_POINT('',(2.035,2.,5.3));
#9472 = DIRECTION('',(-1.,0.,-0.));
#9473 = DIRECTION('',(0.,0.,1.));
#9474 = ADVANCED_FACE('',(#9475),#9500,.T.);
#9475 = FACE_BOUND('',#9476,.T.);
#9476 = EDGE_LOOP('',(#9477,#9485,#9493,#9499));
#9477 = ORIENTED_EDGE('',*,*,#9478,.F.);
#9478 = EDGE_CURVE('',#9479,#9439,#9481,.T.);
#9479 = VERTEX_POINT('',#9480);
#9480 = CARTESIAN_POINT('',(2.885,1.2,5.3));
#9481 = LINE('',#9482,#9483);
#9482 = CARTESIAN_POINT('',(2.035,1.2,5.3));
#9483 = VECTOR('',#9484,1.);
#9484 = DIRECTION('',(-1.,-0.,-0.));
#9485 = ORIENTED_EDGE('',*,*,#9486,.F.);
#9486 = EDGE_CURVE('',#9487,#9479,#9489,.T.);
#9487 = VERTEX_POINT('',#9488);
#9488 = CARTESIAN_POINT('',(2.885,2.,5.3));
#9489 = LINE('',#9490,#9491);
#9490 = CARTESIAN_POINT('',(2.885,2.,5.3));
#9491 = VECTOR('',#9492,1.);
#9492 = DIRECTION('',(0.,-1.,0.));
#9493 = ORIENTED_EDGE('',*,*,#9494,.T.);
#9494 = EDGE_CURVE('',#9487,#9449,#9495,.T.);
#9495 = LINE('',#9496,#9497);
#9496 = CARTESIAN_POINT('',(2.035,2.,5.3));
#9497 = VECTOR('',#9498,1.);
#9498 = DIRECTION('',(-1.,-0.,-0.));
#9499 = ORIENTED_EDGE('',*,*,#9448,.T.);
#9500 = PLANE('',#9501);
#9501 = AXIS2_PLACEMENT_3D('',#9502,#9503,#9504);
#9502 = CARTESIAN_POINT('',(2.035,2.,5.3));
#9503 = DIRECTION('',(-0.,0.,1.));
#9504 = DIRECTION('',(1.,0.,0.));
#9505 = ADVANCED_FACE('',(#9506),#9531,.T.);
#9506 = FACE_BOUND('',#9507,.T.);
#9507 = EDGE_LOOP('',(#9508,#9516,#9524,#9530));
#9508 = ORIENTED_EDGE('',*,*,#9509,.F.);
#9509 = EDGE_CURVE('',#9510,#9479,#9512,.T.);
#9510 = VERTEX_POINT('',#9511);
#9511 = CARTESIAN_POINT('',(2.885,1.2,4.55));
#9512 = LINE('',#9513,#9514);
#9513 = CARTESIAN_POINT('',(2.885,1.2,5.3));
#9514 = VECTOR('',#9515,1.);
#9515 = DIRECTION('',(-0.,-0.,1.));
#9516 = ORIENTED_EDGE('',*,*,#9517,.F.);
#9517 = EDGE_CURVE('',#9518,#9510,#9520,.T.);
#9518 = VERTEX_POINT('',#9519);
#9519 = CARTESIAN_POINT('',(2.885,2.,4.55));
#9520 = LINE('',#9521,#9522);
#9521 = CARTESIAN_POINT('',(2.885,2.,4.55));
#9522 = VECTOR('',#9523,1.);
#9523 = DIRECTION('',(0.,-1.,0.));
#9524 = ORIENTED_EDGE('',*,*,#9525,.T.);
#9525 = EDGE_CURVE('',#9518,#9487,#9526,.T.);
#9526 = LINE('',#9527,#9528);
#9527 = CARTESIAN_POINT('',(2.885,2.,5.3));
#9528 = VECTOR('',#9529,1.);
#9529 = DIRECTION('',(-0.,-0.,1.));
#9530 = ORIENTED_EDGE('',*,*,#9486,.T.);
#9531 = PLANE('',#9532);
#9532 = AXIS2_PLACEMENT_3D('',#9533,#9534,#9535);
#9533 = CARTESIAN_POINT('',(2.885,2.,5.3));
#9534 = DIRECTION('',(1.,0.,0.));
#9535 = DIRECTION('',(0.,0.,-1.));
#9536 = ADVANCED_FACE('',(#9537),#9553,.T.);
#9537 = FACE_BOUND('',#9538,.T.);
#9538 = EDGE_LOOP('',(#9539,#9545,#9546,#9552));
#9539 = ORIENTED_EDGE('',*,*,#9540,.F.);
#9540 = EDGE_CURVE('',#9441,#9510,#9541,.T.);
#9541 = LINE('',#9542,#9543);
#9542 = CARTESIAN_POINT('',(2.035,1.2,4.55));
#9543 = VECTOR('',#9544,1.);
#9544 = DIRECTION('',(1.,0.,0.));
#9545 = ORIENTED_EDGE('',*,*,#9464,.F.);
#9546 = ORIENTED_EDGE('',*,*,#9547,.T.);
#9547 = EDGE_CURVE('',#9457,#9518,#9548,.T.);
#9548 = LINE('',#9549,#9550);
#9549 = CARTESIAN_POINT('',(2.035,2.,4.55));
#9550 = VECTOR('',#9551,1.);
#9551 = DIRECTION('',(1.,0.,0.));
#9552 = ORIENTED_EDGE('',*,*,#9517,.T.);
#9553 = PLANE('',#9554);
#9554 = AXIS2_PLACEMENT_3D('',#9555,#9556,#9557);
#9555 = CARTESIAN_POINT('',(2.035,2.,4.55));
#9556 = DIRECTION('',(0.,0.,-1.));
#9557 = DIRECTION('',(-1.,0.,-0.));
#9558 = ADVANCED_FACE('',(#9559),#9565,.F.);
#9559 = FACE_BOUND('',#9560,.T.);
#9560 = EDGE_LOOP('',(#9561,#9562,#9563,#9564));
#9561 = ORIENTED_EDGE('',*,*,#9456,.F.);
#9562 = ORIENTED_EDGE('',*,*,#9494,.F.);
#9563 = ORIENTED_EDGE('',*,*,#9525,.F.);
#9564 = ORIENTED_EDGE('',*,*,#9547,.F.);
#9565 = PLANE('',#9566);
#9566 = AXIS2_PLACEMENT_3D('',#9567,#9568,#9569);
#9567 = CARTESIAN_POINT('',(0.,2.,0.));
#9568 = DIRECTION('',(0.,-1.,0.));
#9569 = DIRECTION('',(0.,-0.,-1.));
#9570 = ADVANCED_FACE('',(#9571),#9577,.T.);
#9571 = FACE_BOUND('',#9572,.T.);
#9572 = EDGE_LOOP('',(#9573,#9574,#9575,#9576));
#9573 = ORIENTED_EDGE('',*,*,#9438,.T.);
#9574 = ORIENTED_EDGE('',*,*,#9540,.T.);
#9575 = ORIENTED_EDGE('',*,*,#9509,.T.);
#9576 = ORIENTED_EDGE('',*,*,#9478,.T.);
#9577 = PLANE('',#9578);
#9578 = AXIS2_PLACEMENT_3D('',#9579,#9580,#9581);
#9579 = CARTESIAN_POINT('',(0.,1.2,0.));
#9580 = DIRECTION('',(0.,-1.,0.));
#9581 = DIRECTION('',(0.,-0.,-1.));
#9582 = MANIFOLD_SOLID_BREP('',#9583);
#9583 = CLOSED_SHELL('',(#9584,#9624,#9655,#9686,#9708,#9720));
#9584 = ADVANCED_FACE('',(#9585),#9619,.T.);
#9585 = FACE_BOUND('',#9586,.T.);
#9586 = EDGE_LOOP('',(#9587,#9597,#9605,#9613));
#9587 = ORIENTED_EDGE('',*,*,#9588,.F.);
#9588 = EDGE_CURVE('',#9589,#9591,#9593,.T.);
#9589 = VERTEX_POINT('',#9590);
#9590 = CARTESIAN_POINT('',(2.035,1.2,4.05));
#9591 = VERTEX_POINT('',#9592);
#9592 = CARTESIAN_POINT('',(2.035,1.2,3.3));
#9593 = LINE('',#9594,#9595);
#9594 = CARTESIAN_POINT('',(2.035,1.2,4.05));
#9595 = VECTOR('',#9596,1.);
#9596 = DIRECTION('',(0.,0.,-1.));
#9597 = ORIENTED_EDGE('',*,*,#9598,.F.);
#9598 = EDGE_CURVE('',#9599,#9589,#9601,.T.);
#9599 = VERTEX_POINT('',#9600);
#9600 = CARTESIAN_POINT('',(2.035,2.,4.05));
#9601 = LINE('',#9602,#9603);
#9602 = CARTESIAN_POINT('',(2.035,2.,4.05));
#9603 = VECTOR('',#9604,1.);
#9604 = DIRECTION('',(0.,-1.,0.));
#9605 = ORIENTED_EDGE('',*,*,#9606,.T.);
#9606 = EDGE_CURVE('',#9599,#9607,#9609,.T.);
#9607 = VERTEX_POINT('',#9608);
#9608 = CARTESIAN_POINT('',(2.035,2.,3.3));
#9609 = LINE('',#9610,#9611);
#9610 = CARTESIAN_POINT('',(2.035,2.,4.05));
#9611 = VECTOR('',#9612,1.);
#9612 = DIRECTION('',(0.,0.,-1.));
#9613 = ORIENTED_EDGE('',*,*,#9614,.T.);
#9614 = EDGE_CURVE('',#9607,#9591,#9615,.T.);
#9615 = LINE('',#9616,#9617);
#9616 = CARTESIAN_POINT('',(2.035,2.,3.3));
#9617 = VECTOR('',#9618,1.);
#9618 = DIRECTION('',(0.,-1.,0.));
#9619 = PLANE('',#9620);
#9620 = AXIS2_PLACEMENT_3D('',#9621,#9622,#9623);
#9621 = CARTESIAN_POINT('',(2.035,2.,4.05));
#9622 = DIRECTION('',(-1.,0.,-0.));
#9623 = DIRECTION('',(0.,0.,1.));
#9624 = ADVANCED_FACE('',(#9625),#9650,.T.);
#9625 = FACE_BOUND('',#9626,.T.);
#9626 = EDGE_LOOP('',(#9627,#9635,#9643,#9649));
#9627 = ORIENTED_EDGE('',*,*,#9628,.F.);
#9628 = EDGE_CURVE('',#9629,#9589,#9631,.T.);
#9629 = VERTEX_POINT('',#9630);
#9630 = CARTESIAN_POINT('',(2.885,1.2,4.05));
#9631 = LINE('',#9632,#9633);
#9632 = CARTESIAN_POINT('',(2.035,1.2,4.05));
#9633 = VECTOR('',#9634,1.);
#9634 = DIRECTION('',(-1.,-0.,-0.));
#9635 = ORIENTED_EDGE('',*,*,#9636,.F.);
#9636 = EDGE_CURVE('',#9637,#9629,#9639,.T.);
#9637 = VERTEX_POINT('',#9638);
#9638 = CARTESIAN_POINT('',(2.885,2.,4.05));
#9639 = LINE('',#9640,#9641);
#9640 = CARTESIAN_POINT('',(2.885,2.,4.05));
#9641 = VECTOR('',#9642,1.);
#9642 = DIRECTION('',(0.,-1.,0.));
#9643 = ORIENTED_EDGE('',*,*,#9644,.T.);
#9644 = EDGE_CURVE('',#9637,#9599,#9645,.T.);
#9645 = LINE('',#9646,#9647);
#9646 = CARTESIAN_POINT('',(2.035,2.,4.05));
#9647 = VECTOR('',#9648,1.);
#9648 = DIRECTION('',(-1.,-0.,-0.));
#9649 = ORIENTED_EDGE('',*,*,#9598,.T.);
#9650 = PLANE('',#9651);
#9651 = AXIS2_PLACEMENT_3D('',#9652,#9653,#9654);
#9652 = CARTESIAN_POINT('',(2.035,2.,4.05));
#9653 = DIRECTION('',(-0.,0.,1.));
#9654 = DIRECTION('',(1.,0.,0.));
#9655 = ADVANCED_FACE('',(#9656),#9681,.T.);
#9656 = FACE_BOUND('',#9657,.T.);
#9657 = EDGE_LOOP('',(#9658,#9666,#9674,#9680));
#9658 = ORIENTED_EDGE('',*,*,#9659,.F.);
#9659 = EDGE_CURVE('',#9660,#9629,#9662,.T.);
#9660 = VERTEX_POINT('',#9661);
#9661 = CARTESIAN_POINT('',(2.885,1.2,3.3));
#9662 = LINE('',#9663,#9664);
#9663 = CARTESIAN_POINT('',(2.885,1.2,4.05));
#9664 = VECTOR('',#9665,1.);
#9665 = DIRECTION('',(-0.,-0.,1.));
#9666 = ORIENTED_EDGE('',*,*,#9667,.F.);
#9667 = EDGE_CURVE('',#9668,#9660,#9670,.T.);
#9668 = VERTEX_POINT('',#9669);
#9669 = CARTESIAN_POINT('',(2.885,2.,3.3));
#9670 = LINE('',#9671,#9672);
#9671 = CARTESIAN_POINT('',(2.885,2.,3.3));
#9672 = VECTOR('',#9673,1.);
#9673 = DIRECTION('',(0.,-1.,0.));
#9674 = ORIENTED_EDGE('',*,*,#9675,.T.);
#9675 = EDGE_CURVE('',#9668,#9637,#9676,.T.);
#9676 = LINE('',#9677,#9678);
#9677 = CARTESIAN_POINT('',(2.885,2.,4.05));
#9678 = VECTOR('',#9679,1.);
#9679 = DIRECTION('',(-0.,-0.,1.));
#9680 = ORIENTED_EDGE('',*,*,#9636,.T.);
#9681 = PLANE('',#9682);
#9682 = AXIS2_PLACEMENT_3D('',#9683,#9684,#9685);
#9683 = CARTESIAN_POINT('',(2.885,2.,4.05));
#9684 = DIRECTION('',(1.,0.,0.));
#9685 = DIRECTION('',(0.,0.,-1.));
#9686 = ADVANCED_FACE('',(#9687),#9703,.T.);
#9687 = FACE_BOUND('',#9688,.T.);
#9688 = EDGE_LOOP('',(#9689,#9695,#9696,#9702));
#9689 = ORIENTED_EDGE('',*,*,#9690,.F.);
#9690 = EDGE_CURVE('',#9591,#9660,#9691,.T.);
#9691 = LINE('',#9692,#9693);
#9692 = CARTESIAN_POINT('',(2.035,1.2,3.3));
#9693 = VECTOR('',#9694,1.);
#9694 = DIRECTION('',(1.,0.,0.));
#9695 = ORIENTED_EDGE('',*,*,#9614,.F.);
#9696 = ORIENTED_EDGE('',*,*,#9697,.T.);
#9697 = EDGE_CURVE('',#9607,#9668,#9698,.T.);
#9698 = LINE('',#9699,#9700);
#9699 = CARTESIAN_POINT('',(2.035,2.,3.3));
#9700 = VECTOR('',#9701,1.);
#9701 = DIRECTION('',(1.,0.,0.));
#9702 = ORIENTED_EDGE('',*,*,#9667,.T.);
#9703 = PLANE('',#9704);
#9704 = AXIS2_PLACEMENT_3D('',#9705,#9706,#9707);
#9705 = CARTESIAN_POINT('',(2.035,2.,3.3));
#9706 = DIRECTION('',(0.,0.,-1.));
#9707 = DIRECTION('',(-1.,0.,-0.));
#9708 = ADVANCED_FACE('',(#9709),#9715,.F.);
#9709 = FACE_BOUND('',#9710,.T.);
#9710 = EDGE_LOOP('',(#9711,#9712,#9713,#9714));
#9711 = ORIENTED_EDGE('',*,*,#9606,.F.);
#9712 = ORIENTED_EDGE('',*,*,#9644,.F.);
#9713 = ORIENTED_EDGE('',*,*,#9675,.F.);
#9714 = ORIENTED_EDGE('',*,*,#9697,.F.);
#9715 = PLANE('',#9716);
#9716 = AXIS2_PLACEMENT_3D('',#9717,#9718,#9719);
#9717 = CARTESIAN_POINT('',(0.,2.,0.));
#9718 = DIRECTION('',(0.,-1.,0.));
#9719 = DIRECTION('',(0.,-0.,-1.));
#9720 = ADVANCED_FACE('',(#9721),#9727,.T.);
#9721 = FACE_BOUND('',#9722,.T.);
#9722 = EDGE_LOOP('',(#9723,#9724,#9725,#9726));
#9723 = ORIENTED_EDGE('',*,*,#9588,.T.);
#9724 = ORIENTED_EDGE('',*,*,#9690,.T.);
#9725 = ORIENTED_EDGE('',*,*,#9659,.T.);
#9726 = ORIENTED_EDGE('',*,*,#9628,.T.);
#9727 = PLANE('',#9728);
#9728 = AXIS2_PLACEMENT_3D('',#9729,#9730,#9731);
#9729 = CARTESIAN_POINT('',(0.,1.2,0.));
#9730 = DIRECTION('',(0.,-1.,0.));
#9731 = DIRECTION('',(0.,-0.,-1.));
#9732 = MANIFOLD_SOLID_BREP('',#9733);
#9733 = CLOSED_SHELL('',(#9734,#9774,#9805,#9836,#9858,#9870));
#9734 = ADVANCED_FACE('',(#9735),#9769,.T.);
#9735 = FACE_BOUND('',#9736,.T.);
#9736 = EDGE_LOOP('',(#9737,#9747,#9755,#9763));
#9737 = ORIENTED_EDGE('',*,*,#9738,.F.);
#9738 = EDGE_CURVE('',#9739,#9741,#9743,.T.);
#9739 = VERTEX_POINT('',#9740);
#9740 = CARTESIAN_POINT('',(-1.665,1.2,4.05));
#9741 = VERTEX_POINT('',#9742);
#9742 = CARTESIAN_POINT('',(-1.665,1.2,3.3));
#9743 = LINE('',#9744,#9745);
#9744 = CARTESIAN_POINT('',(-1.665,1.2,4.05));
#9745 = VECTOR('',#9746,1.);
#9746 = DIRECTION('',(0.,0.,-1.));
#9747 = ORIENTED_EDGE('',*,*,#9748,.F.);
#9748 = EDGE_CURVE('',#9749,#9739,#9751,.T.);
#9749 = VERTEX_POINT('',#9750);
#9750 = CARTESIAN_POINT('',(-1.665,2.,4.05));
#9751 = LINE('',#9752,#9753);
#9752 = CARTESIAN_POINT('',(-1.665,2.,4.05));
#9753 = VECTOR('',#9754,1.);
#9754 = DIRECTION('',(0.,-1.,0.));
#9755 = ORIENTED_EDGE('',*,*,#9756,.T.);
#9756 = EDGE_CURVE('',#9749,#9757,#9759,.T.);
#9757 = VERTEX_POINT('',#9758);
#9758 = CARTESIAN_POINT('',(-1.665,2.,3.3));
#9759 = LINE('',#9760,#9761);
#9760 = CARTESIAN_POINT('',(-1.665,2.,4.05));
#9761 = VECTOR('',#9762,1.);
#9762 = DIRECTION('',(0.,0.,-1.));
#9763 = ORIENTED_EDGE('',*,*,#9764,.T.);
#9764 = EDGE_CURVE('',#9757,#9741,#9765,.T.);
#9765 = LINE('',#9766,#9767);
#9766 = CARTESIAN_POINT('',(-1.665,2.,3.3));
#9767 = VECTOR('',#9768,1.);
#9768 = DIRECTION('',(0.,-1.,0.));
#9769 = PLANE('',#9770);
#9770 = AXIS2_PLACEMENT_3D('',#9771,#9772,#9773);
#9771 = CARTESIAN_POINT('',(-1.665,2.,4.05));
#9772 = DIRECTION('',(-1.,0.,-0.));
#9773 = DIRECTION('',(0.,0.,1.));
#9774 = ADVANCED_FACE('',(#9775),#9800,.T.);
#9775 = FACE_BOUND('',#9776,.T.);
#9776 = EDGE_LOOP('',(#9777,#9785,#9793,#9799));
#9777 = ORIENTED_EDGE('',*,*,#9778,.F.);
#9778 = EDGE_CURVE('',#9779,#9739,#9781,.T.);
#9779 = VERTEX_POINT('',#9780);
#9780 = CARTESIAN_POINT('',(-0.815,1.2,4.05));
#9781 = LINE('',#9782,#9783);
#9782 = CARTESIAN_POINT('',(-1.665,1.2,4.05));
#9783 = VECTOR('',#9784,1.);
#9784 = DIRECTION('',(-1.,-0.,-0.));
#9785 = ORIENTED_EDGE('',*,*,#9786,.F.);
#9786 = EDGE_CURVE('',#9787,#9779,#9789,.T.);
#9787 = VERTEX_POINT('',#9788);
#9788 = CARTESIAN_POINT('',(-0.815,2.,4.05));
#9789 = LINE('',#9790,#9791);
#9790 = CARTESIAN_POINT('',(-0.815,2.,4.05));
#9791 = VECTOR('',#9792,1.);
#9792 = DIRECTION('',(0.,-1.,0.));
#9793 = ORIENTED_EDGE('',*,*,#9794,.T.);
#9794 = EDGE_CURVE('',#9787,#9749,#9795,.T.);
#9795 = LINE('',#9796,#9797);
#9796 = CARTESIAN_POINT('',(-1.665,2.,4.05));
#9797 = VECTOR('',#9798,1.);
#9798 = DIRECTION('',(-1.,-0.,-0.));
#9799 = ORIENTED_EDGE('',*,*,#9748,.T.);
#9800 = PLANE('',#9801);
#9801 = AXIS2_PLACEMENT_3D('',#9802,#9803,#9804);
#9802 = CARTESIAN_POINT('',(-1.665,2.,4.05));
#9803 = DIRECTION('',(-0.,0.,1.));
#9804 = DIRECTION('',(1.,0.,0.));
#9805 = ADVANCED_FACE('',(#9806),#9831,.T.);
#9806 = FACE_BOUND('',#9807,.T.);
#9807 = EDGE_LOOP('',(#9808,#9816,#9824,#9830));
#9808 = ORIENTED_EDGE('',*,*,#9809,.F.);
#9809 = EDGE_CURVE('',#9810,#9779,#9812,.T.);
#9810 = VERTEX_POINT('',#9811);
#9811 = CARTESIAN_POINT('',(-0.815,1.2,3.3));
#9812 = LINE('',#9813,#9814);
#9813 = CARTESIAN_POINT('',(-0.815,1.2,4.05));
#9814 = VECTOR('',#9815,1.);
#9815 = DIRECTION('',(-0.,-0.,1.));
#9816 = ORIENTED_EDGE('',*,*,#9817,.F.);
#9817 = EDGE_CURVE('',#9818,#9810,#9820,.T.);
#9818 = VERTEX_POINT('',#9819);
#9819 = CARTESIAN_POINT('',(-0.815,2.,3.3));
#9820 = LINE('',#9821,#9822);
#9821 = CARTESIAN_POINT('',(-0.815,2.,3.3));
#9822 = VECTOR('',#9823,1.);
#9823 = DIRECTION('',(0.,-1.,0.));
#9824 = ORIENTED_EDGE('',*,*,#9825,.T.);
#9825 = EDGE_CURVE('',#9818,#9787,#9826,.T.);
#9826 = LINE('',#9827,#9828);
#9827 = CARTESIAN_POINT('',(-0.815,2.,4.05));
#9828 = VECTOR('',#9829,1.);
#9829 = DIRECTION('',(-0.,-0.,1.));
#9830 = ORIENTED_EDGE('',*,*,#9786,.T.);
#9831 = PLANE('',#9832);
#9832 = AXIS2_PLACEMENT_3D('',#9833,#9834,#9835);
#9833 = CARTESIAN_POINT('',(-0.815,2.,4.05));
#9834 = DIRECTION('',(1.,0.,0.));
#9835 = DIRECTION('',(0.,0.,-1.));
#9836 = ADVANCED_FACE('',(#9837),#9853,.T.);
#9837 = FACE_BOUND('',#9838,.T.);
#9838 = EDGE_LOOP('',(#9839,#9845,#9846,#9852));
#9839 = ORIENTED_EDGE('',*,*,#9840,.F.);
#9840 = EDGE_CURVE('',#9741,#9810,#9841,.T.);
#9841 = LINE('',#9842,#9843);
#9842 = CARTESIAN_POINT('',(-1.665,1.2,3.3));
#9843 = VECTOR('',#9844,1.);
#9844 = DIRECTION('',(1.,0.,0.));
#9845 = ORIENTED_EDGE('',*,*,#9764,.F.);
#9846 = ORIENTED_EDGE('',*,*,#9847,.T.);
#9847 = EDGE_CURVE('',#9757,#9818,#9848,.T.);
#9848 = LINE('',#9849,#9850);
#9849 = CARTESIAN_POINT('',(-1.665,2.,3.3));
#9850 = VECTOR('',#9851,1.);
#9851 = DIRECTION('',(1.,0.,0.));
#9852 = ORIENTED_EDGE('',*,*,#9817,.T.);
#9853 = PLANE('',#9854);
#9854 = AXIS2_PLACEMENT_3D('',#9855,#9856,#9857);
#9855 = CARTESIAN_POINT('',(-1.665,2.,3.3));
#9856 = DIRECTION('',(0.,0.,-1.));
#9857 = DIRECTION('',(-1.,0.,-0.));
#9858 = ADVANCED_FACE('',(#9859),#9865,.F.);
#9859 = FACE_BOUND('',#9860,.T.);
#9860 = EDGE_LOOP('',(#9861,#9862,#9863,#9864));
#9861 = ORIENTED_EDGE('',*,*,#9756,.F.);
#9862 = ORIENTED_EDGE('',*,*,#9794,.F.);
#9863 = ORIENTED_EDGE('',*,*,#9825,.F.);
#9864 = ORIENTED_EDGE('',*,*,#9847,.F.);
#9865 = PLANE('',#9866);
#9866 = AXIS2_PLACEMENT_3D('',#9867,#9868,#9869);
#9867 = CARTESIAN_POINT('',(0.,2.,0.));
#9868 = DIRECTION('',(0.,-1.,0.));
#9869 = DIRECTION('',(0.,-0.,-1.));
#9870 = ADVANCED_FACE('',(#9871),#9877,.T.);
#9871 = FACE_BOUND('',#9872,.T.);
#9872 = EDGE_LOOP('',(#9873,#9874,#9875,#9876));
#9873 = ORIENTED_EDGE('',*,*,#9738,.T.);
#9874 = ORIENTED_EDGE('',*,*,#9840,.T.);
#9875 = ORIENTED_EDGE('',*,*,#9809,.T.);
#9876 = ORIENTED_EDGE('',*,*,#9778,.T.);
#9877 = PLANE('',#9878);
#9878 = AXIS2_PLACEMENT_3D('',#9879,#9880,#9881);
#9879 = CARTESIAN_POINT('',(0.,1.2,0.));
#9880 = DIRECTION('',(0.,-1.,0.));
#9881 = DIRECTION('',(0.,-0.,-1.));
#9882 = MANIFOLD_SOLID_BREP('',#9883);
#9883 = CLOSED_SHELL('',(#9884,#9924,#9955,#9986,#10008,#10020));
#9884 = ADVANCED_FACE('',(#9885),#9919,.F.);
#9885 = FACE_BOUND('',#9886,.T.);
#9886 = EDGE_LOOP('',(#9887,#9897,#9905,#9913));
#9887 = ORIENTED_EDGE('',*,*,#9888,.F.);
#9888 = EDGE_CURVE('',#9889,#9891,#9893,.T.);
#9889 = VERTEX_POINT('',#9890);
#9890 = CARTESIAN_POINT('',(-0.515,1.4,6.725));
#9891 = VERTEX_POINT('',#9892);
#9892 = CARTESIAN_POINT('',(-0.515,1.2,6.725));
#9893 = LINE('',#9894,#9895);
#9894 = CARTESIAN_POINT('',(-0.515,2.,6.725));
#9895 = VECTOR('',#9896,1.);
#9896 = DIRECTION('',(-0.,-1.,-0.));
#9897 = ORIENTED_EDGE('',*,*,#9898,.F.);
#9898 = EDGE_CURVE('',#9899,#9889,#9901,.T.);
#9899 = VERTEX_POINT('',#9900);
#9900 = CARTESIAN_POINT('',(-0.815,1.4,6.725));
#9901 = LINE('',#9902,#9903);
#9902 = CARTESIAN_POINT('',(-0.815,1.4,6.725));
#9903 = VECTOR('',#9904,1.);
#9904 = DIRECTION('',(1.,0.,0.));
#9905 = ORIENTED_EDGE('',*,*,#9906,.T.);
#9906 = EDGE_CURVE('',#9899,#9907,#9909,.T.);
#9907 = VERTEX_POINT('',#9908);
#9908 = CARTESIAN_POINT('',(-0.815,1.2,6.725));
#9909 = LINE('',#9910,#9911);
#9910 = CARTESIAN_POINT('',(-0.815,2.,6.725));
#9911 = VECTOR('',#9912,1.);
#9912 = DIRECTION('',(-0.,-1.,-0.));
#9913 = ORIENTED_EDGE('',*,*,#9914,.T.);
#9914 = EDGE_CURVE('',#9907,#9891,#9915,.T.);
#9915 = LINE('',#9916,#9917);
#9916 = CARTESIAN_POINT('',(-0.815,1.2,6.725));
#9917 = VECTOR('',#9918,1.);
#9918 = DIRECTION('',(1.,0.,0.));
#9919 = PLANE('',#9920);
#9920 = AXIS2_PLACEMENT_3D('',#9921,#9922,#9923);
#9921 = CARTESIAN_POINT('',(-0.815,2.,6.725));
#9922 = DIRECTION('',(0.,0.,-1.));
#9923 = DIRECTION('',(-1.,0.,-0.));
#9924 = ADVANCED_FACE('',(#9925),#9950,.F.);
#9925 = FACE_BOUND('',#9926,.T.);
#9926 = EDGE_LOOP('',(#9927,#9937,#9943,#9944));
#9927 = ORIENTED_EDGE('',*,*,#9928,.F.);
#9928 = EDGE_CURVE('',#9929,#9931,#9933,.T.);
#9929 = VERTEX_POINT('',#9930);
#9930 = CARTESIAN_POINT('',(-0.515,1.4,5.975));
#9931 = VERTEX_POINT('',#9932);
#9932 = CARTESIAN_POINT('',(-0.515,1.2,5.975));
#9933 = LINE('',#9934,#9935);
#9934 = CARTESIAN_POINT('',(-0.515,2.,5.975));
#9935 = VECTOR('',#9936,1.);
#9936 = DIRECTION('',(-0.,-1.,-0.));
#9937 = ORIENTED_EDGE('',*,*,#9938,.T.);
#9938 = EDGE_CURVE('',#9929,#9889,#9939,.T.);
#9939 = LINE('',#9940,#9941);
#9940 = CARTESIAN_POINT('',(-0.515,1.4,5.3));
#9941 = VECTOR('',#9942,1.);
#9942 = DIRECTION('',(-0.,-0.,1.));
#9943 = ORIENTED_EDGE('',*,*,#9888,.T.);
#9944 = ORIENTED_EDGE('',*,*,#9945,.T.);
#9945 = EDGE_CURVE('',#9891,#9931,#9946,.T.);
#9946 = LINE('',#9947,#9948);
#9947 = CARTESIAN_POINT('',(-0.515,1.2,6.725));
#9948 = VECTOR('',#9949,1.);
#9949 = DIRECTION('',(-1.445602896647E-16,0.,-1.));
#9950 = PLANE('',#9951);
#9951 = AXIS2_PLACEMENT_3D('',#9952,#9953,#9954);
#9952 = CARTESIAN_POINT('',(-0.515,2.,6.725));
#9953 = DIRECTION('',(-1.,0.,1.445602896647E-16));
#9954 = DIRECTION('',(1.445602896647E-16,0.,1.));
#9955 = ADVANCED_FACE('',(#9956),#9981,.F.);
#9956 = FACE_BOUND('',#9957,.T.);
#9957 = EDGE_LOOP('',(#9958,#9968,#9974,#9975));
#9958 = ORIENTED_EDGE('',*,*,#9959,.F.);
#9959 = EDGE_CURVE('',#9960,#9962,#9964,.T.);
#9960 = VERTEX_POINT('',#9961);
#9961 = CARTESIAN_POINT('',(-0.815,1.4,5.975));
#9962 = VERTEX_POINT('',#9963);
#9963 = CARTESIAN_POINT('',(-0.815,1.2,5.975));
#9964 = LINE('',#9965,#9966);
#9965 = CARTESIAN_POINT('',(-0.815,2.,5.975));
#9966 = VECTOR('',#9967,1.);
#9967 = DIRECTION('',(-0.,-1.,-0.));
#9968 = ORIENTED_EDGE('',*,*,#9969,.T.);
#9969 = EDGE_CURVE('',#9960,#9929,#9970,.T.);
#9970 = LINE('',#9971,#9972);
#9971 = CARTESIAN_POINT('',(-0.815,1.4,5.975));
#9972 = VECTOR('',#9973,1.);
#9973 = DIRECTION('',(1.,0.,-0.));
#9974 = ORIENTED_EDGE('',*,*,#9928,.T.);
#9975 = ORIENTED_EDGE('',*,*,#9976,.T.);
#9976 = EDGE_CURVE('',#9931,#9962,#9977,.T.);
#9977 = LINE('',#9978,#9979);
#9978 = CARTESIAN_POINT('',(-0.815,1.2,5.975));
#9979 = VECTOR('',#9980,1.);
#9980 = DIRECTION('',(-1.,-0.,-0.));
#9981 = PLANE('',#9982);
#9982 = AXIS2_PLACEMENT_3D('',#9983,#9984,#9985);
#9983 = CARTESIAN_POINT('',(-0.815,2.,5.975));
#9984 = DIRECTION('',(0.,0.,1.));
#9985 = DIRECTION('',(1.,0.,-0.));
#9986 = ADVANCED_FACE('',(#9987),#10003,.F.);
#9987 = FACE_BOUND('',#9988,.T.);
#9988 = EDGE_LOOP('',(#9989,#9990,#9996,#9997));
#9989 = ORIENTED_EDGE('',*,*,#9906,.F.);
#9990 = ORIENTED_EDGE('',*,*,#9991,.T.);
#9991 = EDGE_CURVE('',#9899,#9960,#9992,.T.);
#9992 = LINE('',#9993,#9994);
#9993 = CARTESIAN_POINT('',(-0.815,1.4,6.725));
#9994 = VECTOR('',#9995,1.);
#9995 = DIRECTION('',(0.,0.,-1.));
#9996 = ORIENTED_EDGE('',*,*,#9959,.T.);
#9997 = ORIENTED_EDGE('',*,*,#9998,.T.);
#9998 = EDGE_CURVE('',#9962,#9907,#9999,.T.);
#9999 = LINE('',#10000,#10001);
#10000 = CARTESIAN_POINT('',(-0.815,1.2,6.725));
#10001 = VECTOR('',#10002,1.);
#10002 = DIRECTION('',(-0.,-0.,1.));
#10003 = PLANE('',#10004);
#10004 = AXIS2_PLACEMENT_3D('',#10005,#10006,#10007);
#10005 = CARTESIAN_POINT('',(-0.815,2.,6.725));
#10006 = DIRECTION('',(1.,-0.,0.));
#10007 = DIRECTION('',(0.,0.,-1.));
#10008 = ADVANCED_FACE('',(#10009),#10015,.F.);
#10009 = FACE_BOUND('',#10010,.T.);
#10010 = EDGE_LOOP('',(#10011,#10012,#10013,#10014));
#10011 = ORIENTED_EDGE('',*,*,#9914,.F.);
#10012 = ORIENTED_EDGE('',*,*,#9998,.F.);
#10013 = ORIENTED_EDGE('',*,*,#9976,.F.);
#10014 = ORIENTED_EDGE('',*,*,#9945,.F.);
#10015 = PLANE('',#10016);
#10016 = AXIS2_PLACEMENT_3D('',#10017,#10018,#10019);
#10017 = CARTESIAN_POINT('',(0.,1.2,0.));
#10018 = DIRECTION('',(-0.,1.,0.));
#10019 = DIRECTION('',(0.,0.,1.));
#10020 = ADVANCED_FACE('',(#10021),#10027,.F.);
#10021 = FACE_BOUND('',#10022,.T.);
#10022 = EDGE_LOOP('',(#10023,#10024,#10025,#10026));
#10023 = ORIENTED_EDGE('',*,*,#9991,.F.);
#10024 = ORIENTED_EDGE('',*,*,#9898,.T.);
#10025 = ORIENTED_EDGE('',*,*,#9938,.F.);
#10026 = ORIENTED_EDGE('',*,*,#9969,.F.);
#10027 = PLANE('',#10028);
#10028 = AXIS2_PLACEMENT_3D('',#10029,#10030,#10031);
#10029 = CARTESIAN_POINT('',(-0.815,1.4,5.3));
#10030 = DIRECTION('',(0.,-1.,0.));
#10031 = DIRECTION('',(0.,-0.,-1.));
#10032 = MANIFOLD_SOLID_BREP('',#10033);
#10033 = CLOSED_SHELL('',(#10034,#10074,#10105,#10136,#10158,#10170));
#10034 = ADVANCED_FACE('',(#10035),#10069,.F.);
#10035 = FACE_BOUND('',#10036,.T.);
#10036 = EDGE_LOOP('',(#10037,#10047,#10055,#10063));
#10037 = ORIENTED_EDGE('',*,*,#10038,.F.);
#10038 = EDGE_CURVE('',#10039,#10041,#10043,.T.);
#10039 = VERTEX_POINT('',#10040);
#10040 = CARTESIAN_POINT('',(-1.665,1.4,6.725));
#10041 = VERTEX_POINT('',#10042);
#10042 = CARTESIAN_POINT('',(-1.665,1.2,6.725));
#10043 = LINE('',#10044,#10045);
#10044 = CARTESIAN_POINT('',(-1.665,2.,6.725));
#10045 = VECTOR('',#10046,1.);
#10046 = DIRECTION('',(-0.,-1.,-0.));
#10047 = ORIENTED_EDGE('',*,*,#10048,.F.);
#10048 = EDGE_CURVE('',#10049,#10039,#10051,.T.);
#10049 = VERTEX_POINT('',#10050);
#10050 = CARTESIAN_POINT('',(-1.965,1.4,6.725));
#10051 = LINE('',#10052,#10053);
#10052 = CARTESIAN_POINT('',(-1.965,1.4,6.725));
#10053 = VECTOR('',#10054,1.);
#10054 = DIRECTION('',(1.,0.,0.));
#10055 = ORIENTED_EDGE('',*,*,#10056,.T.);
#10056 = EDGE_CURVE('',#10049,#10057,#10059,.T.);
#10057 = VERTEX_POINT('',#10058);
#10058 = CARTESIAN_POINT('',(-1.965,1.2,6.725));
#10059 = LINE('',#10060,#10061);
#10060 = CARTESIAN_POINT('',(-1.965,2.,6.725));
#10061 = VECTOR('',#10062,1.);
#10062 = DIRECTION('',(-0.,-1.,-0.));
#10063 = ORIENTED_EDGE('',*,*,#10064,.T.);
#10064 = EDGE_CURVE('',#10057,#10041,#10065,.T.);
#10065 = LINE('',#10066,#10067);
#10066 = CARTESIAN_POINT('',(-1.965,1.2,6.725));
#10067 = VECTOR('',#10068,1.);
#10068 = DIRECTION('',(1.,0.,0.));
#10069 = PLANE('',#10070);
#10070 = AXIS2_PLACEMENT_3D('',#10071,#10072,#10073);
#10071 = CARTESIAN_POINT('',(-1.965,2.,6.725));
#10072 = DIRECTION('',(0.,0.,-1.));
#10073 = DIRECTION('',(-1.,0.,-0.));
#10074 = ADVANCED_FACE('',(#10075),#10100,.F.);
#10075 = FACE_BOUND('',#10076,.T.);
#10076 = EDGE_LOOP('',(#10077,#10087,#10093,#10094));
#10077 = ORIENTED_EDGE('',*,*,#10078,.F.);
#10078 = EDGE_CURVE('',#10079,#10081,#10083,.T.);
#10079 = VERTEX_POINT('',#10080);
#10080 = CARTESIAN_POINT('',(-1.665,1.4,5.975));
#10081 = VERTEX_POINT('',#10082);
#10082 = CARTESIAN_POINT('',(-1.665,1.2,5.975));
#10083 = LINE('',#10084,#10085);
#10084 = CARTESIAN_POINT('',(-1.665,2.,5.975));
#10085 = VECTOR('',#10086,1.);
#10086 = DIRECTION('',(-0.,-1.,-0.));
#10087 = ORIENTED_EDGE('',*,*,#10088,.T.);
#10088 = EDGE_CURVE('',#10079,#10039,#10089,.T.);
#10089 = LINE('',#10090,#10091);
#10090 = CARTESIAN_POINT('',(-1.665,1.4,5.3));
#10091 = VECTOR('',#10092,1.);
#10092 = DIRECTION('',(-0.,-0.,1.));
#10093 = ORIENTED_EDGE('',*,*,#10038,.T.);
#10094 = ORIENTED_EDGE('',*,*,#10095,.T.);
#10095 = EDGE_CURVE('',#10041,#10081,#10096,.T.);
#10096 = LINE('',#10097,#10098);
#10097 = CARTESIAN_POINT('',(-1.665,1.2,6.725));
#10098 = VECTOR('',#10099,1.);
#10099 = DIRECTION('',(0.,0.,-1.));
#10100 = PLANE('',#10101);
#10101 = AXIS2_PLACEMENT_3D('',#10102,#10103,#10104);
#10102 = CARTESIAN_POINT('',(-1.665,2.,6.725));
#10103 = DIRECTION('',(-1.,0.,0.));
#10104 = DIRECTION('',(0.,0.,1.));
#10105 = ADVANCED_FACE('',(#10106),#10131,.F.);
#10106 = FACE_BOUND('',#10107,.T.);
#10107 = EDGE_LOOP('',(#10108,#10118,#10124,#10125));
#10108 = ORIENTED_EDGE('',*,*,#10109,.F.);
#10109 = EDGE_CURVE('',#10110,#10112,#10114,.T.);
#10110 = VERTEX_POINT('',#10111);
#10111 = CARTESIAN_POINT('',(-1.965,1.4,5.975));
#10112 = VERTEX_POINT('',#10113);
#10113 = CARTESIAN_POINT('',(-1.965,1.2,5.975));
#10114 = LINE('',#10115,#10116);
#10115 = CARTESIAN_POINT('',(-1.965,2.,5.975));
#10116 = VECTOR('',#10117,1.);
#10117 = DIRECTION('',(-0.,-1.,-0.));
#10118 = ORIENTED_EDGE('',*,*,#10119,.T.);
#10119 = EDGE_CURVE('',#10110,#10079,#10120,.T.);
#10120 = LINE('',#10121,#10122);
#10121 = CARTESIAN_POINT('',(-1.965,1.4,5.975));
#10122 = VECTOR('',#10123,1.);
#10123 = DIRECTION('',(1.,0.,-0.));
#10124 = ORIENTED_EDGE('',*,*,#10078,.T.);
#10125 = ORIENTED_EDGE('',*,*,#10126,.T.);
#10126 = EDGE_CURVE('',#10081,#10112,#10127,.T.);
#10127 = LINE('',#10128,#10129);
#10128 = CARTESIAN_POINT('',(-1.965,1.2,5.975));
#10129 = VECTOR('',#10130,1.);
#10130 = DIRECTION('',(-1.,-0.,-0.));
#10131 = PLANE('',#10132);
#10132 = AXIS2_PLACEMENT_3D('',#10133,#10134,#10135);
#10133 = CARTESIAN_POINT('',(-1.965,2.,5.975));
#10134 = DIRECTION('',(0.,0.,1.));
#10135 = DIRECTION('',(1.,0.,-0.));
#10136 = ADVANCED_FACE('',(#10137),#10153,.F.);
#10137 = FACE_BOUND('',#10138,.T.);
#10138 = EDGE_LOOP('',(#10139,#10140,#10146,#10147));
#10139 = ORIENTED_EDGE('',*,*,#10056,.F.);
#10140 = ORIENTED_EDGE('',*,*,#10141,.F.);
#10141 = EDGE_CURVE('',#10110,#10049,#10142,.T.);
#10142 = LINE('',#10143,#10144);
#10143 = CARTESIAN_POINT('',(-1.965,1.4,5.3));
#10144 = VECTOR('',#10145,1.);
#10145 = DIRECTION('',(-0.,-0.,1.));
#10146 = ORIENTED_EDGE('',*,*,#10109,.T.);
#10147 = ORIENTED_EDGE('',*,*,#10148,.T.);
#10148 = EDGE_CURVE('',#10112,#10057,#10149,.T.);
#10149 = LINE('',#10150,#10151);
#10150 = CARTESIAN_POINT('',(-1.965,1.2,6.725));
#10151 = VECTOR('',#10152,1.);
#10152 = DIRECTION('',(-0.,-0.,1.));
#10153 = PLANE('',#10154);
#10154 = AXIS2_PLACEMENT_3D('',#10155,#10156,#10157);
#10155 = CARTESIAN_POINT('',(-1.965,2.,6.725));
#10156 = DIRECTION('',(1.,-0.,0.));
#10157 = DIRECTION('',(0.,0.,-1.));
#10158 = ADVANCED_FACE('',(#10159),#10165,.F.);
#10159 = FACE_BOUND('',#10160,.T.);
#10160 = EDGE_LOOP('',(#10161,#10162,#10163,#10164));
#10161 = ORIENTED_EDGE('',*,*,#10064,.F.);
#10162 = ORIENTED_EDGE('',*,*,#10148,.F.);
#10163 = ORIENTED_EDGE('',*,*,#10126,.F.);
#10164 = ORIENTED_EDGE('',*,*,#10095,.F.);
#10165 = PLANE('',#10166);
#10166 = AXIS2_PLACEMENT_3D('',#10167,#10168,#10169);
#10167 = CARTESIAN_POINT('',(0.,1.2,0.));
#10168 = DIRECTION('',(-0.,1.,0.));
#10169 = DIRECTION('',(0.,0.,1.));
#10170 = ADVANCED_FACE('',(#10171),#10177,.F.);
#10171 = FACE_BOUND('',#10172,.T.);
#10172 = EDGE_LOOP('',(#10173,#10174,#10175,#10176));
#10173 = ORIENTED_EDGE('',*,*,#10141,.T.);
#10174 = ORIENTED_EDGE('',*,*,#10048,.T.);
#10175 = ORIENTED_EDGE('',*,*,#10088,.F.);
#10176 = ORIENTED_EDGE('',*,*,#10119,.F.);
#10177 = PLANE('',#10178);
#10178 = AXIS2_PLACEMENT_3D('',#10179,#10180,#10181);
#10179 = CARTESIAN_POINT('',(-1.965,1.4,5.3));
#10180 = DIRECTION('',(0.,-1.,0.));
#10181 = DIRECTION('',(0.,-0.,-1.));
#10182 = MANIFOLD_SOLID_BREP('',#10183);
#10183 = CLOSED_SHELL('',(#10184,#10224,#10271,#10302,#10340,#10352,
    #10369,#10386));
#10184 = ADVANCED_FACE('',(#10185),#10219,.T.);
#10185 = FACE_BOUND('',#10186,.T.);
#10186 = EDGE_LOOP('',(#10187,#10197,#10205,#10213));
#10187 = ORIENTED_EDGE('',*,*,#10188,.F.);
#10188 = EDGE_CURVE('',#10189,#10191,#10193,.T.);
#10189 = VERTEX_POINT('',#10190);
#10190 = CARTESIAN_POINT('',(-1.665,1.4,5.975));
#10191 = VERTEX_POINT('',#10192);
#10192 = CARTESIAN_POINT('',(-1.665,1.4,6.725));
#10193 = LINE('',#10194,#10195);
#10194 = CARTESIAN_POINT('',(-1.665,1.4,5.3));
#10195 = VECTOR('',#10196,1.);
#10196 = DIRECTION('',(-0.,-0.,1.));
#10197 = ORIENTED_EDGE('',*,*,#10198,.T.);
#10198 = EDGE_CURVE('',#10189,#10199,#10201,.T.);
#10199 = VERTEX_POINT('',#10200);
#10200 = CARTESIAN_POINT('',(-1.665,1.2,5.975));
#10201 = LINE('',#10202,#10203);
#10202 = CARTESIAN_POINT('',(-1.665,2.,5.975));
#10203 = VECTOR('',#10204,1.);
#10204 = DIRECTION('',(0.,-1.,0.));
#10205 = ORIENTED_EDGE('',*,*,#10206,.F.);
#10206 = EDGE_CURVE('',#10207,#10199,#10209,.T.);
#10207 = VERTEX_POINT('',#10208);
#10208 = CARTESIAN_POINT('',(-1.665,1.2,6.725));
#10209 = LINE('',#10210,#10211);
#10210 = CARTESIAN_POINT('',(-1.665,1.2,6.725));
#10211 = VECTOR('',#10212,1.);
#10212 = DIRECTION('',(0.,0.,-1.));
#10213 = ORIENTED_EDGE('',*,*,#10214,.F.);
#10214 = EDGE_CURVE('',#10191,#10207,#10215,.T.);
#10215 = LINE('',#10216,#10217);
#10216 = CARTESIAN_POINT('',(-1.665,2.,6.725));
#10217 = VECTOR('',#10218,1.);
#10218 = DIRECTION('',(0.,-1.,0.));
#10219 = PLANE('',#10220);
#10220 = AXIS2_PLACEMENT_3D('',#10221,#10222,#10223);
#10221 = CARTESIAN_POINT('',(-1.665,2.,6.725));
#10222 = DIRECTION('',(-1.,0.,-0.));
#10223 = DIRECTION('',(0.,0.,1.));
#10224 = ADVANCED_FACE('',(#10225),#10266,.T.);
#10225 = FACE_BOUND('',#10226,.T.);
#10226 = EDGE_LOOP('',(#10227,#10237,#10245,#10251,#10252,#10260));
#10227 = ORIENTED_EDGE('',*,*,#10228,.F.);
#10228 = EDGE_CURVE('',#10229,#10231,#10233,.T.);
#10229 = VERTEX_POINT('',#10230);
#10230 = CARTESIAN_POINT('',(-0.921278280835,1.9,6.725));
#10231 = VERTEX_POINT('',#10232);
#10232 = CARTESIAN_POINT('',(-0.815,1.4,6.725));
#10233 = LINE('',#10234,#10235);
#10234 = CARTESIAN_POINT('',(-0.921278280835,1.9,6.725));
#10235 = VECTOR('',#10236,1.);
#10236 = DIRECTION('',(0.207911690818,-0.978147600734,0.));
#10237 = ORIENTED_EDGE('',*,*,#10238,.F.);
#10238 = EDGE_CURVE('',#10239,#10229,#10241,.T.);
#10239 = VERTEX_POINT('',#10240);
#10240 = CARTESIAN_POINT('',(-1.558721719165,1.9,6.725));
#10241 = LINE('',#10242,#10243);
#10242 = CARTESIAN_POINT('',(-1.558721719165,1.9,6.725));
#10243 = VECTOR('',#10244,1.);
#10244 = DIRECTION('',(1.,0.,0.));
#10245 = ORIENTED_EDGE('',*,*,#10246,.F.);
#10246 = EDGE_CURVE('',#10191,#10239,#10247,.T.);
#10247 = LINE('',#10248,#10249);
#10248 = CARTESIAN_POINT('',(-1.665,1.4,6.725));
#10249 = VECTOR('',#10250,1.);
#10250 = DIRECTION('',(0.207911690818,0.978147600734,0.));
#10251 = ORIENTED_EDGE('',*,*,#10214,.T.);
#10252 = ORIENTED_EDGE('',*,*,#10253,.F.);
#10253 = EDGE_CURVE('',#10254,#10207,#10256,.T.);
#10254 = VERTEX_POINT('',#10255);
#10255 = CARTESIAN_POINT('',(-0.815,1.2,6.725));
#10256 = LINE('',#10257,#10258);
#10257 = CARTESIAN_POINT('',(-1.665,1.2,6.725));
#10258 = VECTOR('',#10259,1.);
#10259 = DIRECTION('',(-1.,-0.,-0.));
#10260 = ORIENTED_EDGE('',*,*,#10261,.F.);
#10261 = EDGE_CURVE('',#10231,#10254,#10262,.T.);
#10262 = LINE('',#10263,#10264);
#10263 = CARTESIAN_POINT('',(-0.815,2.,6.725));
#10264 = VECTOR('',#10265,1.);
#10265 = DIRECTION('',(0.,-1.,0.));
#10266 = PLANE('',#10267);
#10267 = AXIS2_PLACEMENT_3D('',#10268,#10269,#10270);
#10268 = CARTESIAN_POINT('',(-1.665,2.,6.725));
#10269 = DIRECTION('',(-0.,0.,1.));
#10270 = DIRECTION('',(1.,0.,0.));
#10271 = ADVANCED_FACE('',(#10272),#10297,.T.);
#10272 = FACE_BOUND('',#10273,.T.);
#10273 = EDGE_LOOP('',(#10274,#10282,#10283,#10291));
#10274 = ORIENTED_EDGE('',*,*,#10275,.T.);
#10275 = EDGE_CURVE('',#10276,#10231,#10278,.T.);
#10276 = VERTEX_POINT('',#10277);
#10277 = CARTESIAN_POINT('',(-0.815,1.4,5.975));
#10278 = LINE('',#10279,#10280);
#10279 = CARTESIAN_POINT('',(-0.815,1.4,5.3));
#10280 = VECTOR('',#10281,1.);
#10281 = DIRECTION('',(-0.,-0.,1.));
#10282 = ORIENTED_EDGE('',*,*,#10261,.T.);
#10283 = ORIENTED_EDGE('',*,*,#10284,.F.);
#10284 = EDGE_CURVE('',#10285,#10254,#10287,.T.);
#10285 = VERTEX_POINT('',#10286);
#10286 = CARTESIAN_POINT('',(-0.815,1.2,5.975));
#10287 = LINE('',#10288,#10289);
#10288 = CARTESIAN_POINT('',(-0.815,1.2,6.725));
#10289 = VECTOR('',#10290,1.);
#10290 = DIRECTION('',(-0.,-0.,1.));
#10291 = ORIENTED_EDGE('',*,*,#10292,.F.);
#10292 = EDGE_CURVE('',#10276,#10285,#10293,.T.);
#10293 = LINE('',#10294,#10295);
#10294 = CARTESIAN_POINT('',(-0.815,2.,5.975));
#10295 = VECTOR('',#10296,1.);
#10296 = DIRECTION('',(0.,-1.,0.));
#10297 = PLANE('',#10298);
#10298 = AXIS2_PLACEMENT_3D('',#10299,#10300,#10301);
#10299 = CARTESIAN_POINT('',(-0.815,2.,6.725));
#10300 = DIRECTION('',(1.,0.,0.));
#10301 = DIRECTION('',(0.,0.,-1.));
#10302 = ADVANCED_FACE('',(#10303),#10335,.T.);
#10303 = FACE_BOUND('',#10304,.T.);
#10304 = EDGE_LOOP('',(#10305,#10313,#10314,#10320,#10321,#10329));
#10305 = ORIENTED_EDGE('',*,*,#10306,.F.);
#10306 = EDGE_CURVE('',#10276,#10307,#10309,.T.);
#10307 = VERTEX_POINT('',#10308);
#10308 = CARTESIAN_POINT('',(-0.921278280835,1.9,5.975));
#10309 = LINE('',#10310,#10311);
#10310 = CARTESIAN_POINT('',(-0.973764173425,2.1469267106,5.975));
#10311 = VECTOR('',#10312,1.);
#10312 = DIRECTION('',(-0.207911690818,0.978147600734,0.));
#10313 = ORIENTED_EDGE('',*,*,#10292,.T.);
#10314 = ORIENTED_EDGE('',*,*,#10315,.F.);
#10315 = EDGE_CURVE('',#10199,#10285,#10316,.T.);
#10316 = LINE('',#10317,#10318);
#10317 = CARTESIAN_POINT('',(-1.665,1.2,5.975));
#10318 = VECTOR('',#10319,1.);
#10319 = DIRECTION('',(1.,0.,0.));
#10320 = ORIENTED_EDGE('',*,*,#10198,.F.);
#10321 = ORIENTED_EDGE('',*,*,#10322,.F.);
#10322 = EDGE_CURVE('',#10323,#10189,#10325,.T.);
#10323 = VERTEX_POINT('',#10324);
#10324 = CARTESIAN_POINT('',(-1.558721719165,1.9,5.975));
#10325 = LINE('',#10326,#10327);
#10326 = CARTESIAN_POINT('',(-1.542979007077,1.974063637293,5.975));
#10327 = VECTOR('',#10328,1.);
#10328 = DIRECTION('',(-0.207911690818,-0.978147600734,0.));
#10329 = ORIENTED_EDGE('',*,*,#10330,.F.);
#10330 = EDGE_CURVE('',#10307,#10323,#10331,.T.);
#10331 = LINE('',#10332,#10333);
#10332 = CARTESIAN_POINT('',(-1.665,1.9,5.975));
#10333 = VECTOR('',#10334,1.);
#10334 = DIRECTION('',(-1.,0.,0.));
#10335 = PLANE('',#10336);
#10336 = AXIS2_PLACEMENT_3D('',#10337,#10338,#10339);
#10337 = CARTESIAN_POINT('',(-1.665,2.,5.975));
#10338 = DIRECTION('',(0.,0.,-1.));
#10339 = DIRECTION('',(-1.,0.,-0.));
#10340 = ADVANCED_FACE('',(#10341),#10347,.T.);
#10341 = FACE_BOUND('',#10342,.T.);
#10342 = EDGE_LOOP('',(#10343,#10344,#10345,#10346));
#10343 = ORIENTED_EDGE('',*,*,#10206,.T.);
#10344 = ORIENTED_EDGE('',*,*,#10315,.T.);
#10345 = ORIENTED_EDGE('',*,*,#10284,.T.);
#10346 = ORIENTED_EDGE('',*,*,#10253,.T.);
#10347 = PLANE('',#10348);
#10348 = AXIS2_PLACEMENT_3D('',#10349,#10350,#10351);
#10349 = CARTESIAN_POINT('',(0.,1.2,0.));
#10350 = DIRECTION('',(0.,-1.,0.));
#10351 = DIRECTION('',(0.,-0.,-1.));
#10352 = ADVANCED_FACE('',(#10353),#10364,.F.);
#10353 = FACE_BOUND('',#10354,.T.);
#10354 = EDGE_LOOP('',(#10355,#10356,#10362,#10363));
#10355 = ORIENTED_EDGE('',*,*,#10306,.T.);
#10356 = ORIENTED_EDGE('',*,*,#10357,.T.);
#10357 = EDGE_CURVE('',#10307,#10229,#10358,.T.);
#10358 = LINE('',#10359,#10360);
#10359 = CARTESIAN_POINT('',(-0.921278280835,1.9,5.3));
#10360 = VECTOR('',#10361,1.);
#10361 = DIRECTION('',(-0.,-0.,1.));
#10362 = ORIENTED_EDGE('',*,*,#10228,.T.);
#10363 = ORIENTED_EDGE('',*,*,#10275,.F.);
#10364 = PLANE('',#10365);
#10365 = AXIS2_PLACEMENT_3D('',#10366,#10367,#10368);
#10366 = CARTESIAN_POINT('',(-0.921278280835,1.9,5.3));
#10367 = DIRECTION('',(-0.978147600734,-0.207911690818,0.));
#10368 = DIRECTION('',(0.207911690818,-0.978147600734,0.));
#10369 = ADVANCED_FACE('',(#10370),#10381,.F.);
#10370 = FACE_BOUND('',#10371,.T.);
#10371 = EDGE_LOOP('',(#10372,#10373,#10379,#10380));
#10372 = ORIENTED_EDGE('',*,*,#10330,.T.);
#10373 = ORIENTED_EDGE('',*,*,#10374,.T.);
#10374 = EDGE_CURVE('',#10323,#10239,#10375,.T.);
#10375 = LINE('',#10376,#10377);
#10376 = CARTESIAN_POINT('',(-1.558721719165,1.9,5.3));
#10377 = VECTOR('',#10378,1.);
#10378 = DIRECTION('',(-0.,-0.,1.));
#10379 = ORIENTED_EDGE('',*,*,#10238,.T.);
#10380 = ORIENTED_EDGE('',*,*,#10357,.F.);
#10381 = PLANE('',#10382);
#10382 = AXIS2_PLACEMENT_3D('',#10383,#10384,#10385);
#10383 = CARTESIAN_POINT('',(-1.558721719165,1.9,5.3));
#10384 = DIRECTION('',(0.,-1.,0.));
#10385 = DIRECTION('',(0.,-0.,-1.));
#10386 = ADVANCED_FACE('',(#10387),#10393,.F.);
#10387 = FACE_BOUND('',#10388,.T.);
#10388 = EDGE_LOOP('',(#10389,#10390,#10391,#10392));
#10389 = ORIENTED_EDGE('',*,*,#10322,.T.);
#10390 = ORIENTED_EDGE('',*,*,#10188,.T.);
#10391 = ORIENTED_EDGE('',*,*,#10246,.T.);
#10392 = ORIENTED_EDGE('',*,*,#10374,.F.);
#10393 = PLANE('',#10394);
#10394 = AXIS2_PLACEMENT_3D('',#10395,#10396,#10397);
#10395 = CARTESIAN_POINT('',(-1.665,1.4,5.3));
#10396 = DIRECTION('',(0.978147600734,-0.207911690818,0.));
#10397 = DIRECTION('',(0.207911690818,0.978147600734,0.));
#10398 = ( GEOMETRIC_REPRESENTATION_CONTEXT(3) 
GLOBAL_UNCERTAINTY_ASSIGNED_CONTEXT((#10402)) 
GLOBAL_UNIT_ASSIGNED_CONTEXT((#10399,#10400,#10401)) 
REPRESENTATION_CONTEXT('Context #1',
  '3D Context with UNIT and UNCERTAINTY') );
#10399 = ( LENGTH_UNIT() NAMED_UNIT(*) SI_UNIT(.MILLI.,.METRE.) );
#10400 = ( NAMED_UNIT(*) PLANE_ANGLE_UNIT() SI_UNIT($,.RADIAN.) );
#10401 = ( NAMED_UNIT(*) SI_UNIT($,.STERADIAN.) SOLID_ANGLE_UNIT() );
#10402 = UNCERTAINTY_MEASURE_WITH_UNIT(LENGTH_MEASURE(1.E-07),#10399,
  'distance_accuracy_value','confusion accuracy');
#10403 = CONTEXT_DEPENDENT_SHAPE_REPRESENTATION(#10404,#10406);
#10404 = ( REPRESENTATION_RELATIONSHIP('','',#59,#36) 
REPRESENTATION_RELATIONSHIP_WITH_TRANSFORMATION(#10405) 
SHAPE_REPRESENTATION_RELATIONSHIP() );
#10405 = ITEM_DEFINED_TRANSFORMATION('','',#11,#37);
#10406 = PRODUCT_DEFINITION_SHAPE('Placement','Placement of an item',
  #10407);
#10407 = NEXT_ASSEMBLY_USAGE_OCCURRENCE('1','=>[0:1:1:3]','',#31,#54,$);
#10408 = PRODUCT_RELATED_PRODUCT_CATEGORY('part',$,(#56));
#10409 = SHAPE_DEFINITION_REPRESENTATION(#10410,#10416);
#10410 = PRODUCT_DEFINITION_SHAPE('','',#10411);
#10411 = PRODUCT_DEFINITION('design','',#10412,#10415);
#10412 = PRODUCT_DEFINITION_FORMATION('','',#10413);
#10413 = PRODUCT('_autosave-LightsberV3_PCB','_autosave-LightsberV3_PCB'
  ,'',(#10414));
#10414 = PRODUCT_CONTEXT('',#2,'mechanical');
#10415 = PRODUCT_DEFINITION_CONTEXT('part definition',#2,'design');
#10416 = ADVANCED_BREP_SHAPE_REPRESENTATION('',(#11,#10417),#13648);
#10417 = MANIFOLD_SOLID_BREP('',#10418);
#10418 = CLOSED_SHELL('',(#10419,#10459,#10490,#10521,#11407,#12293,
    #12305,#12322,#12339,#12356,#12373,#12390,#12407,#12424,#12441,
    #12458,#12475,#12492,#12509,#12526,#12543,#12560,#12577,#12594,
    #12611,#12628,#12645,#12662,#12679,#12696,#12713,#12730,#12747,
    #12764,#12781,#12798,#12815,#12832,#12849,#12866,#12883,#12900,
    #12917,#12934,#12951,#12968,#12985,#13002,#13019,#13036,#13053,
    #13070,#13087,#13104,#13121,#13138,#13155,#13172,#13189,#13206,
    #13223,#13240,#13257,#13274,#13291,#13308,#13325,#13342,#13359,
    #13376,#13393,#13410,#13427,#13444,#13461,#13478,#13495,#13512,
    #13529,#13546,#13563,#13580,#13597,#13614,#13631));
#10419 = ADVANCED_FACE('',(#10420),#10454,.T.);
#10420 = FACE_BOUND('',#10421,.T.);
#10421 = EDGE_LOOP('',(#10422,#10432,#10440,#10448));
#10422 = ORIENTED_EDGE('',*,*,#10423,.T.);
#10423 = EDGE_CURVE('',#10424,#10426,#10428,.T.);
#10424 = VERTEX_POINT('',#10425);
#10425 = CARTESIAN_POINT('',(138.865,-183.185,0.));
#10426 = VERTEX_POINT('',#10427);
#10427 = CARTESIAN_POINT('',(138.865,-183.185,1.6));
#10428 = LINE('',#10429,#10430);
#10429 = CARTESIAN_POINT('',(138.865,-183.185,0.));
#10430 = VECTOR('',#10431,1.);
#10431 = DIRECTION('',(0.,0.,1.));
#10432 = ORIENTED_EDGE('',*,*,#10433,.T.);
#10433 = EDGE_CURVE('',#10426,#10434,#10436,.T.);
#10434 = VERTEX_POINT('',#10435);
#10435 = CARTESIAN_POINT('',(113.865,-183.185,1.6));
#10436 = LINE('',#10437,#10438);
#10437 = CARTESIAN_POINT('',(138.865,-183.185,1.6));
#10438 = VECTOR('',#10439,1.);
#10439 = DIRECTION('',(-1.,0.,0.));
#10440 = ORIENTED_EDGE('',*,*,#10441,.F.);
#10441 = EDGE_CURVE('',#10442,#10434,#10444,.T.);
#10442 = VERTEX_POINT('',#10443);
#10443 = CARTESIAN_POINT('',(113.865,-183.185,0.));
#10444 = LINE('',#10445,#10446);
#10445 = CARTESIAN_POINT('',(113.865,-183.185,0.));
#10446 = VECTOR('',#10447,1.);
#10447 = DIRECTION('',(0.,0.,1.));
#10448 = ORIENTED_EDGE('',*,*,#10449,.F.);
#10449 = EDGE_CURVE('',#10424,#10442,#10450,.T.);
#10450 = LINE('',#10451,#10452);
#10451 = CARTESIAN_POINT('',(138.865,-183.185,0.));
#10452 = VECTOR('',#10453,1.);
#10453 = DIRECTION('',(-1.,0.,0.));
#10454 = PLANE('',#10455);
#10455 = AXIS2_PLACEMENT_3D('',#10456,#10457,#10458);
#10456 = CARTESIAN_POINT('',(138.865,-183.185,0.));
#10457 = DIRECTION('',(0.,-1.,0.));
#10458 = DIRECTION('',(-1.,0.,0.));
#10459 = ADVANCED_FACE('',(#10460),#10485,.T.);
#10460 = FACE_BOUND('',#10461,.T.);
#10461 = EDGE_LOOP('',(#10462,#10472,#10478,#10479));
#10462 = ORIENTED_EDGE('',*,*,#10463,.T.);
#10463 = EDGE_CURVE('',#10464,#10466,#10468,.T.);
#10464 = VERTEX_POINT('',#10465);
#10465 = CARTESIAN_POINT('',(138.865,-83.185,0.));
#10466 = VERTEX_POINT('',#10467);
#10467 = CARTESIAN_POINT('',(138.865,-83.185,1.6));
#10468 = LINE('',#10469,#10470);
#10469 = CARTESIAN_POINT('',(138.865,-83.185,0.));
#10470 = VECTOR('',#10471,1.);
#10471 = DIRECTION('',(0.,0.,1.));
#10472 = ORIENTED_EDGE('',*,*,#10473,.T.);
#10473 = EDGE_CURVE('',#10466,#10426,#10474,.T.);
#10474 = LINE('',#10475,#10476);
#10475 = CARTESIAN_POINT('',(138.865,-83.185,1.6));
#10476 = VECTOR('',#10477,1.);
#10477 = DIRECTION('',(0.,-1.,0.));
#10478 = ORIENTED_EDGE('',*,*,#10423,.F.);
#10479 = ORIENTED_EDGE('',*,*,#10480,.F.);
#10480 = EDGE_CURVE('',#10464,#10424,#10481,.T.);
#10481 = LINE('',#10482,#10483);
#10482 = CARTESIAN_POINT('',(138.865,-83.185,0.));
#10483 = VECTOR('',#10484,1.);
#10484 = DIRECTION('',(0.,-1.,0.));
#10485 = PLANE('',#10486);
#10486 = AXIS2_PLACEMENT_3D('',#10487,#10488,#10489);
#10487 = CARTESIAN_POINT('',(138.865,-83.185,0.));
#10488 = DIRECTION('',(1.,0.,-0.));
#10489 = DIRECTION('',(0.,-1.,0.));
#10490 = ADVANCED_FACE('',(#10491),#10516,.T.);
#10491 = FACE_BOUND('',#10492,.T.);
#10492 = EDGE_LOOP('',(#10493,#10494,#10502,#10510));
#10493 = ORIENTED_EDGE('',*,*,#10441,.T.);
#10494 = ORIENTED_EDGE('',*,*,#10495,.T.);
#10495 = EDGE_CURVE('',#10434,#10496,#10498,.T.);
#10496 = VERTEX_POINT('',#10497);
#10497 = CARTESIAN_POINT('',(113.865,-83.185,1.6));
#10498 = LINE('',#10499,#10500);
#10499 = CARTESIAN_POINT('',(113.865,-183.185,1.6));
#10500 = VECTOR('',#10501,1.);
#10501 = DIRECTION('',(0.,1.,0.));
#10502 = ORIENTED_EDGE('',*,*,#10503,.F.);
#10503 = EDGE_CURVE('',#10504,#10496,#10506,.T.);
#10504 = VERTEX_POINT('',#10505);
#10505 = CARTESIAN_POINT('',(113.865,-83.185,0.));
#10506 = LINE('',#10507,#10508);
#10507 = CARTESIAN_POINT('',(113.865,-83.185,0.));
#10508 = VECTOR('',#10509,1.);
#10509 = DIRECTION('',(0.,0.,1.));
#10510 = ORIENTED_EDGE('',*,*,#10511,.F.);
#10511 = EDGE_CURVE('',#10442,#10504,#10512,.T.);
#10512 = LINE('',#10513,#10514);
#10513 = CARTESIAN_POINT('',(113.865,-183.185,0.));
#10514 = VECTOR('',#10515,1.);
#10515 = DIRECTION('',(0.,1.,0.));
#10516 = PLANE('',#10517);
#10517 = AXIS2_PLACEMENT_3D('',#10518,#10519,#10520);
#10518 = CARTESIAN_POINT('',(113.865,-183.185,0.));
#10519 = DIRECTION('',(-1.,0.,0.));
#10520 = DIRECTION('',(0.,1.,0.));
#10521 = ADVANCED_FACE('',(#10522,#10533,#10544,#10555,#10566,#10577,
    #10588,#10599,#10610,#10621,#10632,#10643,#10654,#10665,#10676,
    #10687,#10698,#10709,#10720,#10731,#10742,#10753,#10764,#10775,
    #10786,#10797,#10808,#10819,#10830,#10841,#10852,#10863,#10874,
    #10885,#10896,#10907,#10918,#10929,#10940,#10951,#10962,#10973,
    #10984,#10995,#11006,#11017,#11028,#11039,#11050,#11061,#11072,
    #11083,#11094,#11105,#11116,#11127,#11138,#11149,#11160,#11171,
    #11182,#11193,#11204,#11215,#11226,#11237,#11248,#11259,#11270,
    #11281,#11292,#11303,#11314,#11325,#11336,#11347,#11358,#11369,
    #11380,#11391),#11402,.T.);
#10522 = FACE_BOUND('',#10523,.T.);
#10523 = EDGE_LOOP('',(#10524,#10525,#10526,#10532));
#10524 = ORIENTED_EDGE('',*,*,#10449,.T.);
#10525 = ORIENTED_EDGE('',*,*,#10511,.T.);
#10526 = ORIENTED_EDGE('',*,*,#10527,.T.);
#10527 = EDGE_CURVE('',#10504,#10464,#10528,.T.);
#10528 = LINE('',#10529,#10530);
#10529 = CARTESIAN_POINT('',(113.865,-83.185,0.));
#10530 = VECTOR('',#10531,1.);
#10531 = DIRECTION('',(1.,0.,0.));
#10532 = ORIENTED_EDGE('',*,*,#10480,.T.);
#10533 = FACE_BOUND('',#10534,.T.);
#10534 = EDGE_LOOP('',(#10535));
#10535 = ORIENTED_EDGE('',*,*,#10536,.F.);
#10536 = EDGE_CURVE('',#10537,#10537,#10539,.T.);
#10537 = VERTEX_POINT('',#10538);
#10538 = CARTESIAN_POINT('',(132.715,-181.225,0.));
#10539 = CIRCLE('',#10540,0.25);
#10540 = AXIS2_PLACEMENT_3D('',#10541,#10542,#10543);
#10541 = CARTESIAN_POINT('',(132.715,-180.975,0.));
#10542 = DIRECTION('',(-0.,0.,-1.));
#10543 = DIRECTION('',(-0.,-1.,0.));
#10544 = FACE_BOUND('',#10545,.T.);
#10545 = EDGE_LOOP('',(#10546));
#10546 = ORIENTED_EDGE('',*,*,#10547,.F.);
#10547 = EDGE_CURVE('',#10548,#10548,#10550,.T.);
#10548 = VERTEX_POINT('',#10549);
#10549 = CARTESIAN_POINT('',(133.985,-173.855,0.));
#10550 = CIRCLE('',#10551,0.5);
#10551 = AXIS2_PLACEMENT_3D('',#10552,#10553,#10554);
#10552 = CARTESIAN_POINT('',(133.985,-173.355,0.));
#10553 = DIRECTION('',(-0.,0.,-1.));
#10554 = DIRECTION('',(-0.,-1.,0.));
#10555 = FACE_BOUND('',#10556,.T.);
#10556 = EDGE_LOOP('',(#10557));
#10557 = ORIENTED_EDGE('',*,*,#10558,.F.);
#10558 = EDGE_CURVE('',#10559,#10559,#10561,.T.);
#10559 = VERTEX_POINT('',#10560);
#10560 = CARTESIAN_POINT('',(133.985,-171.315,0.));
#10561 = CIRCLE('',#10562,0.5);
#10562 = AXIS2_PLACEMENT_3D('',#10563,#10564,#10565);
#10563 = CARTESIAN_POINT('',(133.985,-170.815,0.));
#10564 = DIRECTION('',(-0.,0.,-1.));
#10565 = DIRECTION('',(-0.,-1.,0.));
#10566 = FACE_BOUND('',#10567,.T.);
#10567 = EDGE_LOOP('',(#10568));
#10568 = ORIENTED_EDGE('',*,*,#10569,.F.);
#10569 = EDGE_CURVE('',#10570,#10570,#10572,.T.);
#10570 = VERTEX_POINT('',#10571);
#10571 = CARTESIAN_POINT('',(133.985,-168.775,0.));
#10572 = CIRCLE('',#10573,0.5);
#10573 = AXIS2_PLACEMENT_3D('',#10574,#10575,#10576);
#10574 = CARTESIAN_POINT('',(133.985,-168.275,0.));
#10575 = DIRECTION('',(-0.,0.,-1.));
#10576 = DIRECTION('',(-0.,-1.,0.));
#10577 = FACE_BOUND('',#10578,.T.);
#10578 = EDGE_LOOP('',(#10579));
#10579 = ORIENTED_EDGE('',*,*,#10580,.F.);
#10580 = EDGE_CURVE('',#10581,#10581,#10583,.T.);
#10581 = VERTEX_POINT('',#10582);
#10582 = CARTESIAN_POINT('',(133.985,-166.235,0.));
#10583 = CIRCLE('',#10584,0.5);
#10584 = AXIS2_PLACEMENT_3D('',#10585,#10586,#10587);
#10585 = CARTESIAN_POINT('',(133.985,-165.735,0.));
#10586 = DIRECTION('',(-0.,0.,-1.));
#10587 = DIRECTION('',(-0.,-1.,0.));
#10588 = FACE_BOUND('',#10589,.T.);
#10589 = EDGE_LOOP('',(#10590));
#10590 = ORIENTED_EDGE('',*,*,#10591,.F.);
#10591 = EDGE_CURVE('',#10592,#10592,#10594,.T.);
#10592 = VERTEX_POINT('',#10593);
#10593 = CARTESIAN_POINT('',(133.985,-163.695,0.));
#10594 = CIRCLE('',#10595,0.5);
#10595 = AXIS2_PLACEMENT_3D('',#10596,#10597,#10598);
#10596 = CARTESIAN_POINT('',(133.985,-163.195,0.));
#10597 = DIRECTION('',(-0.,0.,-1.));
#10598 = DIRECTION('',(-0.,-1.,0.));
#10599 = FACE_BOUND('',#10600,.T.);
#10600 = EDGE_LOOP('',(#10601));
#10601 = ORIENTED_EDGE('',*,*,#10602,.F.);
#10602 = EDGE_CURVE('',#10603,#10603,#10605,.T.);
#10603 = VERTEX_POINT('',#10604);
#10604 = CARTESIAN_POINT('',(133.985,-161.155,0.));
#10605 = CIRCLE('',#10606,0.5);
#10606 = AXIS2_PLACEMENT_3D('',#10607,#10608,#10609);
#10607 = CARTESIAN_POINT('',(133.985,-160.655,0.));
#10608 = DIRECTION('',(-0.,0.,-1.));
#10609 = DIRECTION('',(-0.,-1.,0.));
#10610 = FACE_BOUND('',#10611,.T.);
#10611 = EDGE_LOOP('',(#10612));
#10612 = ORIENTED_EDGE('',*,*,#10613,.F.);
#10613 = EDGE_CURVE('',#10614,#10614,#10616,.T.);
#10614 = VERTEX_POINT('',#10615);
#10615 = CARTESIAN_POINT('',(133.985,-158.615,0.));
#10616 = CIRCLE('',#10617,0.5);
#10617 = AXIS2_PLACEMENT_3D('',#10618,#10619,#10620);
#10618 = CARTESIAN_POINT('',(133.985,-158.115,0.));
#10619 = DIRECTION('',(-0.,0.,-1.));
#10620 = DIRECTION('',(-0.,-1.,0.));
#10621 = FACE_BOUND('',#10622,.T.);
#10622 = EDGE_LOOP('',(#10623));
#10623 = ORIENTED_EDGE('',*,*,#10624,.F.);
#10624 = EDGE_CURVE('',#10625,#10625,#10627,.T.);
#10625 = VERTEX_POINT('',#10626);
#10626 = CARTESIAN_POINT('',(128.275,-181.3,0.));
#10627 = CIRCLE('',#10628,0.325);
#10628 = AXIS2_PLACEMENT_3D('',#10629,#10630,#10631);
#10629 = CARTESIAN_POINT('',(128.275,-180.975,0.));
#10630 = DIRECTION('',(-0.,0.,-1.));
#10631 = DIRECTION('',(-0.,-1.,0.));
#10632 = FACE_BOUND('',#10633,.T.);
#10633 = EDGE_LOOP('',(#10634));
#10634 = ORIENTED_EDGE('',*,*,#10635,.F.);
#10635 = EDGE_CURVE('',#10636,#10636,#10638,.T.);
#10636 = VERTEX_POINT('',#10637);
#10637 = CARTESIAN_POINT('',(127.005,-181.3,0.));
#10638 = CIRCLE('',#10639,0.325);
#10639 = AXIS2_PLACEMENT_3D('',#10640,#10641,#10642);
#10640 = CARTESIAN_POINT('',(127.005,-180.975,0.));
#10641 = DIRECTION('',(-0.,0.,-1.));
#10642 = DIRECTION('',(-0.,-1.,0.));
#10643 = FACE_BOUND('',#10644,.T.);
#10644 = EDGE_LOOP('',(#10645));
#10645 = ORIENTED_EDGE('',*,*,#10646,.F.);
#10646 = EDGE_CURVE('',#10647,#10647,#10649,.T.);
#10647 = VERTEX_POINT('',#10648);
#10648 = CARTESIAN_POINT('',(133.985,-156.075,0.));
#10649 = CIRCLE('',#10650,0.5);
#10650 = AXIS2_PLACEMENT_3D('',#10651,#10652,#10653);
#10651 = CARTESIAN_POINT('',(133.985,-155.575,0.));
#10652 = DIRECTION('',(-0.,0.,-1.));
#10653 = DIRECTION('',(-0.,-1.,0.));
#10654 = FACE_BOUND('',#10655,.T.);
#10655 = EDGE_LOOP('',(#10656));
#10656 = ORIENTED_EDGE('',*,*,#10657,.F.);
#10657 = EDGE_CURVE('',#10658,#10658,#10660,.T.);
#10658 = VERTEX_POINT('',#10659);
#10659 = CARTESIAN_POINT('',(133.985,-153.535,0.));
#10660 = CIRCLE('',#10661,0.5);
#10661 = AXIS2_PLACEMENT_3D('',#10662,#10663,#10664);
#10662 = CARTESIAN_POINT('',(133.985,-153.035,0.));
#10663 = DIRECTION('',(-0.,0.,-1.));
#10664 = DIRECTION('',(-0.,-1.,0.));
#10665 = FACE_BOUND('',#10666,.T.);
#10666 = EDGE_LOOP('',(#10667));
#10667 = ORIENTED_EDGE('',*,*,#10668,.F.);
#10668 = EDGE_CURVE('',#10669,#10669,#10671,.T.);
#10669 = VERTEX_POINT('',#10670);
#10670 = CARTESIAN_POINT('',(133.985,-150.995,0.));
#10671 = CIRCLE('',#10672,0.5);
#10672 = AXIS2_PLACEMENT_3D('',#10673,#10674,#10675);
#10673 = CARTESIAN_POINT('',(133.985,-150.495,0.));
#10674 = DIRECTION('',(-0.,0.,-1.));
#10675 = DIRECTION('',(-0.,-1.,0.));
#10676 = FACE_BOUND('',#10677,.T.);
#10677 = EDGE_LOOP('',(#10678));
#10678 = ORIENTED_EDGE('',*,*,#10679,.F.);
#10679 = EDGE_CURVE('',#10680,#10680,#10682,.T.);
#10680 = VERTEX_POINT('',#10681);
#10681 = CARTESIAN_POINT('',(133.985,-148.455,0.));
#10682 = CIRCLE('',#10683,0.5);
#10683 = AXIS2_PLACEMENT_3D('',#10684,#10685,#10686);
#10684 = CARTESIAN_POINT('',(133.985,-147.955,0.));
#10685 = DIRECTION('',(-0.,0.,-1.));
#10686 = DIRECTION('',(-0.,-1.,0.));
#10687 = FACE_BOUND('',#10688,.T.);
#10688 = EDGE_LOOP('',(#10689));
#10689 = ORIENTED_EDGE('',*,*,#10690,.F.);
#10690 = EDGE_CURVE('',#10691,#10691,#10693,.T.);
#10691 = VERTEX_POINT('',#10692);
#10692 = CARTESIAN_POINT('',(133.985,-145.915,0.));
#10693 = CIRCLE('',#10694,0.5);
#10694 = AXIS2_PLACEMENT_3D('',#10695,#10696,#10697);
#10695 = CARTESIAN_POINT('',(133.985,-145.415,0.));
#10696 = DIRECTION('',(-0.,0.,-1.));
#10697 = DIRECTION('',(-0.,-1.,0.));
#10698 = FACE_BOUND('',#10699,.T.);
#10699 = EDGE_LOOP('',(#10700));
#10700 = ORIENTED_EDGE('',*,*,#10701,.F.);
#10701 = EDGE_CURVE('',#10702,#10702,#10704,.T.);
#10702 = VERTEX_POINT('',#10703);
#10703 = CARTESIAN_POINT('',(133.985,-143.375,0.));
#10704 = CIRCLE('',#10705,0.5);
#10705 = AXIS2_PLACEMENT_3D('',#10706,#10707,#10708);
#10706 = CARTESIAN_POINT('',(133.985,-142.875,0.));
#10707 = DIRECTION('',(-0.,0.,-1.));
#10708 = DIRECTION('',(-0.,-1.,0.));
#10709 = FACE_BOUND('',#10710,.T.);
#10710 = EDGE_LOOP('',(#10711));
#10711 = ORIENTED_EDGE('',*,*,#10712,.F.);
#10712 = EDGE_CURVE('',#10713,#10713,#10715,.T.);
#10713 = VERTEX_POINT('',#10714);
#10714 = CARTESIAN_POINT('',(133.985,-140.835,0.));
#10715 = CIRCLE('',#10716,0.5);
#10716 = AXIS2_PLACEMENT_3D('',#10717,#10718,#10719);
#10717 = CARTESIAN_POINT('',(133.985,-140.335,0.));
#10718 = DIRECTION('',(-0.,0.,-1.));
#10719 = DIRECTION('',(-0.,-1.,0.));
#10720 = FACE_BOUND('',#10721,.T.);
#10721 = EDGE_LOOP('',(#10722));
#10722 = ORIENTED_EDGE('',*,*,#10723,.F.);
#10723 = EDGE_CURVE('',#10724,#10724,#10726,.T.);
#10724 = VERTEX_POINT('',#10725);
#10725 = CARTESIAN_POINT('',(133.985,-138.295,0.));
#10726 = CIRCLE('',#10727,0.5);
#10727 = AXIS2_PLACEMENT_3D('',#10728,#10729,#10730);
#10728 = CARTESIAN_POINT('',(133.985,-137.795,0.));
#10729 = DIRECTION('',(-0.,0.,-1.));
#10730 = DIRECTION('',(-0.,-1.,0.));
#10731 = FACE_BOUND('',#10732,.T.);
#10732 = EDGE_LOOP('',(#10733));
#10733 = ORIENTED_EDGE('',*,*,#10734,.F.);
#10734 = EDGE_CURVE('',#10735,#10735,#10737,.T.);
#10735 = VERTEX_POINT('',#10736);
#10736 = CARTESIAN_POINT('',(128.27,-152.725,0.));
#10737 = CIRCLE('',#10738,0.325);
#10738 = AXIS2_PLACEMENT_3D('',#10739,#10740,#10741);
#10739 = CARTESIAN_POINT('',(128.27,-152.4,0.));
#10740 = DIRECTION('',(-0.,0.,-1.));
#10741 = DIRECTION('',(8.745141363201E-14,-1.,-0.));
#10742 = FACE_BOUND('',#10743,.T.);
#10743 = EDGE_LOOP('',(#10744));
#10744 = ORIENTED_EDGE('',*,*,#10745,.F.);
#10745 = EDGE_CURVE('',#10746,#10746,#10748,.T.);
#10746 = VERTEX_POINT('',#10747);
#10747 = CARTESIAN_POINT('',(127.,-152.725,0.));
#10748 = CIRCLE('',#10749,0.325);
#10749 = AXIS2_PLACEMENT_3D('',#10750,#10751,#10752);
#10750 = CARTESIAN_POINT('',(127.,-152.4,0.));
#10751 = DIRECTION('',(-0.,0.,-1.));
#10752 = DIRECTION('',(-0.,-1.,0.));
#10753 = FACE_BOUND('',#10754,.T.);
#10754 = EDGE_LOOP('',(#10755));
#10755 = ORIENTED_EDGE('',*,*,#10756,.F.);
#10756 = EDGE_CURVE('',#10757,#10757,#10759,.T.);
#10757 = VERTEX_POINT('',#10758);
#10758 = CARTESIAN_POINT('',(125.735,-181.3,0.));
#10759 = CIRCLE('',#10760,0.325);
#10760 = AXIS2_PLACEMENT_3D('',#10761,#10762,#10763);
#10761 = CARTESIAN_POINT('',(125.735,-180.975,0.));
#10762 = DIRECTION('',(-0.,0.,-1.));
#10763 = DIRECTION('',(-0.,-1.,0.));
#10764 = FACE_BOUND('',#10765,.T.);
#10765 = EDGE_LOOP('',(#10766));
#10766 = ORIENTED_EDGE('',*,*,#10767,.F.);
#10767 = EDGE_CURVE('',#10768,#10768,#10770,.T.);
#10768 = VERTEX_POINT('',#10769);
#10769 = CARTESIAN_POINT('',(124.465,-181.3,0.));
#10770 = CIRCLE('',#10771,0.325);
#10771 = AXIS2_PLACEMENT_3D('',#10772,#10773,#10774);
#10772 = CARTESIAN_POINT('',(124.465,-180.975,0.));
#10773 = DIRECTION('',(-0.,0.,-1.));
#10774 = DIRECTION('',(-0.,-1.,0.));
#10775 = FACE_BOUND('',#10776,.T.);
#10776 = EDGE_LOOP('',(#10777));
#10777 = ORIENTED_EDGE('',*,*,#10778,.F.);
#10778 = EDGE_CURVE('',#10779,#10779,#10781,.T.);
#10779 = VERTEX_POINT('',#10780);
#10780 = CARTESIAN_POINT('',(123.825,-167.47,0.));
#10781 = CIRCLE('',#10782,1.1);
#10782 = AXIS2_PLACEMENT_3D('',#10783,#10784,#10785);
#10783 = CARTESIAN_POINT('',(123.825,-166.37,0.));
#10784 = DIRECTION('',(-0.,0.,-1.));
#10785 = DIRECTION('',(1.2918958832E-14,-1.,-0.));
#10786 = FACE_BOUND('',#10787,.T.);
#10787 = EDGE_LOOP('',(#10788));
#10788 = ORIENTED_EDGE('',*,*,#10789,.F.);
#10789 = EDGE_CURVE('',#10790,#10790,#10792,.T.);
#10790 = VERTEX_POINT('',#10791);
#10791 = CARTESIAN_POINT('',(119.745,-181.225,0.));
#10792 = CIRCLE('',#10793,0.25);
#10793 = AXIS2_PLACEMENT_3D('',#10794,#10795,#10796);
#10794 = CARTESIAN_POINT('',(119.745,-180.975,0.));
#10795 = DIRECTION('',(-0.,0.,-1.));
#10796 = DIRECTION('',(-0.,-1.,0.));
#10797 = FACE_BOUND('',#10798,.T.);
#10798 = EDGE_LOOP('',(#10799));
#10799 = ORIENTED_EDGE('',*,*,#10800,.F.);
#10800 = EDGE_CURVE('',#10801,#10801,#10803,.T.);
#10801 = VERTEX_POINT('',#10802);
#10802 = CARTESIAN_POINT('',(118.745,-181.225,0.));
#10803 = CIRCLE('',#10804,0.25);
#10804 = AXIS2_PLACEMENT_3D('',#10805,#10806,#10807);
#10805 = CARTESIAN_POINT('',(118.745,-180.975,0.));
#10806 = DIRECTION('',(-0.,0.,-1.));
#10807 = DIRECTION('',(-0.,-1.,0.));
#10808 = FACE_BOUND('',#10809,.T.);
#10809 = EDGE_LOOP('',(#10810));
#10810 = ORIENTED_EDGE('',*,*,#10811,.F.);
#10811 = EDGE_CURVE('',#10812,#10812,#10814,.T.);
#10812 = VERTEX_POINT('',#10813);
#10813 = CARTESIAN_POINT('',(118.745,-173.855,0.));
#10814 = CIRCLE('',#10815,0.5);
#10815 = AXIS2_PLACEMENT_3D('',#10816,#10817,#10818);
#10816 = CARTESIAN_POINT('',(118.745,-173.355,0.));
#10817 = DIRECTION('',(-0.,0.,-1.));
#10818 = DIRECTION('',(-0.,-1.,0.));
#10819 = FACE_BOUND('',#10820,.T.);
#10820 = EDGE_LOOP('',(#10821));
#10821 = ORIENTED_EDGE('',*,*,#10822,.F.);
#10822 = EDGE_CURVE('',#10823,#10823,#10825,.T.);
#10823 = VERTEX_POINT('',#10824);
#10824 = CARTESIAN_POINT('',(118.745,-171.315,0.));
#10825 = CIRCLE('',#10826,0.5);
#10826 = AXIS2_PLACEMENT_3D('',#10827,#10828,#10829);
#10827 = CARTESIAN_POINT('',(118.745,-170.815,0.));
#10828 = DIRECTION('',(-0.,0.,-1.));
#10829 = DIRECTION('',(-0.,-1.,0.));
#10830 = FACE_BOUND('',#10831,.T.);
#10831 = EDGE_LOOP('',(#10832));
#10832 = ORIENTED_EDGE('',*,*,#10833,.F.);
#10833 = EDGE_CURVE('',#10834,#10834,#10836,.T.);
#10834 = VERTEX_POINT('',#10835);
#10835 = CARTESIAN_POINT('',(118.745,-168.775,0.));
#10836 = CIRCLE('',#10837,0.5);
#10837 = AXIS2_PLACEMENT_3D('',#10838,#10839,#10840);
#10838 = CARTESIAN_POINT('',(118.745,-168.275,0.));
#10839 = DIRECTION('',(-0.,0.,-1.));
#10840 = DIRECTION('',(-0.,-1.,0.));
#10841 = FACE_BOUND('',#10842,.T.);
#10842 = EDGE_LOOP('',(#10843));
#10843 = ORIENTED_EDGE('',*,*,#10844,.F.);
#10844 = EDGE_CURVE('',#10845,#10845,#10847,.T.);
#10845 = VERTEX_POINT('',#10846);
#10846 = CARTESIAN_POINT('',(118.745,-166.235,0.));
#10847 = CIRCLE('',#10848,0.5);
#10848 = AXIS2_PLACEMENT_3D('',#10849,#10850,#10851);
#10849 = CARTESIAN_POINT('',(118.745,-165.735,0.));
#10850 = DIRECTION('',(-0.,0.,-1.));
#10851 = DIRECTION('',(-0.,-1.,0.));
#10852 = FACE_BOUND('',#10853,.T.);
#10853 = EDGE_LOOP('',(#10854));
#10854 = ORIENTED_EDGE('',*,*,#10855,.F.);
#10855 = EDGE_CURVE('',#10856,#10856,#10858,.T.);
#10856 = VERTEX_POINT('',#10857);
#10857 = CARTESIAN_POINT('',(118.745,-163.695,0.));
#10858 = CIRCLE('',#10859,0.5);
#10859 = AXIS2_PLACEMENT_3D('',#10860,#10861,#10862);
#10860 = CARTESIAN_POINT('',(118.745,-163.195,0.));
#10861 = DIRECTION('',(-0.,0.,-1.));
#10862 = DIRECTION('',(-0.,-1.,0.));
#10863 = FACE_BOUND('',#10864,.T.);
#10864 = EDGE_LOOP('',(#10865));
#10865 = ORIENTED_EDGE('',*,*,#10866,.F.);
#10866 = EDGE_CURVE('',#10867,#10867,#10869,.T.);
#10867 = VERTEX_POINT('',#10868);
#10868 = CARTESIAN_POINT('',(118.745,-161.155,0.));
#10869 = CIRCLE('',#10870,0.5);
#10870 = AXIS2_PLACEMENT_3D('',#10871,#10872,#10873);
#10871 = CARTESIAN_POINT('',(118.745,-160.655,0.));
#10872 = DIRECTION('',(-0.,0.,-1.));
#10873 = DIRECTION('',(-0.,-1.,0.));
#10874 = FACE_BOUND('',#10875,.T.);
#10875 = EDGE_LOOP('',(#10876));
#10876 = ORIENTED_EDGE('',*,*,#10877,.F.);
#10877 = EDGE_CURVE('',#10878,#10878,#10880,.T.);
#10878 = VERTEX_POINT('',#10879);
#10879 = CARTESIAN_POINT('',(118.745,-158.615,0.));
#10880 = CIRCLE('',#10881,0.5);
#10881 = AXIS2_PLACEMENT_3D('',#10882,#10883,#10884);
#10882 = CARTESIAN_POINT('',(118.745,-158.115,0.));
#10883 = DIRECTION('',(-0.,0.,-1.));
#10884 = DIRECTION('',(-0.,-1.,0.));
#10885 = FACE_BOUND('',#10886,.T.);
#10886 = EDGE_LOOP('',(#10887));
#10887 = ORIENTED_EDGE('',*,*,#10888,.F.);
#10888 = EDGE_CURVE('',#10889,#10889,#10891,.T.);
#10889 = VERTEX_POINT('',#10890);
#10890 = CARTESIAN_POINT('',(125.73,-152.725,0.));
#10891 = CIRCLE('',#10892,0.325);
#10892 = AXIS2_PLACEMENT_3D('',#10893,#10894,#10895);
#10893 = CARTESIAN_POINT('',(125.73,-152.4,0.));
#10894 = DIRECTION('',(-0.,0.,-1.));
#10895 = DIRECTION('',(-0.,-1.,0.));
#10896 = FACE_BOUND('',#10897,.T.);
#10897 = EDGE_LOOP('',(#10898));
#10898 = ORIENTED_EDGE('',*,*,#10899,.F.);
#10899 = EDGE_CURVE('',#10900,#10900,#10902,.T.);
#10900 = VERTEX_POINT('',#10901);
#10901 = CARTESIAN_POINT('',(124.46,-152.725,0.));
#10902 = CIRCLE('',#10903,0.325);
#10903 = AXIS2_PLACEMENT_3D('',#10904,#10905,#10906);
#10904 = CARTESIAN_POINT('',(124.46,-152.4,0.));
#10905 = DIRECTION('',(-0.,0.,-1.));
#10906 = DIRECTION('',(-4.372570681601E-14,-1.,0.));
#10907 = FACE_BOUND('',#10908,.T.);
#10908 = EDGE_LOOP('',(#10909));
#10909 = ORIENTED_EDGE('',*,*,#10910,.F.);
#10910 = EDGE_CURVE('',#10911,#10911,#10913,.T.);
#10911 = VERTEX_POINT('',#10912);
#10912 = CARTESIAN_POINT('',(118.745,-156.075,0.));
#10913 = CIRCLE('',#10914,0.5);
#10914 = AXIS2_PLACEMENT_3D('',#10915,#10916,#10917);
#10915 = CARTESIAN_POINT('',(118.745,-155.575,0.));
#10916 = DIRECTION('',(-0.,0.,-1.));
#10917 = DIRECTION('',(-0.,-1.,0.));
#10918 = FACE_BOUND('',#10919,.T.);
#10919 = EDGE_LOOP('',(#10920));
#10920 = ORIENTED_EDGE('',*,*,#10921,.F.);
#10921 = EDGE_CURVE('',#10922,#10922,#10924,.T.);
#10922 = VERTEX_POINT('',#10923);
#10923 = CARTESIAN_POINT('',(118.745,-153.535,0.));
#10924 = CIRCLE('',#10925,0.5);
#10925 = AXIS2_PLACEMENT_3D('',#10926,#10927,#10928);
#10926 = CARTESIAN_POINT('',(118.745,-153.035,0.));
#10927 = DIRECTION('',(-0.,0.,-1.));
#10928 = DIRECTION('',(-0.,-1.,0.));
#10929 = FACE_BOUND('',#10930,.T.);
#10930 = EDGE_LOOP('',(#10931));
#10931 = ORIENTED_EDGE('',*,*,#10932,.F.);
#10932 = EDGE_CURVE('',#10933,#10933,#10935,.T.);
#10933 = VERTEX_POINT('',#10934);
#10934 = CARTESIAN_POINT('',(118.745,-150.995,0.));
#10935 = CIRCLE('',#10936,0.5);
#10936 = AXIS2_PLACEMENT_3D('',#10937,#10938,#10939);
#10937 = CARTESIAN_POINT('',(118.745,-150.495,0.));
#10938 = DIRECTION('',(-0.,0.,-1.));
#10939 = DIRECTION('',(-0.,-1.,0.));
#10940 = FACE_BOUND('',#10941,.T.);
#10941 = EDGE_LOOP('',(#10942));
#10942 = ORIENTED_EDGE('',*,*,#10943,.F.);
#10943 = EDGE_CURVE('',#10944,#10944,#10946,.T.);
#10944 = VERTEX_POINT('',#10945);
#10945 = CARTESIAN_POINT('',(118.745,-148.455,0.));
#10946 = CIRCLE('',#10947,0.5);
#10947 = AXIS2_PLACEMENT_3D('',#10948,#10949,#10950);
#10948 = CARTESIAN_POINT('',(118.745,-147.955,0.));
#10949 = DIRECTION('',(-0.,0.,-1.));
#10950 = DIRECTION('',(-0.,-1.,0.));
#10951 = FACE_BOUND('',#10952,.T.);
#10952 = EDGE_LOOP('',(#10953));
#10953 = ORIENTED_EDGE('',*,*,#10954,.F.);
#10954 = EDGE_CURVE('',#10955,#10955,#10957,.T.);
#10955 = VERTEX_POINT('',#10956);
#10956 = CARTESIAN_POINT('',(118.745,-145.915,0.));
#10957 = CIRCLE('',#10958,0.5);
#10958 = AXIS2_PLACEMENT_3D('',#10959,#10960,#10961);
#10959 = CARTESIAN_POINT('',(118.745,-145.415,0.));
#10960 = DIRECTION('',(-0.,0.,-1.));
#10961 = DIRECTION('',(-0.,-1.,0.));
#10962 = FACE_BOUND('',#10963,.T.);
#10963 = EDGE_LOOP('',(#10964));
#10964 = ORIENTED_EDGE('',*,*,#10965,.F.);
#10965 = EDGE_CURVE('',#10966,#10966,#10968,.T.);
#10966 = VERTEX_POINT('',#10967);
#10967 = CARTESIAN_POINT('',(118.745,-143.375,0.));
#10968 = CIRCLE('',#10969,0.5);
#10969 = AXIS2_PLACEMENT_3D('',#10970,#10971,#10972);
#10970 = CARTESIAN_POINT('',(118.745,-142.875,0.));
#10971 = DIRECTION('',(-0.,0.,-1.));
#10972 = DIRECTION('',(-0.,-1.,0.));
#10973 = FACE_BOUND('',#10974,.T.);
#10974 = EDGE_LOOP('',(#10975));
#10975 = ORIENTED_EDGE('',*,*,#10976,.F.);
#10976 = EDGE_CURVE('',#10977,#10977,#10979,.T.);
#10977 = VERTEX_POINT('',#10978);
#10978 = CARTESIAN_POINT('',(118.745,-140.835,0.));
#10979 = CIRCLE('',#10980,0.5);
#10980 = AXIS2_PLACEMENT_3D('',#10981,#10982,#10983);
#10981 = CARTESIAN_POINT('',(118.745,-140.335,0.));
#10982 = DIRECTION('',(-0.,0.,-1.));
#10983 = DIRECTION('',(-0.,-1.,0.));
#10984 = FACE_BOUND('',#10985,.T.);
#10985 = EDGE_LOOP('',(#10986));
#10986 = ORIENTED_EDGE('',*,*,#10987,.F.);
#10987 = EDGE_CURVE('',#10988,#10988,#10990,.T.);
#10988 = VERTEX_POINT('',#10989);
#10989 = CARTESIAN_POINT('',(118.745,-138.295,0.));
#10990 = CIRCLE('',#10991,0.5);
#10991 = AXIS2_PLACEMENT_3D('',#10992,#10993,#10994);
#10992 = CARTESIAN_POINT('',(118.745,-137.795,0.));
#10993 = DIRECTION('',(-0.,0.,-1.));
#10994 = DIRECTION('',(-0.,-1.,0.));
#10995 = FACE_BOUND('',#10996,.T.);
#10996 = EDGE_LOOP('',(#10997));
#10997 = ORIENTED_EDGE('',*,*,#10998,.F.);
#10998 = EDGE_CURVE('',#10999,#10999,#11001,.T.);
#10999 = VERTEX_POINT('',#11000);
#11000 = CARTESIAN_POINT('',(135.382,-129.94,0.));
#11001 = CIRCLE('',#11002,0.4);
#11002 = AXIS2_PLACEMENT_3D('',#11003,#11004,#11005);
#11003 = CARTESIAN_POINT('',(135.382,-129.54,0.));
#11004 = DIRECTION('',(-0.,0.,-1.));
#11005 = DIRECTION('',(-0.,-1.,0.));
#11006 = FACE_BOUND('',#11007,.T.);
#11007 = EDGE_LOOP('',(#11008));
#11008 = ORIENTED_EDGE('',*,*,#11009,.F.);
#11009 = EDGE_CURVE('',#11010,#11010,#11012,.T.);
#11010 = VERTEX_POINT('',#11011);
#11011 = CARTESIAN_POINT('',(135.382,-127.4,0.));
#11012 = CIRCLE('',#11013,0.4);
#11013 = AXIS2_PLACEMENT_3D('',#11014,#11015,#11016);
#11014 = CARTESIAN_POINT('',(135.382,-127.,0.));
#11015 = DIRECTION('',(-0.,0.,-1.));
#11016 = DIRECTION('',(-0.,-1.,0.));
#11017 = FACE_BOUND('',#11018,.T.);
#11018 = EDGE_LOOP('',(#11019));
#11019 = ORIENTED_EDGE('',*,*,#11020,.F.);
#11020 = EDGE_CURVE('',#11021,#11021,#11023,.T.);
#11021 = VERTEX_POINT('',#11022);
#11022 = CARTESIAN_POINT('',(135.382,-124.86,0.));
#11023 = CIRCLE('',#11024,0.4);
#11024 = AXIS2_PLACEMENT_3D('',#11025,#11026,#11027);
#11025 = CARTESIAN_POINT('',(135.382,-124.46,0.));
#11026 = DIRECTION('',(-0.,0.,-1.));
#11027 = DIRECTION('',(-0.,-1.,0.));
#11028 = FACE_BOUND('',#11029,.T.);
#11029 = EDGE_LOOP('',(#11030));
#11030 = ORIENTED_EDGE('',*,*,#11031,.F.);
#11031 = EDGE_CURVE('',#11032,#11032,#11034,.T.);
#11032 = VERTEX_POINT('',#11033);
#11033 = CARTESIAN_POINT('',(135.382,-122.32,0.));
#11034 = CIRCLE('',#11035,0.4);
#11035 = AXIS2_PLACEMENT_3D('',#11036,#11037,#11038);
#11036 = CARTESIAN_POINT('',(135.382,-121.92,0.));
#11037 = DIRECTION('',(-0.,0.,-1.));
#11038 = DIRECTION('',(-0.,-1.,0.));
#11039 = FACE_BOUND('',#11040,.T.);
#11040 = EDGE_LOOP('',(#11041));
#11041 = ORIENTED_EDGE('',*,*,#11042,.F.);
#11042 = EDGE_CURVE('',#11043,#11043,#11045,.T.);
#11043 = VERTEX_POINT('',#11044);
#11044 = CARTESIAN_POINT('',(135.382,-119.78,0.));
#11045 = CIRCLE('',#11046,0.4);
#11046 = AXIS2_PLACEMENT_3D('',#11047,#11048,#11049);
#11047 = CARTESIAN_POINT('',(135.382,-119.38,0.));
#11048 = DIRECTION('',(-0.,0.,-1.));
#11049 = DIRECTION('',(-0.,-1.,0.));
#11050 = FACE_BOUND('',#11051,.T.);
#11051 = EDGE_LOOP('',(#11052));
#11052 = ORIENTED_EDGE('',*,*,#11053,.F.);
#11053 = EDGE_CURVE('',#11054,#11054,#11056,.T.);
#11054 = VERTEX_POINT('',#11055);
#11055 = CARTESIAN_POINT('',(135.382,-117.24,0.));
#11056 = CIRCLE('',#11057,0.4);
#11057 = AXIS2_PLACEMENT_3D('',#11058,#11059,#11060);
#11058 = CARTESIAN_POINT('',(135.382,-116.84,0.));
#11059 = DIRECTION('',(-0.,0.,-1.));
#11060 = DIRECTION('',(-0.,-1.,0.));
#11061 = FACE_BOUND('',#11062,.T.);
#11062 = EDGE_LOOP('',(#11063));
#11063 = ORIENTED_EDGE('',*,*,#11064,.F.);
#11064 = EDGE_CURVE('',#11065,#11065,#11067,.T.);
#11065 = VERTEX_POINT('',#11066);
#11066 = CARTESIAN_POINT('',(135.382,-114.7,0.));
#11067 = CIRCLE('',#11068,0.4);
#11068 = AXIS2_PLACEMENT_3D('',#11069,#11070,#11071);
#11069 = CARTESIAN_POINT('',(135.382,-114.3,0.));
#11070 = DIRECTION('',(-0.,0.,-1.));
#11071 = DIRECTION('',(-0.,-1.,0.));
#11072 = FACE_BOUND('',#11073,.T.);
#11073 = EDGE_LOOP('',(#11074));
#11074 = ORIENTED_EDGE('',*,*,#11075,.F.);
#11075 = EDGE_CURVE('',#11076,#11076,#11078,.T.);
#11076 = VERTEX_POINT('',#11077);
#11077 = CARTESIAN_POINT('',(135.382,-112.16,0.));
#11078 = CIRCLE('',#11079,0.4);
#11079 = AXIS2_PLACEMENT_3D('',#11080,#11081,#11082);
#11080 = CARTESIAN_POINT('',(135.382,-111.76,0.));
#11081 = DIRECTION('',(-0.,0.,-1.));
#11082 = DIRECTION('',(-0.,-1.,0.));
#11083 = FACE_BOUND('',#11084,.T.);
#11084 = EDGE_LOOP('',(#11085));
#11085 = ORIENTED_EDGE('',*,*,#11086,.F.);
#11086 = EDGE_CURVE('',#11087,#11087,#11089,.T.);
#11087 = VERTEX_POINT('',#11088);
#11088 = CARTESIAN_POINT('',(131.445,-114.765,0.));
#11089 = CIRCLE('',#11090,1.1);
#11090 = AXIS2_PLACEMENT_3D('',#11091,#11092,#11093);
#11091 = CARTESIAN_POINT('',(131.445,-113.665,0.));
#11092 = DIRECTION('',(-0.,0.,-1.));
#11093 = DIRECTION('',(-0.,-1.,0.));
#11094 = FACE_BOUND('',#11095,.T.);
#11095 = EDGE_LOOP('',(#11096));
#11096 = ORIENTED_EDGE('',*,*,#11097,.F.);
#11097 = EDGE_CURVE('',#11098,#11098,#11100,.T.);
#11098 = VERTEX_POINT('',#11099);
#11099 = CARTESIAN_POINT('',(127.365,-120.9,0.));
#11100 = CIRCLE('',#11101,0.25);
#11101 = AXIS2_PLACEMENT_3D('',#11102,#11103,#11104);
#11102 = CARTESIAN_POINT('',(127.365,-120.65,0.));
#11103 = DIRECTION('',(-0.,0.,-1.));
#11104 = DIRECTION('',(-0.,-1.,0.));
#11105 = FACE_BOUND('',#11106,.T.);
#11106 = EDGE_LOOP('',(#11107));
#11107 = ORIENTED_EDGE('',*,*,#11108,.F.);
#11108 = EDGE_CURVE('',#11109,#11109,#11111,.T.);
#11109 = VERTEX_POINT('',#11110);
#11110 = CARTESIAN_POINT('',(136.525,-98.04,0.));
#11111 = CIRCLE('',#11112,0.25);
#11112 = AXIS2_PLACEMENT_3D('',#11113,#11114,#11115);
#11113 = CARTESIAN_POINT('',(136.525,-97.79,0.));
#11114 = DIRECTION('',(-0.,0.,-1.));
#11115 = DIRECTION('',(-0.,-1.,0.));
#11116 = FACE_BOUND('',#11117,.T.);
#11117 = EDGE_LOOP('',(#11118));
#11118 = ORIENTED_EDGE('',*,*,#11119,.F.);
#11119 = EDGE_CURVE('',#11120,#11120,#11122,.T.);
#11120 = VERTEX_POINT('',#11121);
#11121 = CARTESIAN_POINT('',(136.525,-97.04,0.));
#11122 = CIRCLE('',#11123,0.25);
#11123 = AXIS2_PLACEMENT_3D('',#11124,#11125,#11126);
#11124 = CARTESIAN_POINT('',(136.525,-96.79,0.));
#11125 = DIRECTION('',(-0.,0.,-1.));
#11126 = DIRECTION('',(-0.,-1.,0.));
#11127 = FACE_BOUND('',#11128,.T.);
#11128 = EDGE_LOOP('',(#11129));
#11129 = ORIENTED_EDGE('',*,*,#11130,.F.);
#11130 = EDGE_CURVE('',#11131,#11131,#11133,.T.);
#11131 = VERTEX_POINT('',#11132);
#11132 = CARTESIAN_POINT('',(130.175,-93.81,0.));
#11133 = CIRCLE('',#11134,1.1);
#11134 = AXIS2_PLACEMENT_3D('',#11135,#11136,#11137);
#11135 = CARTESIAN_POINT('',(130.175,-92.71,0.));
#11136 = DIRECTION('',(-0.,0.,-1.));
#11137 = DIRECTION('',(-0.,-1.,0.));
#11138 = FACE_BOUND('',#11139,.T.);
#11139 = EDGE_LOOP('',(#11140));
#11140 = ORIENTED_EDGE('',*,*,#11141,.F.);
#11141 = EDGE_CURVE('',#11142,#11142,#11144,.T.);
#11142 = VERTEX_POINT('',#11143);
#11143 = CARTESIAN_POINT('',(127.365,-85.975,0.));
#11144 = CIRCLE('',#11145,0.25);
#11145 = AXIS2_PLACEMENT_3D('',#11146,#11147,#11148);
#11146 = CARTESIAN_POINT('',(127.365,-85.725,0.));
#11147 = DIRECTION('',(-0.,0.,-1.));
#11148 = DIRECTION('',(-0.,-1.,0.));
#11149 = FACE_BOUND('',#11150,.T.);
#11150 = EDGE_LOOP('',(#11151));
#11151 = ORIENTED_EDGE('',*,*,#11152,.F.);
#11152 = EDGE_CURVE('',#11153,#11153,#11155,.T.);
#11153 = VERTEX_POINT('',#11154);
#11154 = CARTESIAN_POINT('',(126.365,-120.9,0.));
#11155 = CIRCLE('',#11156,0.25);
#11156 = AXIS2_PLACEMENT_3D('',#11157,#11158,#11159);
#11157 = CARTESIAN_POINT('',(126.365,-120.65,0.));
#11158 = DIRECTION('',(-0.,0.,-1.));
#11159 = DIRECTION('',(-0.,-1.,0.));
#11160 = FACE_BOUND('',#11161,.T.);
#11161 = EDGE_LOOP('',(#11162));
#11162 = ORIENTED_EDGE('',*,*,#11163,.F.);
#11163 = EDGE_CURVE('',#11164,#11164,#11166,.T.);
#11164 = VERTEX_POINT('',#11165);
#11165 = CARTESIAN_POINT('',(125.365,-120.9,0.));
#11166 = CIRCLE('',#11167,0.25);
#11167 = AXIS2_PLACEMENT_3D('',#11168,#11169,#11170);
#11168 = CARTESIAN_POINT('',(125.365,-120.65,0.));
#11169 = DIRECTION('',(-0.,0.,-1.));
#11170 = DIRECTION('',(-0.,-1.,0.));
#11171 = FACE_BOUND('',#11172,.T.);
#11172 = EDGE_LOOP('',(#11173));
#11173 = ORIENTED_EDGE('',*,*,#11174,.F.);
#11174 = EDGE_CURVE('',#11175,#11175,#11177,.T.);
#11175 = VERTEX_POINT('',#11176);
#11176 = CARTESIAN_POINT('',(121.285,-114.765,0.));
#11177 = CIRCLE('',#11178,1.1);
#11178 = AXIS2_PLACEMENT_3D('',#11179,#11180,#11181);
#11179 = CARTESIAN_POINT('',(121.285,-113.665,0.));
#11180 = DIRECTION('',(-0.,0.,-1.));
#11181 = DIRECTION('',(-0.,-1.,0.));
#11182 = FACE_BOUND('',#11183,.T.);
#11183 = EDGE_LOOP('',(#11184));
#11184 = ORIENTED_EDGE('',*,*,#11185,.F.);
#11185 = EDGE_CURVE('',#11186,#11186,#11188,.T.);
#11186 = VERTEX_POINT('',#11187);
#11187 = CARTESIAN_POINT('',(117.348,-129.94,0.));
#11188 = CIRCLE('',#11189,0.4);
#11189 = AXIS2_PLACEMENT_3D('',#11190,#11191,#11192);
#11190 = CARTESIAN_POINT('',(117.348,-129.54,0.));
#11191 = DIRECTION('',(-0.,0.,-1.));
#11192 = DIRECTION('',(-0.,-1.,0.));
#11193 = FACE_BOUND('',#11194,.T.);
#11194 = EDGE_LOOP('',(#11195));
#11195 = ORIENTED_EDGE('',*,*,#11196,.F.);
#11196 = EDGE_CURVE('',#11197,#11197,#11199,.T.);
#11197 = VERTEX_POINT('',#11198);
#11198 = CARTESIAN_POINT('',(117.348,-127.4,0.));
#11199 = CIRCLE('',#11200,0.4);
#11200 = AXIS2_PLACEMENT_3D('',#11201,#11202,#11203);
#11201 = CARTESIAN_POINT('',(117.348,-127.,0.));
#11202 = DIRECTION('',(-0.,0.,-1.));
#11203 = DIRECTION('',(-0.,-1.,0.));
#11204 = FACE_BOUND('',#11205,.T.);
#11205 = EDGE_LOOP('',(#11206));
#11206 = ORIENTED_EDGE('',*,*,#11207,.F.);
#11207 = EDGE_CURVE('',#11208,#11208,#11210,.T.);
#11208 = VERTEX_POINT('',#11209);
#11209 = CARTESIAN_POINT('',(117.348,-124.86,0.));
#11210 = CIRCLE('',#11211,0.4);
#11211 = AXIS2_PLACEMENT_3D('',#11212,#11213,#11214);
#11212 = CARTESIAN_POINT('',(117.348,-124.46,0.));
#11213 = DIRECTION('',(-0.,0.,-1.));
#11214 = DIRECTION('',(-0.,-1.,0.));
#11215 = FACE_BOUND('',#11216,.T.);
#11216 = EDGE_LOOP('',(#11217));
#11217 = ORIENTED_EDGE('',*,*,#11218,.F.);
#11218 = EDGE_CURVE('',#11219,#11219,#11221,.T.);
#11219 = VERTEX_POINT('',#11220);
#11220 = CARTESIAN_POINT('',(117.348,-122.32,0.));
#11221 = CIRCLE('',#11222,0.4);
#11222 = AXIS2_PLACEMENT_3D('',#11223,#11224,#11225);
#11223 = CARTESIAN_POINT('',(117.348,-121.92,0.));
#11224 = DIRECTION('',(-0.,0.,-1.));
#11225 = DIRECTION('',(-0.,-1.,0.));
#11226 = FACE_BOUND('',#11227,.T.);
#11227 = EDGE_LOOP('',(#11228));
#11228 = ORIENTED_EDGE('',*,*,#11229,.F.);
#11229 = EDGE_CURVE('',#11230,#11230,#11232,.T.);
#11230 = VERTEX_POINT('',#11231);
#11231 = CARTESIAN_POINT('',(117.348,-119.78,0.));
#11232 = CIRCLE('',#11233,0.4);
#11233 = AXIS2_PLACEMENT_3D('',#11234,#11235,#11236);
#11234 = CARTESIAN_POINT('',(117.348,-119.38,0.));
#11235 = DIRECTION('',(-0.,0.,-1.));
#11236 = DIRECTION('',(-0.,-1.,0.));
#11237 = FACE_BOUND('',#11238,.T.);
#11238 = EDGE_LOOP('',(#11239));
#11239 = ORIENTED_EDGE('',*,*,#11240,.F.);
#11240 = EDGE_CURVE('',#11241,#11241,#11243,.T.);
#11241 = VERTEX_POINT('',#11242);
#11242 = CARTESIAN_POINT('',(117.348,-117.24,0.));
#11243 = CIRCLE('',#11244,0.4);
#11244 = AXIS2_PLACEMENT_3D('',#11245,#11246,#11247);
#11245 = CARTESIAN_POINT('',(117.348,-116.84,0.));
#11246 = DIRECTION('',(-0.,0.,-1.));
#11247 = DIRECTION('',(-0.,-1.,0.));
#11248 = FACE_BOUND('',#11249,.T.);
#11249 = EDGE_LOOP('',(#11250));
#11250 = ORIENTED_EDGE('',*,*,#11251,.F.);
#11251 = EDGE_CURVE('',#11252,#11252,#11254,.T.);
#11252 = VERTEX_POINT('',#11253);
#11253 = CARTESIAN_POINT('',(117.348,-114.7,0.));
#11254 = CIRCLE('',#11255,0.4);
#11255 = AXIS2_PLACEMENT_3D('',#11256,#11257,#11258);
#11256 = CARTESIAN_POINT('',(117.348,-114.3,0.));
#11257 = DIRECTION('',(-0.,0.,-1.));
#11258 = DIRECTION('',(-0.,-1.,0.));
#11259 = FACE_BOUND('',#11260,.T.);
#11260 = EDGE_LOOP('',(#11261));
#11261 = ORIENTED_EDGE('',*,*,#11262,.F.);
#11262 = EDGE_CURVE('',#11263,#11263,#11265,.T.);
#11263 = VERTEX_POINT('',#11264);
#11264 = CARTESIAN_POINT('',(117.348,-112.16,0.));
#11265 = CIRCLE('',#11266,0.4);
#11266 = AXIS2_PLACEMENT_3D('',#11267,#11268,#11269);
#11267 = CARTESIAN_POINT('',(117.348,-111.76,0.));
#11268 = DIRECTION('',(-0.,0.,-1.));
#11269 = DIRECTION('',(-0.,-1.,0.));
#11270 = FACE_BOUND('',#11271,.T.);
#11271 = EDGE_LOOP('',(#11272));
#11272 = ORIENTED_EDGE('',*,*,#11273,.F.);
#11273 = EDGE_CURVE('',#11274,#11274,#11276,.T.);
#11274 = VERTEX_POINT('',#11275);
#11275 = CARTESIAN_POINT('',(126.365,-85.975,0.));
#11276 = CIRCLE('',#11277,0.25);
#11277 = AXIS2_PLACEMENT_3D('',#11278,#11279,#11280);
#11278 = CARTESIAN_POINT('',(126.365,-85.725,0.));
#11279 = DIRECTION('',(-0.,0.,-1.));
#11280 = DIRECTION('',(-0.,-1.,0.));
#11281 = FACE_BOUND('',#11282,.T.);
#11282 = EDGE_LOOP('',(#11283));
#11283 = ORIENTED_EDGE('',*,*,#11284,.F.);
#11284 = EDGE_CURVE('',#11285,#11285,#11287,.T.);
#11285 = VERTEX_POINT('',#11286);
#11286 = CARTESIAN_POINT('',(125.365,-85.975,0.));
#11287 = CIRCLE('',#11288,0.25);
#11288 = AXIS2_PLACEMENT_3D('',#11289,#11290,#11291);
#11289 = CARTESIAN_POINT('',(125.365,-85.725,0.));
#11290 = DIRECTION('',(-0.,0.,-1.));
#11291 = DIRECTION('',(-0.,-1.,0.));
#11292 = FACE_BOUND('',#11293,.T.);
#11293 = EDGE_LOOP('',(#11294));
#11294 = ORIENTED_EDGE('',*,*,#11295,.F.);
#11295 = EDGE_CURVE('',#11296,#11296,#11298,.T.);
#11296 = VERTEX_POINT('',#11297);
#11297 = CARTESIAN_POINT('',(120.9675,-106.7625,0.));
#11298 = CIRCLE('',#11299,0.4);
#11299 = AXIS2_PLACEMENT_3D('',#11300,#11301,#11302);
#11300 = CARTESIAN_POINT('',(120.9675,-106.3625,0.));
#11301 = DIRECTION('',(-0.,0.,-1.));
#11302 = DIRECTION('',(-0.,-1.,0.));
#11303 = FACE_BOUND('',#11304,.T.);
#11304 = EDGE_LOOP('',(#11305));
#11305 = ORIENTED_EDGE('',*,*,#11306,.F.);
#11306 = EDGE_CURVE('',#11307,#11307,#11309,.T.);
#11307 = VERTEX_POINT('',#11308);
#11308 = CARTESIAN_POINT('',(120.9675,-104.2225,0.));
#11309 = CIRCLE('',#11310,0.4);
#11310 = AXIS2_PLACEMENT_3D('',#11311,#11312,#11313);
#11311 = CARTESIAN_POINT('',(120.9675,-103.8225,0.));
#11312 = DIRECTION('',(-0.,0.,-1.));
#11313 = DIRECTION('',(-0.,-1.,0.));
#11314 = FACE_BOUND('',#11315,.T.);
#11315 = EDGE_LOOP('',(#11316));
#11316 = ORIENTED_EDGE('',*,*,#11317,.F.);
#11317 = EDGE_CURVE('',#11318,#11318,#11320,.T.);
#11318 = VERTEX_POINT('',#11319);
#11319 = CARTESIAN_POINT('',(120.9675,-101.6825,0.));
#11320 = CIRCLE('',#11321,0.4);
#11321 = AXIS2_PLACEMENT_3D('',#11322,#11323,#11324);
#11322 = CARTESIAN_POINT('',(120.9675,-101.2825,0.));
#11323 = DIRECTION('',(-0.,0.,-1.));
#11324 = DIRECTION('',(-0.,-1.,0.));
#11325 = FACE_BOUND('',#11326,.T.);
#11326 = EDGE_LOOP('',(#11327));
#11327 = ORIENTED_EDGE('',*,*,#11328,.F.);
#11328 = EDGE_CURVE('',#11329,#11329,#11331,.T.);
#11329 = VERTEX_POINT('',#11330);
#11330 = CARTESIAN_POINT('',(120.9675,-99.1425,0.));
#11331 = CIRCLE('',#11332,0.4);
#11332 = AXIS2_PLACEMENT_3D('',#11333,#11334,#11335);
#11333 = CARTESIAN_POINT('',(120.9675,-98.7425,0.));
#11334 = DIRECTION('',(-0.,0.,-1.));
#11335 = DIRECTION('',(-0.,-1.,0.));
#11336 = FACE_BOUND('',#11337,.T.);
#11337 = EDGE_LOOP('',(#11338));
#11338 = ORIENTED_EDGE('',*,*,#11339,.F.);
#11339 = EDGE_CURVE('',#11340,#11340,#11342,.T.);
#11340 = VERTEX_POINT('',#11341);
#11341 = CARTESIAN_POINT('',(116.205,-98.405,0.));
#11342 = CIRCLE('',#11343,0.25);
#11343 = AXIS2_PLACEMENT_3D('',#11344,#11345,#11346);
#11344 = CARTESIAN_POINT('',(116.205,-98.155,0.));
#11345 = DIRECTION('',(-0.,0.,-1.));
#11346 = DIRECTION('',(-0.,-1.,0.));
#11347 = FACE_BOUND('',#11348,.T.);
#11348 = EDGE_LOOP('',(#11349));
#11349 = ORIENTED_EDGE('',*,*,#11350,.F.);
#11350 = EDGE_CURVE('',#11351,#11351,#11353,.T.);
#11351 = VERTEX_POINT('',#11352);
#11352 = CARTESIAN_POINT('',(120.9675,-96.6025,0.));
#11353 = CIRCLE('',#11354,0.4);
#11354 = AXIS2_PLACEMENT_3D('',#11355,#11356,#11357);
#11355 = CARTESIAN_POINT('',(120.9675,-96.2025,0.));
#11356 = DIRECTION('',(-0.,0.,-1.));
#11357 = DIRECTION('',(-0.,-1.,0.));
#11358 = FACE_BOUND('',#11359,.T.);
#11359 = EDGE_LOOP('',(#11360));
#11360 = ORIENTED_EDGE('',*,*,#11361,.F.);
#11361 = EDGE_CURVE('',#11362,#11362,#11364,.T.);
#11362 = VERTEX_POINT('',#11363);
#11363 = CARTESIAN_POINT('',(120.9675,-94.0625,0.));
#11364 = CIRCLE('',#11365,0.4);
#11365 = AXIS2_PLACEMENT_3D('',#11366,#11367,#11368);
#11366 = CARTESIAN_POINT('',(120.9675,-93.6625,0.));
#11367 = DIRECTION('',(-0.,0.,-1.));
#11368 = DIRECTION('',(-0.,-1.,0.));
#11369 = FACE_BOUND('',#11370,.T.);
#11370 = EDGE_LOOP('',(#11371));
#11371 = ORIENTED_EDGE('',*,*,#11372,.F.);
#11372 = EDGE_CURVE('',#11373,#11373,#11375,.T.);
#11373 = VERTEX_POINT('',#11374);
#11374 = CARTESIAN_POINT('',(120.9675,-91.5225,0.));
#11375 = CIRCLE('',#11376,0.4);
#11376 = AXIS2_PLACEMENT_3D('',#11377,#11378,#11379);
#11377 = CARTESIAN_POINT('',(120.9675,-91.1225,0.));
#11378 = DIRECTION('',(-0.,0.,-1.));
#11379 = DIRECTION('',(-0.,-1.,0.));
#11380 = FACE_BOUND('',#11381,.T.);
#11381 = EDGE_LOOP('',(#11382));
#11382 = ORIENTED_EDGE('',*,*,#11383,.F.);
#11383 = EDGE_CURVE('',#11384,#11384,#11386,.T.);
#11384 = VERTEX_POINT('',#11385);
#11385 = CARTESIAN_POINT('',(120.9675,-88.9825,0.));
#11386 = CIRCLE('',#11387,0.4);
#11387 = AXIS2_PLACEMENT_3D('',#11388,#11389,#11390);
#11388 = CARTESIAN_POINT('',(120.9675,-88.5825,0.));
#11389 = DIRECTION('',(-0.,0.,-1.));
#11390 = DIRECTION('',(-0.,-1.,0.));
#11391 = FACE_BOUND('',#11392,.T.);
#11392 = EDGE_LOOP('',(#11393));
#11393 = ORIENTED_EDGE('',*,*,#11394,.F.);
#11394 = EDGE_CURVE('',#11395,#11395,#11397,.T.);
#11395 = VERTEX_POINT('',#11396);
#11396 = CARTESIAN_POINT('',(116.205,-97.405,0.));
#11397 = CIRCLE('',#11398,0.25);
#11398 = AXIS2_PLACEMENT_3D('',#11399,#11400,#11401);
#11399 = CARTESIAN_POINT('',(116.205,-97.155,0.));
#11400 = DIRECTION('',(-0.,0.,-1.));
#11401 = DIRECTION('',(-0.,-1.,0.));
#11402 = PLANE('',#11403);
#11403 = AXIS2_PLACEMENT_3D('',#11404,#11405,#11406);
#11404 = CARTESIAN_POINT('',(126.365,-133.185,0.));
#11405 = DIRECTION('',(-0.,-0.,-1.));
#11406 = DIRECTION('',(-1.,0.,0.));
#11407 = ADVANCED_FACE('',(#11408,#11419,#11430,#11441,#11452,#11463,
    #11474,#11485,#11496,#11507,#11518,#11529,#11540,#11551,#11562,
    #11573,#11584,#11595,#11606,#11617,#11628,#11639,#11650,#11661,
    #11672,#11683,#11694,#11705,#11716,#11727,#11738,#11749,#11760,
    #11771,#11782,#11793,#11804,#11815,#11826,#11837,#11848,#11859,
    #11870,#11881,#11892,#11903,#11914,#11925,#11936,#11947,#11958,
    #11969,#11980,#11991,#12002,#12013,#12024,#12035,#12046,#12057,
    #12068,#12079,#12090,#12101,#12112,#12123,#12134,#12145,#12156,
    #12167,#12178,#12189,#12200,#12211,#12222,#12233,#12244,#12255,
    #12266,#12277),#12288,.F.);
#11408 = FACE_BOUND('',#11409,.F.);
#11409 = EDGE_LOOP('',(#11410,#11411,#11412,#11418));
#11410 = ORIENTED_EDGE('',*,*,#10433,.T.);
#11411 = ORIENTED_EDGE('',*,*,#10495,.T.);
#11412 = ORIENTED_EDGE('',*,*,#11413,.T.);
#11413 = EDGE_CURVE('',#10496,#10466,#11414,.T.);
#11414 = LINE('',#11415,#11416);
#11415 = CARTESIAN_POINT('',(113.865,-83.185,1.6));
#11416 = VECTOR('',#11417,1.);
#11417 = DIRECTION('',(1.,0.,0.));
#11418 = ORIENTED_EDGE('',*,*,#10473,.T.);
#11419 = FACE_BOUND('',#11420,.F.);
#11420 = EDGE_LOOP('',(#11421));
#11421 = ORIENTED_EDGE('',*,*,#11422,.F.);
#11422 = EDGE_CURVE('',#11423,#11423,#11425,.T.);
#11423 = VERTEX_POINT('',#11424);
#11424 = CARTESIAN_POINT('',(132.715,-181.225,1.6));
#11425 = CIRCLE('',#11426,0.25);
#11426 = AXIS2_PLACEMENT_3D('',#11427,#11428,#11429);
#11427 = CARTESIAN_POINT('',(132.715,-180.975,1.6));
#11428 = DIRECTION('',(-0.,0.,-1.));
#11429 = DIRECTION('',(-0.,-1.,0.));
#11430 = FACE_BOUND('',#11431,.F.);
#11431 = EDGE_LOOP('',(#11432));
#11432 = ORIENTED_EDGE('',*,*,#11433,.F.);
#11433 = EDGE_CURVE('',#11434,#11434,#11436,.T.);
#11434 = VERTEX_POINT('',#11435);
#11435 = CARTESIAN_POINT('',(133.985,-173.855,1.6));
#11436 = CIRCLE('',#11437,0.5);
#11437 = AXIS2_PLACEMENT_3D('',#11438,#11439,#11440);
#11438 = CARTESIAN_POINT('',(133.985,-173.355,1.6));
#11439 = DIRECTION('',(-0.,0.,-1.));
#11440 = DIRECTION('',(-0.,-1.,0.));
#11441 = FACE_BOUND('',#11442,.F.);
#11442 = EDGE_LOOP('',(#11443));
#11443 = ORIENTED_EDGE('',*,*,#11444,.F.);
#11444 = EDGE_CURVE('',#11445,#11445,#11447,.T.);
#11445 = VERTEX_POINT('',#11446);
#11446 = CARTESIAN_POINT('',(133.985,-171.315,1.6));
#11447 = CIRCLE('',#11448,0.5);
#11448 = AXIS2_PLACEMENT_3D('',#11449,#11450,#11451);
#11449 = CARTESIAN_POINT('',(133.985,-170.815,1.6));
#11450 = DIRECTION('',(-0.,0.,-1.));
#11451 = DIRECTION('',(-0.,-1.,0.));
#11452 = FACE_BOUND('',#11453,.F.);
#11453 = EDGE_LOOP('',(#11454));
#11454 = ORIENTED_EDGE('',*,*,#11455,.F.);
#11455 = EDGE_CURVE('',#11456,#11456,#11458,.T.);
#11456 = VERTEX_POINT('',#11457);
#11457 = CARTESIAN_POINT('',(133.985,-168.775,1.6));
#11458 = CIRCLE('',#11459,0.5);
#11459 = AXIS2_PLACEMENT_3D('',#11460,#11461,#11462);
#11460 = CARTESIAN_POINT('',(133.985,-168.275,1.6));
#11461 = DIRECTION('',(-0.,0.,-1.));
#11462 = DIRECTION('',(-0.,-1.,0.));
#11463 = FACE_BOUND('',#11464,.F.);
#11464 = EDGE_LOOP('',(#11465));
#11465 = ORIENTED_EDGE('',*,*,#11466,.F.);
#11466 = EDGE_CURVE('',#11467,#11467,#11469,.T.);
#11467 = VERTEX_POINT('',#11468);
#11468 = CARTESIAN_POINT('',(133.985,-166.235,1.6));
#11469 = CIRCLE('',#11470,0.5);
#11470 = AXIS2_PLACEMENT_3D('',#11471,#11472,#11473);
#11471 = CARTESIAN_POINT('',(133.985,-165.735,1.6));
#11472 = DIRECTION('',(-0.,0.,-1.));
#11473 = DIRECTION('',(-0.,-1.,0.));
#11474 = FACE_BOUND('',#11475,.F.);
#11475 = EDGE_LOOP('',(#11476));
#11476 = ORIENTED_EDGE('',*,*,#11477,.F.);
#11477 = EDGE_CURVE('',#11478,#11478,#11480,.T.);
#11478 = VERTEX_POINT('',#11479);
#11479 = CARTESIAN_POINT('',(133.985,-163.695,1.6));
#11480 = CIRCLE('',#11481,0.5);
#11481 = AXIS2_PLACEMENT_3D('',#11482,#11483,#11484);
#11482 = CARTESIAN_POINT('',(133.985,-163.195,1.6));
#11483 = DIRECTION('',(-0.,0.,-1.));
#11484 = DIRECTION('',(-0.,-1.,0.));
#11485 = FACE_BOUND('',#11486,.F.);
#11486 = EDGE_LOOP('',(#11487));
#11487 = ORIENTED_EDGE('',*,*,#11488,.F.);
#11488 = EDGE_CURVE('',#11489,#11489,#11491,.T.);
#11489 = VERTEX_POINT('',#11490);
#11490 = CARTESIAN_POINT('',(133.985,-161.155,1.6));
#11491 = CIRCLE('',#11492,0.5);
#11492 = AXIS2_PLACEMENT_3D('',#11493,#11494,#11495);
#11493 = CARTESIAN_POINT('',(133.985,-160.655,1.6));
#11494 = DIRECTION('',(-0.,0.,-1.));
#11495 = DIRECTION('',(-0.,-1.,0.));
#11496 = FACE_BOUND('',#11497,.F.);
#11497 = EDGE_LOOP('',(#11498));
#11498 = ORIENTED_EDGE('',*,*,#11499,.F.);
#11499 = EDGE_CURVE('',#11500,#11500,#11502,.T.);
#11500 = VERTEX_POINT('',#11501);
#11501 = CARTESIAN_POINT('',(133.985,-158.615,1.6));
#11502 = CIRCLE('',#11503,0.5);
#11503 = AXIS2_PLACEMENT_3D('',#11504,#11505,#11506);
#11504 = CARTESIAN_POINT('',(133.985,-158.115,1.6));
#11505 = DIRECTION('',(-0.,0.,-1.));
#11506 = DIRECTION('',(-0.,-1.,0.));
#11507 = FACE_BOUND('',#11508,.F.);
#11508 = EDGE_LOOP('',(#11509));
#11509 = ORIENTED_EDGE('',*,*,#11510,.F.);
#11510 = EDGE_CURVE('',#11511,#11511,#11513,.T.);
#11511 = VERTEX_POINT('',#11512);
#11512 = CARTESIAN_POINT('',(128.275,-181.3,1.6));
#11513 = CIRCLE('',#11514,0.325);
#11514 = AXIS2_PLACEMENT_3D('',#11515,#11516,#11517);
#11515 = CARTESIAN_POINT('',(128.275,-180.975,1.6));
#11516 = DIRECTION('',(-0.,0.,-1.));
#11517 = DIRECTION('',(-0.,-1.,0.));
#11518 = FACE_BOUND('',#11519,.F.);
#11519 = EDGE_LOOP('',(#11520));
#11520 = ORIENTED_EDGE('',*,*,#11521,.F.);
#11521 = EDGE_CURVE('',#11522,#11522,#11524,.T.);
#11522 = VERTEX_POINT('',#11523);
#11523 = CARTESIAN_POINT('',(127.005,-181.3,1.6));
#11524 = CIRCLE('',#11525,0.325);
#11525 = AXIS2_PLACEMENT_3D('',#11526,#11527,#11528);
#11526 = CARTESIAN_POINT('',(127.005,-180.975,1.6));
#11527 = DIRECTION('',(-0.,0.,-1.));
#11528 = DIRECTION('',(-0.,-1.,0.));
#11529 = FACE_BOUND('',#11530,.F.);
#11530 = EDGE_LOOP('',(#11531));
#11531 = ORIENTED_EDGE('',*,*,#11532,.F.);
#11532 = EDGE_CURVE('',#11533,#11533,#11535,.T.);
#11533 = VERTEX_POINT('',#11534);
#11534 = CARTESIAN_POINT('',(133.985,-156.075,1.6));
#11535 = CIRCLE('',#11536,0.5);
#11536 = AXIS2_PLACEMENT_3D('',#11537,#11538,#11539);
#11537 = CARTESIAN_POINT('',(133.985,-155.575,1.6));
#11538 = DIRECTION('',(-0.,0.,-1.));
#11539 = DIRECTION('',(-0.,-1.,0.));
#11540 = FACE_BOUND('',#11541,.F.);
#11541 = EDGE_LOOP('',(#11542));
#11542 = ORIENTED_EDGE('',*,*,#11543,.F.);
#11543 = EDGE_CURVE('',#11544,#11544,#11546,.T.);
#11544 = VERTEX_POINT('',#11545);
#11545 = CARTESIAN_POINT('',(133.985,-153.535,1.6));
#11546 = CIRCLE('',#11547,0.5);
#11547 = AXIS2_PLACEMENT_3D('',#11548,#11549,#11550);
#11548 = CARTESIAN_POINT('',(133.985,-153.035,1.6));
#11549 = DIRECTION('',(-0.,0.,-1.));
#11550 = DIRECTION('',(-0.,-1.,0.));
#11551 = FACE_BOUND('',#11552,.F.);
#11552 = EDGE_LOOP('',(#11553));
#11553 = ORIENTED_EDGE('',*,*,#11554,.F.);
#11554 = EDGE_CURVE('',#11555,#11555,#11557,.T.);
#11555 = VERTEX_POINT('',#11556);
#11556 = CARTESIAN_POINT('',(133.985,-150.995,1.6));
#11557 = CIRCLE('',#11558,0.5);
#11558 = AXIS2_PLACEMENT_3D('',#11559,#11560,#11561);
#11559 = CARTESIAN_POINT('',(133.985,-150.495,1.6));
#11560 = DIRECTION('',(-0.,0.,-1.));
#11561 = DIRECTION('',(-0.,-1.,0.));
#11562 = FACE_BOUND('',#11563,.F.);
#11563 = EDGE_LOOP('',(#11564));
#11564 = ORIENTED_EDGE('',*,*,#11565,.F.);
#11565 = EDGE_CURVE('',#11566,#11566,#11568,.T.);
#11566 = VERTEX_POINT('',#11567);
#11567 = CARTESIAN_POINT('',(133.985,-148.455,1.6));
#11568 = CIRCLE('',#11569,0.5);
#11569 = AXIS2_PLACEMENT_3D('',#11570,#11571,#11572);
#11570 = CARTESIAN_POINT('',(133.985,-147.955,1.6));
#11571 = DIRECTION('',(-0.,0.,-1.));
#11572 = DIRECTION('',(-0.,-1.,0.));
#11573 = FACE_BOUND('',#11574,.F.);
#11574 = EDGE_LOOP('',(#11575));
#11575 = ORIENTED_EDGE('',*,*,#11576,.F.);
#11576 = EDGE_CURVE('',#11577,#11577,#11579,.T.);
#11577 = VERTEX_POINT('',#11578);
#11578 = CARTESIAN_POINT('',(133.985,-145.915,1.6));
#11579 = CIRCLE('',#11580,0.5);
#11580 = AXIS2_PLACEMENT_3D('',#11581,#11582,#11583);
#11581 = CARTESIAN_POINT('',(133.985,-145.415,1.6));
#11582 = DIRECTION('',(-0.,0.,-1.));
#11583 = DIRECTION('',(-0.,-1.,0.));
#11584 = FACE_BOUND('',#11585,.F.);
#11585 = EDGE_LOOP('',(#11586));
#11586 = ORIENTED_EDGE('',*,*,#11587,.F.);
#11587 = EDGE_CURVE('',#11588,#11588,#11590,.T.);
#11588 = VERTEX_POINT('',#11589);
#11589 = CARTESIAN_POINT('',(133.985,-143.375,1.6));
#11590 = CIRCLE('',#11591,0.5);
#11591 = AXIS2_PLACEMENT_3D('',#11592,#11593,#11594);
#11592 = CARTESIAN_POINT('',(133.985,-142.875,1.6));
#11593 = DIRECTION('',(-0.,0.,-1.));
#11594 = DIRECTION('',(-0.,-1.,0.));
#11595 = FACE_BOUND('',#11596,.F.);
#11596 = EDGE_LOOP('',(#11597));
#11597 = ORIENTED_EDGE('',*,*,#11598,.F.);
#11598 = EDGE_CURVE('',#11599,#11599,#11601,.T.);
#11599 = VERTEX_POINT('',#11600);
#11600 = CARTESIAN_POINT('',(133.985,-140.835,1.6));
#11601 = CIRCLE('',#11602,0.5);
#11602 = AXIS2_PLACEMENT_3D('',#11603,#11604,#11605);
#11603 = CARTESIAN_POINT('',(133.985,-140.335,1.6));
#11604 = DIRECTION('',(-0.,0.,-1.));
#11605 = DIRECTION('',(-0.,-1.,0.));
#11606 = FACE_BOUND('',#11607,.F.);
#11607 = EDGE_LOOP('',(#11608));
#11608 = ORIENTED_EDGE('',*,*,#11609,.F.);
#11609 = EDGE_CURVE('',#11610,#11610,#11612,.T.);
#11610 = VERTEX_POINT('',#11611);
#11611 = CARTESIAN_POINT('',(133.985,-138.295,1.6));
#11612 = CIRCLE('',#11613,0.5);
#11613 = AXIS2_PLACEMENT_3D('',#11614,#11615,#11616);
#11614 = CARTESIAN_POINT('',(133.985,-137.795,1.6));
#11615 = DIRECTION('',(-0.,0.,-1.));
#11616 = DIRECTION('',(-0.,-1.,0.));
#11617 = FACE_BOUND('',#11618,.F.);
#11618 = EDGE_LOOP('',(#11619));
#11619 = ORIENTED_EDGE('',*,*,#11620,.F.);
#11620 = EDGE_CURVE('',#11621,#11621,#11623,.T.);
#11621 = VERTEX_POINT('',#11622);
#11622 = CARTESIAN_POINT('',(128.27,-152.725,1.6));
#11623 = CIRCLE('',#11624,0.325);
#11624 = AXIS2_PLACEMENT_3D('',#11625,#11626,#11627);
#11625 = CARTESIAN_POINT('',(128.27,-152.4,1.6));
#11626 = DIRECTION('',(-0.,0.,-1.));
#11627 = DIRECTION('',(8.745141363201E-14,-1.,-0.));
#11628 = FACE_BOUND('',#11629,.F.);
#11629 = EDGE_LOOP('',(#11630));
#11630 = ORIENTED_EDGE('',*,*,#11631,.F.);
#11631 = EDGE_CURVE('',#11632,#11632,#11634,.T.);
#11632 = VERTEX_POINT('',#11633);
#11633 = CARTESIAN_POINT('',(127.,-152.725,1.6));
#11634 = CIRCLE('',#11635,0.325);
#11635 = AXIS2_PLACEMENT_3D('',#11636,#11637,#11638);
#11636 = CARTESIAN_POINT('',(127.,-152.4,1.6));
#11637 = DIRECTION('',(-0.,0.,-1.));
#11638 = DIRECTION('',(-0.,-1.,0.));
#11639 = FACE_BOUND('',#11640,.F.);
#11640 = EDGE_LOOP('',(#11641));
#11641 = ORIENTED_EDGE('',*,*,#11642,.F.);
#11642 = EDGE_CURVE('',#11643,#11643,#11645,.T.);
#11643 = VERTEX_POINT('',#11644);
#11644 = CARTESIAN_POINT('',(125.735,-181.3,1.6));
#11645 = CIRCLE('',#11646,0.325);
#11646 = AXIS2_PLACEMENT_3D('',#11647,#11648,#11649);
#11647 = CARTESIAN_POINT('',(125.735,-180.975,1.6));
#11648 = DIRECTION('',(-0.,0.,-1.));
#11649 = DIRECTION('',(-0.,-1.,0.));
#11650 = FACE_BOUND('',#11651,.F.);
#11651 = EDGE_LOOP('',(#11652));
#11652 = ORIENTED_EDGE('',*,*,#11653,.F.);
#11653 = EDGE_CURVE('',#11654,#11654,#11656,.T.);
#11654 = VERTEX_POINT('',#11655);
#11655 = CARTESIAN_POINT('',(124.465,-181.3,1.6));
#11656 = CIRCLE('',#11657,0.325);
#11657 = AXIS2_PLACEMENT_3D('',#11658,#11659,#11660);
#11658 = CARTESIAN_POINT('',(124.465,-180.975,1.6));
#11659 = DIRECTION('',(-0.,0.,-1.));
#11660 = DIRECTION('',(-0.,-1.,0.));
#11661 = FACE_BOUND('',#11662,.F.);
#11662 = EDGE_LOOP('',(#11663));
#11663 = ORIENTED_EDGE('',*,*,#11664,.F.);
#11664 = EDGE_CURVE('',#11665,#11665,#11667,.T.);
#11665 = VERTEX_POINT('',#11666);
#11666 = CARTESIAN_POINT('',(123.825,-167.47,1.6));
#11667 = CIRCLE('',#11668,1.1);
#11668 = AXIS2_PLACEMENT_3D('',#11669,#11670,#11671);
#11669 = CARTESIAN_POINT('',(123.825,-166.37,1.6));
#11670 = DIRECTION('',(-0.,0.,-1.));
#11671 = DIRECTION('',(1.2918958832E-14,-1.,-0.));
#11672 = FACE_BOUND('',#11673,.F.);
#11673 = EDGE_LOOP('',(#11674));
#11674 = ORIENTED_EDGE('',*,*,#11675,.F.);
#11675 = EDGE_CURVE('',#11676,#11676,#11678,.T.);
#11676 = VERTEX_POINT('',#11677);
#11677 = CARTESIAN_POINT('',(119.745,-181.225,1.6));
#11678 = CIRCLE('',#11679,0.25);
#11679 = AXIS2_PLACEMENT_3D('',#11680,#11681,#11682);
#11680 = CARTESIAN_POINT('',(119.745,-180.975,1.6));
#11681 = DIRECTION('',(-0.,0.,-1.));
#11682 = DIRECTION('',(-0.,-1.,0.));
#11683 = FACE_BOUND('',#11684,.F.);
#11684 = EDGE_LOOP('',(#11685));
#11685 = ORIENTED_EDGE('',*,*,#11686,.F.);
#11686 = EDGE_CURVE('',#11687,#11687,#11689,.T.);
#11687 = VERTEX_POINT('',#11688);
#11688 = CARTESIAN_POINT('',(118.745,-181.225,1.6));
#11689 = CIRCLE('',#11690,0.25);
#11690 = AXIS2_PLACEMENT_3D('',#11691,#11692,#11693);
#11691 = CARTESIAN_POINT('',(118.745,-180.975,1.6));
#11692 = DIRECTION('',(-0.,0.,-1.));
#11693 = DIRECTION('',(-0.,-1.,0.));
#11694 = FACE_BOUND('',#11695,.F.);
#11695 = EDGE_LOOP('',(#11696));
#11696 = ORIENTED_EDGE('',*,*,#11697,.F.);
#11697 = EDGE_CURVE('',#11698,#11698,#11700,.T.);
#11698 = VERTEX_POINT('',#11699);
#11699 = CARTESIAN_POINT('',(118.745,-173.855,1.6));
#11700 = CIRCLE('',#11701,0.5);
#11701 = AXIS2_PLACEMENT_3D('',#11702,#11703,#11704);
#11702 = CARTESIAN_POINT('',(118.745,-173.355,1.6));
#11703 = DIRECTION('',(-0.,0.,-1.));
#11704 = DIRECTION('',(-0.,-1.,0.));
#11705 = FACE_BOUND('',#11706,.F.);
#11706 = EDGE_LOOP('',(#11707));
#11707 = ORIENTED_EDGE('',*,*,#11708,.F.);
#11708 = EDGE_CURVE('',#11709,#11709,#11711,.T.);
#11709 = VERTEX_POINT('',#11710);
#11710 = CARTESIAN_POINT('',(118.745,-171.315,1.6));
#11711 = CIRCLE('',#11712,0.5);
#11712 = AXIS2_PLACEMENT_3D('',#11713,#11714,#11715);
#11713 = CARTESIAN_POINT('',(118.745,-170.815,1.6));
#11714 = DIRECTION('',(-0.,0.,-1.));
#11715 = DIRECTION('',(-0.,-1.,0.));
#11716 = FACE_BOUND('',#11717,.F.);
#11717 = EDGE_LOOP('',(#11718));
#11718 = ORIENTED_EDGE('',*,*,#11719,.F.);
#11719 = EDGE_CURVE('',#11720,#11720,#11722,.T.);
#11720 = VERTEX_POINT('',#11721);
#11721 = CARTESIAN_POINT('',(118.745,-168.775,1.6));
#11722 = CIRCLE('',#11723,0.5);
#11723 = AXIS2_PLACEMENT_3D('',#11724,#11725,#11726);
#11724 = CARTESIAN_POINT('',(118.745,-168.275,1.6));
#11725 = DIRECTION('',(-0.,0.,-1.));
#11726 = DIRECTION('',(-0.,-1.,0.));
#11727 = FACE_BOUND('',#11728,.F.);
#11728 = EDGE_LOOP('',(#11729));
#11729 = ORIENTED_EDGE('',*,*,#11730,.F.);
#11730 = EDGE_CURVE('',#11731,#11731,#11733,.T.);
#11731 = VERTEX_POINT('',#11732);
#11732 = CARTESIAN_POINT('',(118.745,-166.235,1.6));
#11733 = CIRCLE('',#11734,0.5);
#11734 = AXIS2_PLACEMENT_3D('',#11735,#11736,#11737);
#11735 = CARTESIAN_POINT('',(118.745,-165.735,1.6));
#11736 = DIRECTION('',(-0.,0.,-1.));
#11737 = DIRECTION('',(-0.,-1.,0.));
#11738 = FACE_BOUND('',#11739,.F.);
#11739 = EDGE_LOOP('',(#11740));
#11740 = ORIENTED_EDGE('',*,*,#11741,.F.);
#11741 = EDGE_CURVE('',#11742,#11742,#11744,.T.);
#11742 = VERTEX_POINT('',#11743);
#11743 = CARTESIAN_POINT('',(118.745,-163.695,1.6));
#11744 = CIRCLE('',#11745,0.5);
#11745 = AXIS2_PLACEMENT_3D('',#11746,#11747,#11748);
#11746 = CARTESIAN_POINT('',(118.745,-163.195,1.6));
#11747 = DIRECTION('',(-0.,0.,-1.));
#11748 = DIRECTION('',(-0.,-1.,0.));
#11749 = FACE_BOUND('',#11750,.F.);
#11750 = EDGE_LOOP('',(#11751));
#11751 = ORIENTED_EDGE('',*,*,#11752,.F.);
#11752 = EDGE_CURVE('',#11753,#11753,#11755,.T.);
#11753 = VERTEX_POINT('',#11754);
#11754 = CARTESIAN_POINT('',(118.745,-161.155,1.6));
#11755 = CIRCLE('',#11756,0.5);
#11756 = AXIS2_PLACEMENT_3D('',#11757,#11758,#11759);
#11757 = CARTESIAN_POINT('',(118.745,-160.655,1.6));
#11758 = DIRECTION('',(-0.,0.,-1.));
#11759 = DIRECTION('',(-0.,-1.,0.));
#11760 = FACE_BOUND('',#11761,.F.);
#11761 = EDGE_LOOP('',(#11762));
#11762 = ORIENTED_EDGE('',*,*,#11763,.F.);
#11763 = EDGE_CURVE('',#11764,#11764,#11766,.T.);
#11764 = VERTEX_POINT('',#11765);
#11765 = CARTESIAN_POINT('',(118.745,-158.615,1.6));
#11766 = CIRCLE('',#11767,0.5);
#11767 = AXIS2_PLACEMENT_3D('',#11768,#11769,#11770);
#11768 = CARTESIAN_POINT('',(118.745,-158.115,1.6));
#11769 = DIRECTION('',(-0.,0.,-1.));
#11770 = DIRECTION('',(-0.,-1.,0.));
#11771 = FACE_BOUND('',#11772,.F.);
#11772 = EDGE_LOOP('',(#11773));
#11773 = ORIENTED_EDGE('',*,*,#11774,.F.);
#11774 = EDGE_CURVE('',#11775,#11775,#11777,.T.);
#11775 = VERTEX_POINT('',#11776);
#11776 = CARTESIAN_POINT('',(125.73,-152.725,1.6));
#11777 = CIRCLE('',#11778,0.325);
#11778 = AXIS2_PLACEMENT_3D('',#11779,#11780,#11781);
#11779 = CARTESIAN_POINT('',(125.73,-152.4,1.6));
#11780 = DIRECTION('',(-0.,0.,-1.));
#11781 = DIRECTION('',(-0.,-1.,0.));
#11782 = FACE_BOUND('',#11783,.F.);
#11783 = EDGE_LOOP('',(#11784));
#11784 = ORIENTED_EDGE('',*,*,#11785,.F.);
#11785 = EDGE_CURVE('',#11786,#11786,#11788,.T.);
#11786 = VERTEX_POINT('',#11787);
#11787 = CARTESIAN_POINT('',(124.46,-152.725,1.6));
#11788 = CIRCLE('',#11789,0.325);
#11789 = AXIS2_PLACEMENT_3D('',#11790,#11791,#11792);
#11790 = CARTESIAN_POINT('',(124.46,-152.4,1.6));
#11791 = DIRECTION('',(-0.,0.,-1.));
#11792 = DIRECTION('',(-4.372570681601E-14,-1.,0.));
#11793 = FACE_BOUND('',#11794,.F.);
#11794 = EDGE_LOOP('',(#11795));
#11795 = ORIENTED_EDGE('',*,*,#11796,.F.);
#11796 = EDGE_CURVE('',#11797,#11797,#11799,.T.);
#11797 = VERTEX_POINT('',#11798);
#11798 = CARTESIAN_POINT('',(118.745,-156.075,1.6));
#11799 = CIRCLE('',#11800,0.5);
#11800 = AXIS2_PLACEMENT_3D('',#11801,#11802,#11803);
#11801 = CARTESIAN_POINT('',(118.745,-155.575,1.6));
#11802 = DIRECTION('',(-0.,0.,-1.));
#11803 = DIRECTION('',(-0.,-1.,0.));
#11804 = FACE_BOUND('',#11805,.F.);
#11805 = EDGE_LOOP('',(#11806));
#11806 = ORIENTED_EDGE('',*,*,#11807,.F.);
#11807 = EDGE_CURVE('',#11808,#11808,#11810,.T.);
#11808 = VERTEX_POINT('',#11809);
#11809 = CARTESIAN_POINT('',(118.745,-153.535,1.6));
#11810 = CIRCLE('',#11811,0.5);
#11811 = AXIS2_PLACEMENT_3D('',#11812,#11813,#11814);
#11812 = CARTESIAN_POINT('',(118.745,-153.035,1.6));
#11813 = DIRECTION('',(-0.,0.,-1.));
#11814 = DIRECTION('',(-0.,-1.,0.));
#11815 = FACE_BOUND('',#11816,.F.);
#11816 = EDGE_LOOP('',(#11817));
#11817 = ORIENTED_EDGE('',*,*,#11818,.F.);
#11818 = EDGE_CURVE('',#11819,#11819,#11821,.T.);
#11819 = VERTEX_POINT('',#11820);
#11820 = CARTESIAN_POINT('',(118.745,-150.995,1.6));
#11821 = CIRCLE('',#11822,0.5);
#11822 = AXIS2_PLACEMENT_3D('',#11823,#11824,#11825);
#11823 = CARTESIAN_POINT('',(118.745,-150.495,1.6));
#11824 = DIRECTION('',(-0.,0.,-1.));
#11825 = DIRECTION('',(-0.,-1.,0.));
#11826 = FACE_BOUND('',#11827,.F.);
#11827 = EDGE_LOOP('',(#11828));
#11828 = ORIENTED_EDGE('',*,*,#11829,.F.);
#11829 = EDGE_CURVE('',#11830,#11830,#11832,.T.);
#11830 = VERTEX_POINT('',#11831);
#11831 = CARTESIAN_POINT('',(118.745,-148.455,1.6));
#11832 = CIRCLE('',#11833,0.5);
#11833 = AXIS2_PLACEMENT_3D('',#11834,#11835,#11836);
#11834 = CARTESIAN_POINT('',(118.745,-147.955,1.6));
#11835 = DIRECTION('',(-0.,0.,-1.));
#11836 = DIRECTION('',(-0.,-1.,0.));
#11837 = FACE_BOUND('',#11838,.F.);
#11838 = EDGE_LOOP('',(#11839));
#11839 = ORIENTED_EDGE('',*,*,#11840,.F.);
#11840 = EDGE_CURVE('',#11841,#11841,#11843,.T.);
#11841 = VERTEX_POINT('',#11842);
#11842 = CARTESIAN_POINT('',(118.745,-145.915,1.6));
#11843 = CIRCLE('',#11844,0.5);
#11844 = AXIS2_PLACEMENT_3D('',#11845,#11846,#11847);
#11845 = CARTESIAN_POINT('',(118.745,-145.415,1.6));
#11846 = DIRECTION('',(-0.,0.,-1.));
#11847 = DIRECTION('',(-0.,-1.,0.));
#11848 = FACE_BOUND('',#11849,.F.);
#11849 = EDGE_LOOP('',(#11850));
#11850 = ORIENTED_EDGE('',*,*,#11851,.F.);
#11851 = EDGE_CURVE('',#11852,#11852,#11854,.T.);
#11852 = VERTEX_POINT('',#11853);
#11853 = CARTESIAN_POINT('',(118.745,-143.375,1.6));
#11854 = CIRCLE('',#11855,0.5);
#11855 = AXIS2_PLACEMENT_3D('',#11856,#11857,#11858);
#11856 = CARTESIAN_POINT('',(118.745,-142.875,1.6));
#11857 = DIRECTION('',(-0.,0.,-1.));
#11858 = DIRECTION('',(-0.,-1.,0.));
#11859 = FACE_BOUND('',#11860,.F.);
#11860 = EDGE_LOOP('',(#11861));
#11861 = ORIENTED_EDGE('',*,*,#11862,.F.);
#11862 = EDGE_CURVE('',#11863,#11863,#11865,.T.);
#11863 = VERTEX_POINT('',#11864);
#11864 = CARTESIAN_POINT('',(118.745,-140.835,1.6));
#11865 = CIRCLE('',#11866,0.5);
#11866 = AXIS2_PLACEMENT_3D('',#11867,#11868,#11869);
#11867 = CARTESIAN_POINT('',(118.745,-140.335,1.6));
#11868 = DIRECTION('',(-0.,0.,-1.));
#11869 = DIRECTION('',(-0.,-1.,0.));
#11870 = FACE_BOUND('',#11871,.F.);
#11871 = EDGE_LOOP('',(#11872));
#11872 = ORIENTED_EDGE('',*,*,#11873,.F.);
#11873 = EDGE_CURVE('',#11874,#11874,#11876,.T.);
#11874 = VERTEX_POINT('',#11875);
#11875 = CARTESIAN_POINT('',(118.745,-138.295,1.6));
#11876 = CIRCLE('',#11877,0.5);
#11877 = AXIS2_PLACEMENT_3D('',#11878,#11879,#11880);
#11878 = CARTESIAN_POINT('',(118.745,-137.795,1.6));
#11879 = DIRECTION('',(-0.,0.,-1.));
#11880 = DIRECTION('',(-0.,-1.,0.));
#11881 = FACE_BOUND('',#11882,.F.);
#11882 = EDGE_LOOP('',(#11883));
#11883 = ORIENTED_EDGE('',*,*,#11884,.F.);
#11884 = EDGE_CURVE('',#11885,#11885,#11887,.T.);
#11885 = VERTEX_POINT('',#11886);
#11886 = CARTESIAN_POINT('',(135.382,-129.94,1.6));
#11887 = CIRCLE('',#11888,0.4);
#11888 = AXIS2_PLACEMENT_3D('',#11889,#11890,#11891);
#11889 = CARTESIAN_POINT('',(135.382,-129.54,1.6));
#11890 = DIRECTION('',(-0.,0.,-1.));
#11891 = DIRECTION('',(-0.,-1.,0.));
#11892 = FACE_BOUND('',#11893,.F.);
#11893 = EDGE_LOOP('',(#11894));
#11894 = ORIENTED_EDGE('',*,*,#11895,.F.);
#11895 = EDGE_CURVE('',#11896,#11896,#11898,.T.);
#11896 = VERTEX_POINT('',#11897);
#11897 = CARTESIAN_POINT('',(135.382,-127.4,1.6));
#11898 = CIRCLE('',#11899,0.4);
#11899 = AXIS2_PLACEMENT_3D('',#11900,#11901,#11902);
#11900 = CARTESIAN_POINT('',(135.382,-127.,1.6));
#11901 = DIRECTION('',(-0.,0.,-1.));
#11902 = DIRECTION('',(-0.,-1.,0.));
#11903 = FACE_BOUND('',#11904,.F.);
#11904 = EDGE_LOOP('',(#11905));
#11905 = ORIENTED_EDGE('',*,*,#11906,.F.);
#11906 = EDGE_CURVE('',#11907,#11907,#11909,.T.);
#11907 = VERTEX_POINT('',#11908);
#11908 = CARTESIAN_POINT('',(135.382,-124.86,1.6));
#11909 = CIRCLE('',#11910,0.4);
#11910 = AXIS2_PLACEMENT_3D('',#11911,#11912,#11913);
#11911 = CARTESIAN_POINT('',(135.382,-124.46,1.6));
#11912 = DIRECTION('',(-0.,0.,-1.));
#11913 = DIRECTION('',(-0.,-1.,0.));
#11914 = FACE_BOUND('',#11915,.F.);
#11915 = EDGE_LOOP('',(#11916));
#11916 = ORIENTED_EDGE('',*,*,#11917,.F.);
#11917 = EDGE_CURVE('',#11918,#11918,#11920,.T.);
#11918 = VERTEX_POINT('',#11919);
#11919 = CARTESIAN_POINT('',(135.382,-122.32,1.6));
#11920 = CIRCLE('',#11921,0.4);
#11921 = AXIS2_PLACEMENT_3D('',#11922,#11923,#11924);
#11922 = CARTESIAN_POINT('',(135.382,-121.92,1.6));
#11923 = DIRECTION('',(-0.,0.,-1.));
#11924 = DIRECTION('',(-0.,-1.,0.));
#11925 = FACE_BOUND('',#11926,.F.);
#11926 = EDGE_LOOP('',(#11927));
#11927 = ORIENTED_EDGE('',*,*,#11928,.F.);
#11928 = EDGE_CURVE('',#11929,#11929,#11931,.T.);
#11929 = VERTEX_POINT('',#11930);
#11930 = CARTESIAN_POINT('',(135.382,-119.78,1.6));
#11931 = CIRCLE('',#11932,0.4);
#11932 = AXIS2_PLACEMENT_3D('',#11933,#11934,#11935);
#11933 = CARTESIAN_POINT('',(135.382,-119.38,1.6));
#11934 = DIRECTION('',(-0.,0.,-1.));
#11935 = DIRECTION('',(-0.,-1.,0.));
#11936 = FACE_BOUND('',#11937,.F.);
#11937 = EDGE_LOOP('',(#11938));
#11938 = ORIENTED_EDGE('',*,*,#11939,.F.);
#11939 = EDGE_CURVE('',#11940,#11940,#11942,.T.);
#11940 = VERTEX_POINT('',#11941);
#11941 = CARTESIAN_POINT('',(135.382,-117.24,1.6));
#11942 = CIRCLE('',#11943,0.4);
#11943 = AXIS2_PLACEMENT_3D('',#11944,#11945,#11946);
#11944 = CARTESIAN_POINT('',(135.382,-116.84,1.6));
#11945 = DIRECTION('',(-0.,0.,-1.));
#11946 = DIRECTION('',(-0.,-1.,0.));
#11947 = FACE_BOUND('',#11948,.F.);
#11948 = EDGE_LOOP('',(#11949));
#11949 = ORIENTED_EDGE('',*,*,#11950,.F.);
#11950 = EDGE_CURVE('',#11951,#11951,#11953,.T.);
#11951 = VERTEX_POINT('',#11952);
#11952 = CARTESIAN_POINT('',(135.382,-114.7,1.6));
#11953 = CIRCLE('',#11954,0.4);
#11954 = AXIS2_PLACEMENT_3D('',#11955,#11956,#11957);
#11955 = CARTESIAN_POINT('',(135.382,-114.3,1.6));
#11956 = DIRECTION('',(-0.,0.,-1.));
#11957 = DIRECTION('',(-0.,-1.,0.));
#11958 = FACE_BOUND('',#11959,.F.);
#11959 = EDGE_LOOP('',(#11960));
#11960 = ORIENTED_EDGE('',*,*,#11961,.F.);
#11961 = EDGE_CURVE('',#11962,#11962,#11964,.T.);
#11962 = VERTEX_POINT('',#11963);
#11963 = CARTESIAN_POINT('',(135.382,-112.16,1.6));
#11964 = CIRCLE('',#11965,0.4);
#11965 = AXIS2_PLACEMENT_3D('',#11966,#11967,#11968);
#11966 = CARTESIAN_POINT('',(135.382,-111.76,1.6));
#11967 = DIRECTION('',(-0.,0.,-1.));
#11968 = DIRECTION('',(-0.,-1.,0.));
#11969 = FACE_BOUND('',#11970,.F.);
#11970 = EDGE_LOOP('',(#11971));
#11971 = ORIENTED_EDGE('',*,*,#11972,.F.);
#11972 = EDGE_CURVE('',#11973,#11973,#11975,.T.);
#11973 = VERTEX_POINT('',#11974);
#11974 = CARTESIAN_POINT('',(131.445,-114.765,1.6));
#11975 = CIRCLE('',#11976,1.1);
#11976 = AXIS2_PLACEMENT_3D('',#11977,#11978,#11979);
#11977 = CARTESIAN_POINT('',(131.445,-113.665,1.6));
#11978 = DIRECTION('',(-0.,0.,-1.));
#11979 = DIRECTION('',(-0.,-1.,0.));
#11980 = FACE_BOUND('',#11981,.F.);
#11981 = EDGE_LOOP('',(#11982));
#11982 = ORIENTED_EDGE('',*,*,#11983,.F.);
#11983 = EDGE_CURVE('',#11984,#11984,#11986,.T.);
#11984 = VERTEX_POINT('',#11985);
#11985 = CARTESIAN_POINT('',(127.365,-120.9,1.6));
#11986 = CIRCLE('',#11987,0.25);
#11987 = AXIS2_PLACEMENT_3D('',#11988,#11989,#11990);
#11988 = CARTESIAN_POINT('',(127.365,-120.65,1.6));
#11989 = DIRECTION('',(-0.,0.,-1.));
#11990 = DIRECTION('',(-0.,-1.,0.));
#11991 = FACE_BOUND('',#11992,.F.);
#11992 = EDGE_LOOP('',(#11993));
#11993 = ORIENTED_EDGE('',*,*,#11994,.F.);
#11994 = EDGE_CURVE('',#11995,#11995,#11997,.T.);
#11995 = VERTEX_POINT('',#11996);
#11996 = CARTESIAN_POINT('',(136.525,-98.04,1.6));
#11997 = CIRCLE('',#11998,0.25);
#11998 = AXIS2_PLACEMENT_3D('',#11999,#12000,#12001);
#11999 = CARTESIAN_POINT('',(136.525,-97.79,1.6));
#12000 = DIRECTION('',(-0.,0.,-1.));
#12001 = DIRECTION('',(-0.,-1.,0.));
#12002 = FACE_BOUND('',#12003,.F.);
#12003 = EDGE_LOOP('',(#12004));
#12004 = ORIENTED_EDGE('',*,*,#12005,.F.);
#12005 = EDGE_CURVE('',#12006,#12006,#12008,.T.);
#12006 = VERTEX_POINT('',#12007);
#12007 = CARTESIAN_POINT('',(136.525,-97.04,1.6));
#12008 = CIRCLE('',#12009,0.25);
#12009 = AXIS2_PLACEMENT_3D('',#12010,#12011,#12012);
#12010 = CARTESIAN_POINT('',(136.525,-96.79,1.6));
#12011 = DIRECTION('',(-0.,0.,-1.));
#12012 = DIRECTION('',(-0.,-1.,0.));
#12013 = FACE_BOUND('',#12014,.F.);
#12014 = EDGE_LOOP('',(#12015));
#12015 = ORIENTED_EDGE('',*,*,#12016,.F.);
#12016 = EDGE_CURVE('',#12017,#12017,#12019,.T.);
#12017 = VERTEX_POINT('',#12018);
#12018 = CARTESIAN_POINT('',(130.175,-93.81,1.6));
#12019 = CIRCLE('',#12020,1.1);
#12020 = AXIS2_PLACEMENT_3D('',#12021,#12022,#12023);
#12021 = CARTESIAN_POINT('',(130.175,-92.71,1.6));
#12022 = DIRECTION('',(-0.,0.,-1.));
#12023 = DIRECTION('',(-0.,-1.,0.));
#12024 = FACE_BOUND('',#12025,.F.);
#12025 = EDGE_LOOP('',(#12026));
#12026 = ORIENTED_EDGE('',*,*,#12027,.F.);
#12027 = EDGE_CURVE('',#12028,#12028,#12030,.T.);
#12028 = VERTEX_POINT('',#12029);
#12029 = CARTESIAN_POINT('',(127.365,-85.975,1.6));
#12030 = CIRCLE('',#12031,0.25);
#12031 = AXIS2_PLACEMENT_3D('',#12032,#12033,#12034);
#12032 = CARTESIAN_POINT('',(127.365,-85.725,1.6));
#12033 = DIRECTION('',(-0.,0.,-1.));
#12034 = DIRECTION('',(-0.,-1.,0.));
#12035 = FACE_BOUND('',#12036,.F.);
#12036 = EDGE_LOOP('',(#12037));
#12037 = ORIENTED_EDGE('',*,*,#12038,.F.);
#12038 = EDGE_CURVE('',#12039,#12039,#12041,.T.);
#12039 = VERTEX_POINT('',#12040);
#12040 = CARTESIAN_POINT('',(126.365,-120.9,1.6));
#12041 = CIRCLE('',#12042,0.25);
#12042 = AXIS2_PLACEMENT_3D('',#12043,#12044,#12045);
#12043 = CARTESIAN_POINT('',(126.365,-120.65,1.6));
#12044 = DIRECTION('',(-0.,0.,-1.));
#12045 = DIRECTION('',(-0.,-1.,0.));
#12046 = FACE_BOUND('',#12047,.F.);
#12047 = EDGE_LOOP('',(#12048));
#12048 = ORIENTED_EDGE('',*,*,#12049,.F.);
#12049 = EDGE_CURVE('',#12050,#12050,#12052,.T.);
#12050 = VERTEX_POINT('',#12051);
#12051 = CARTESIAN_POINT('',(125.365,-120.9,1.6));
#12052 = CIRCLE('',#12053,0.25);
#12053 = AXIS2_PLACEMENT_3D('',#12054,#12055,#12056);
#12054 = CARTESIAN_POINT('',(125.365,-120.65,1.6));
#12055 = DIRECTION('',(-0.,0.,-1.));
#12056 = DIRECTION('',(-0.,-1.,0.));
#12057 = FACE_BOUND('',#12058,.F.);
#12058 = EDGE_LOOP('',(#12059));
#12059 = ORIENTED_EDGE('',*,*,#12060,.F.);
#12060 = EDGE_CURVE('',#12061,#12061,#12063,.T.);
#12061 = VERTEX_POINT('',#12062);
#12062 = CARTESIAN_POINT('',(121.285,-114.765,1.6));
#12063 = CIRCLE('',#12064,1.1);
#12064 = AXIS2_PLACEMENT_3D('',#12065,#12066,#12067);
#12065 = CARTESIAN_POINT('',(121.285,-113.665,1.6));
#12066 = DIRECTION('',(-0.,0.,-1.));
#12067 = DIRECTION('',(-0.,-1.,0.));
#12068 = FACE_BOUND('',#12069,.F.);
#12069 = EDGE_LOOP('',(#12070));
#12070 = ORIENTED_EDGE('',*,*,#12071,.F.);
#12071 = EDGE_CURVE('',#12072,#12072,#12074,.T.);
#12072 = VERTEX_POINT('',#12073);
#12073 = CARTESIAN_POINT('',(117.348,-129.94,1.6));
#12074 = CIRCLE('',#12075,0.4);
#12075 = AXIS2_PLACEMENT_3D('',#12076,#12077,#12078);
#12076 = CARTESIAN_POINT('',(117.348,-129.54,1.6));
#12077 = DIRECTION('',(-0.,0.,-1.));
#12078 = DIRECTION('',(-0.,-1.,0.));
#12079 = FACE_BOUND('',#12080,.F.);
#12080 = EDGE_LOOP('',(#12081));
#12081 = ORIENTED_EDGE('',*,*,#12082,.F.);
#12082 = EDGE_CURVE('',#12083,#12083,#12085,.T.);
#12083 = VERTEX_POINT('',#12084);
#12084 = CARTESIAN_POINT('',(117.348,-127.4,1.6));
#12085 = CIRCLE('',#12086,0.4);
#12086 = AXIS2_PLACEMENT_3D('',#12087,#12088,#12089);
#12087 = CARTESIAN_POINT('',(117.348,-127.,1.6));
#12088 = DIRECTION('',(-0.,0.,-1.));
#12089 = DIRECTION('',(-0.,-1.,0.));
#12090 = FACE_BOUND('',#12091,.F.);
#12091 = EDGE_LOOP('',(#12092));
#12092 = ORIENTED_EDGE('',*,*,#12093,.F.);
#12093 = EDGE_CURVE('',#12094,#12094,#12096,.T.);
#12094 = VERTEX_POINT('',#12095);
#12095 = CARTESIAN_POINT('',(117.348,-124.86,1.6));
#12096 = CIRCLE('',#12097,0.4);
#12097 = AXIS2_PLACEMENT_3D('',#12098,#12099,#12100);
#12098 = CARTESIAN_POINT('',(117.348,-124.46,1.6));
#12099 = DIRECTION('',(-0.,0.,-1.));
#12100 = DIRECTION('',(-0.,-1.,0.));
#12101 = FACE_BOUND('',#12102,.F.);
#12102 = EDGE_LOOP('',(#12103));
#12103 = ORIENTED_EDGE('',*,*,#12104,.F.);
#12104 = EDGE_CURVE('',#12105,#12105,#12107,.T.);
#12105 = VERTEX_POINT('',#12106);
#12106 = CARTESIAN_POINT('',(117.348,-122.32,1.6));
#12107 = CIRCLE('',#12108,0.4);
#12108 = AXIS2_PLACEMENT_3D('',#12109,#12110,#12111);
#12109 = CARTESIAN_POINT('',(117.348,-121.92,1.6));
#12110 = DIRECTION('',(-0.,0.,-1.));
#12111 = DIRECTION('',(-0.,-1.,0.));
#12112 = FACE_BOUND('',#12113,.F.);
#12113 = EDGE_LOOP('',(#12114));
#12114 = ORIENTED_EDGE('',*,*,#12115,.F.);
#12115 = EDGE_CURVE('',#12116,#12116,#12118,.T.);
#12116 = VERTEX_POINT('',#12117);
#12117 = CARTESIAN_POINT('',(117.348,-119.78,1.6));
#12118 = CIRCLE('',#12119,0.4);
#12119 = AXIS2_PLACEMENT_3D('',#12120,#12121,#12122);
#12120 = CARTESIAN_POINT('',(117.348,-119.38,1.6));
#12121 = DIRECTION('',(-0.,0.,-1.));
#12122 = DIRECTION('',(-0.,-1.,0.));
#12123 = FACE_BOUND('',#12124,.F.);
#12124 = EDGE_LOOP('',(#12125));
#12125 = ORIENTED_EDGE('',*,*,#12126,.F.);
#12126 = EDGE_CURVE('',#12127,#12127,#12129,.T.);
#12127 = VERTEX_POINT('',#12128);
#12128 = CARTESIAN_POINT('',(117.348,-117.24,1.6));
#12129 = CIRCLE('',#12130,0.4);
#12130 = AXIS2_PLACEMENT_3D('',#12131,#12132,#12133);
#12131 = CARTESIAN_POINT('',(117.348,-116.84,1.6));
#12132 = DIRECTION('',(-0.,0.,-1.));
#12133 = DIRECTION('',(-0.,-1.,0.));
#12134 = FACE_BOUND('',#12135,.F.);
#12135 = EDGE_LOOP('',(#12136));
#12136 = ORIENTED_EDGE('',*,*,#12137,.F.);
#12137 = EDGE_CURVE('',#12138,#12138,#12140,.T.);
#12138 = VERTEX_POINT('',#12139);
#12139 = CARTESIAN_POINT('',(117.348,-114.7,1.6));
#12140 = CIRCLE('',#12141,0.4);
#12141 = AXIS2_PLACEMENT_3D('',#12142,#12143,#12144);
#12142 = CARTESIAN_POINT('',(117.348,-114.3,1.6));
#12143 = DIRECTION('',(-0.,0.,-1.));
#12144 = DIRECTION('',(-0.,-1.,0.));
#12145 = FACE_BOUND('',#12146,.F.);
#12146 = EDGE_LOOP('',(#12147));
#12147 = ORIENTED_EDGE('',*,*,#12148,.F.);
#12148 = EDGE_CURVE('',#12149,#12149,#12151,.T.);
#12149 = VERTEX_POINT('',#12150);
#12150 = CARTESIAN_POINT('',(117.348,-112.16,1.6));
#12151 = CIRCLE('',#12152,0.4);
#12152 = AXIS2_PLACEMENT_3D('',#12153,#12154,#12155);
#12153 = CARTESIAN_POINT('',(117.348,-111.76,1.6));
#12154 = DIRECTION('',(-0.,0.,-1.));
#12155 = DIRECTION('',(-0.,-1.,0.));
#12156 = FACE_BOUND('',#12157,.F.);
#12157 = EDGE_LOOP('',(#12158));
#12158 = ORIENTED_EDGE('',*,*,#12159,.F.);
#12159 = EDGE_CURVE('',#12160,#12160,#12162,.T.);
#12160 = VERTEX_POINT('',#12161);
#12161 = CARTESIAN_POINT('',(126.365,-85.975,1.6));
#12162 = CIRCLE('',#12163,0.25);
#12163 = AXIS2_PLACEMENT_3D('',#12164,#12165,#12166);
#12164 = CARTESIAN_POINT('',(126.365,-85.725,1.6));
#12165 = DIRECTION('',(-0.,0.,-1.));
#12166 = DIRECTION('',(-0.,-1.,0.));
#12167 = FACE_BOUND('',#12168,.F.);
#12168 = EDGE_LOOP('',(#12169));
#12169 = ORIENTED_EDGE('',*,*,#12170,.F.);
#12170 = EDGE_CURVE('',#12171,#12171,#12173,.T.);
#12171 = VERTEX_POINT('',#12172);
#12172 = CARTESIAN_POINT('',(125.365,-85.975,1.6));
#12173 = CIRCLE('',#12174,0.25);
#12174 = AXIS2_PLACEMENT_3D('',#12175,#12176,#12177);
#12175 = CARTESIAN_POINT('',(125.365,-85.725,1.6));
#12176 = DIRECTION('',(-0.,0.,-1.));
#12177 = DIRECTION('',(-0.,-1.,0.));
#12178 = FACE_BOUND('',#12179,.F.);
#12179 = EDGE_LOOP('',(#12180));
#12180 = ORIENTED_EDGE('',*,*,#12181,.F.);
#12181 = EDGE_CURVE('',#12182,#12182,#12184,.T.);
#12182 = VERTEX_POINT('',#12183);
#12183 = CARTESIAN_POINT('',(120.9675,-106.7625,1.6));
#12184 = CIRCLE('',#12185,0.4);
#12185 = AXIS2_PLACEMENT_3D('',#12186,#12187,#12188);
#12186 = CARTESIAN_POINT('',(120.9675,-106.3625,1.6));
#12187 = DIRECTION('',(-0.,0.,-1.));
#12188 = DIRECTION('',(-0.,-1.,0.));
#12189 = FACE_BOUND('',#12190,.F.);
#12190 = EDGE_LOOP('',(#12191));
#12191 = ORIENTED_EDGE('',*,*,#12192,.F.);
#12192 = EDGE_CURVE('',#12193,#12193,#12195,.T.);
#12193 = VERTEX_POINT('',#12194);
#12194 = CARTESIAN_POINT('',(120.9675,-104.2225,1.6));
#12195 = CIRCLE('',#12196,0.4);
#12196 = AXIS2_PLACEMENT_3D('',#12197,#12198,#12199);
#12197 = CARTESIAN_POINT('',(120.9675,-103.8225,1.6));
#12198 = DIRECTION('',(-0.,0.,-1.));
#12199 = DIRECTION('',(-0.,-1.,0.));
#12200 = FACE_BOUND('',#12201,.F.);
#12201 = EDGE_LOOP('',(#12202));
#12202 = ORIENTED_EDGE('',*,*,#12203,.F.);
#12203 = EDGE_CURVE('',#12204,#12204,#12206,.T.);
#12204 = VERTEX_POINT('',#12205);
#12205 = CARTESIAN_POINT('',(120.9675,-101.6825,1.6));
#12206 = CIRCLE('',#12207,0.4);
#12207 = AXIS2_PLACEMENT_3D('',#12208,#12209,#12210);
#12208 = CARTESIAN_POINT('',(120.9675,-101.2825,1.6));
#12209 = DIRECTION('',(-0.,0.,-1.));
#12210 = DIRECTION('',(-0.,-1.,0.));
#12211 = FACE_BOUND('',#12212,.F.);
#12212 = EDGE_LOOP('',(#12213));
#12213 = ORIENTED_EDGE('',*,*,#12214,.F.);
#12214 = EDGE_CURVE('',#12215,#12215,#12217,.T.);
#12215 = VERTEX_POINT('',#12216);
#12216 = CARTESIAN_POINT('',(120.9675,-99.1425,1.6));
#12217 = CIRCLE('',#12218,0.4);
#12218 = AXIS2_PLACEMENT_3D('',#12219,#12220,#12221);
#12219 = CARTESIAN_POINT('',(120.9675,-98.7425,1.6));
#12220 = DIRECTION('',(-0.,0.,-1.));
#12221 = DIRECTION('',(-0.,-1.,0.));
#12222 = FACE_BOUND('',#12223,.F.);
#12223 = EDGE_LOOP('',(#12224));
#12224 = ORIENTED_EDGE('',*,*,#12225,.F.);
#12225 = EDGE_CURVE('',#12226,#12226,#12228,.T.);
#12226 = VERTEX_POINT('',#12227);
#12227 = CARTESIAN_POINT('',(116.205,-98.405,1.6));
#12228 = CIRCLE('',#12229,0.25);
#12229 = AXIS2_PLACEMENT_3D('',#12230,#12231,#12232);
#12230 = CARTESIAN_POINT('',(116.205,-98.155,1.6));
#12231 = DIRECTION('',(-0.,0.,-1.));
#12232 = DIRECTION('',(-0.,-1.,0.));
#12233 = FACE_BOUND('',#12234,.F.);
#12234 = EDGE_LOOP('',(#12235));
#12235 = ORIENTED_EDGE('',*,*,#12236,.F.);
#12236 = EDGE_CURVE('',#12237,#12237,#12239,.T.);
#12237 = VERTEX_POINT('',#12238);
#12238 = CARTESIAN_POINT('',(120.9675,-96.6025,1.6));
#12239 = CIRCLE('',#12240,0.4);
#12240 = AXIS2_PLACEMENT_3D('',#12241,#12242,#12243);
#12241 = CARTESIAN_POINT('',(120.9675,-96.2025,1.6));
#12242 = DIRECTION('',(-0.,0.,-1.));
#12243 = DIRECTION('',(-0.,-1.,0.));
#12244 = FACE_BOUND('',#12245,.F.);
#12245 = EDGE_LOOP('',(#12246));
#12246 = ORIENTED_EDGE('',*,*,#12247,.F.);
#12247 = EDGE_CURVE('',#12248,#12248,#12250,.T.);
#12248 = VERTEX_POINT('',#12249);
#12249 = CARTESIAN_POINT('',(120.9675,-94.0625,1.6));
#12250 = CIRCLE('',#12251,0.4);
#12251 = AXIS2_PLACEMENT_3D('',#12252,#12253,#12254);
#12252 = CARTESIAN_POINT('',(120.9675,-93.6625,1.6));
#12253 = DIRECTION('',(-0.,0.,-1.));
#12254 = DIRECTION('',(-0.,-1.,0.));
#12255 = FACE_BOUND('',#12256,.F.);
#12256 = EDGE_LOOP('',(#12257));
#12257 = ORIENTED_EDGE('',*,*,#12258,.F.);
#12258 = EDGE_CURVE('',#12259,#12259,#12261,.T.);
#12259 = VERTEX_POINT('',#12260);
#12260 = CARTESIAN_POINT('',(120.9675,-91.5225,1.6));
#12261 = CIRCLE('',#12262,0.4);
#12262 = AXIS2_PLACEMENT_3D('',#12263,#12264,#12265);
#12263 = CARTESIAN_POINT('',(120.9675,-91.1225,1.6));
#12264 = DIRECTION('',(-0.,0.,-1.));
#12265 = DIRECTION('',(-0.,-1.,0.));
#12266 = FACE_BOUND('',#12267,.F.);
#12267 = EDGE_LOOP('',(#12268));
#12268 = ORIENTED_EDGE('',*,*,#12269,.F.);
#12269 = EDGE_CURVE('',#12270,#12270,#12272,.T.);
#12270 = VERTEX_POINT('',#12271);
#12271 = CARTESIAN_POINT('',(120.9675,-88.9825,1.6));
#12272 = CIRCLE('',#12273,0.4);
#12273 = AXIS2_PLACEMENT_3D('',#12274,#12275,#12276);
#12274 = CARTESIAN_POINT('',(120.9675,-88.5825,1.6));
#12275 = DIRECTION('',(-0.,0.,-1.));
#12276 = DIRECTION('',(-0.,-1.,0.));
#12277 = FACE_BOUND('',#12278,.F.);
#12278 = EDGE_LOOP('',(#12279));
#12279 = ORIENTED_EDGE('',*,*,#12280,.F.);
#12280 = EDGE_CURVE('',#12281,#12281,#12283,.T.);
#12281 = VERTEX_POINT('',#12282);
#12282 = CARTESIAN_POINT('',(116.205,-97.405,1.6));
#12283 = CIRCLE('',#12284,0.25);
#12284 = AXIS2_PLACEMENT_3D('',#12285,#12286,#12287);
#12285 = CARTESIAN_POINT('',(116.205,-97.155,1.6));
#12286 = DIRECTION('',(-0.,0.,-1.));
#12287 = DIRECTION('',(-0.,-1.,0.));
#12288 = PLANE('',#12289);
#12289 = AXIS2_PLACEMENT_3D('',#12290,#12291,#12292);
#12290 = CARTESIAN_POINT('',(126.365,-133.185,1.6));
#12291 = DIRECTION('',(-0.,-0.,-1.));
#12292 = DIRECTION('',(-1.,0.,0.));
#12293 = ADVANCED_FACE('',(#12294),#12300,.T.);
#12294 = FACE_BOUND('',#12295,.T.);
#12295 = EDGE_LOOP('',(#12296,#12297,#12298,#12299));
#12296 = ORIENTED_EDGE('',*,*,#10503,.T.);
#12297 = ORIENTED_EDGE('',*,*,#11413,.T.);
#12298 = ORIENTED_EDGE('',*,*,#10463,.F.);
#12299 = ORIENTED_EDGE('',*,*,#10527,.F.);
#12300 = PLANE('',#12301);
#12301 = AXIS2_PLACEMENT_3D('',#12302,#12303,#12304);
#12302 = CARTESIAN_POINT('',(113.865,-83.185,0.));
#12303 = DIRECTION('',(0.,1.,0.));
#12304 = DIRECTION('',(1.,0.,0.));
#12305 = ADVANCED_FACE('',(#12306),#12317,.F.);
#12306 = FACE_BOUND('',#12307,.T.);
#12307 = EDGE_LOOP('',(#12308,#12309,#12315,#12316));
#12308 = ORIENTED_EDGE('',*,*,#10536,.T.);
#12309 = ORIENTED_EDGE('',*,*,#12310,.T.);
#12310 = EDGE_CURVE('',#10537,#11423,#12311,.T.);
#12311 = LINE('',#12312,#12313);
#12312 = CARTESIAN_POINT('',(132.715,-181.225,-4.5E-02));
#12313 = VECTOR('',#12314,1.);
#12314 = DIRECTION('',(0.,0.,1.));
#12315 = ORIENTED_EDGE('',*,*,#11422,.F.);
#12316 = ORIENTED_EDGE('',*,*,#12310,.F.);
#12317 = CYLINDRICAL_SURFACE('',#12318,0.25);
#12318 = AXIS2_PLACEMENT_3D('',#12319,#12320,#12321);
#12319 = CARTESIAN_POINT('',(132.715,-180.975,-4.5E-02));
#12320 = DIRECTION('',(-0.,-0.,-1.));
#12321 = DIRECTION('',(-0.,-1.,0.));
#12322 = ADVANCED_FACE('',(#12323),#12334,.F.);
#12323 = FACE_BOUND('',#12324,.T.);
#12324 = EDGE_LOOP('',(#12325,#12326,#12332,#12333));
#12325 = ORIENTED_EDGE('',*,*,#10547,.T.);
#12326 = ORIENTED_EDGE('',*,*,#12327,.T.);
#12327 = EDGE_CURVE('',#10548,#11434,#12328,.T.);
#12328 = LINE('',#12329,#12330);
#12329 = CARTESIAN_POINT('',(133.985,-173.855,-4.5E-02));
#12330 = VECTOR('',#12331,1.);
#12331 = DIRECTION('',(0.,0.,1.));
#12332 = ORIENTED_EDGE('',*,*,#11433,.F.);
#12333 = ORIENTED_EDGE('',*,*,#12327,.F.);
#12334 = CYLINDRICAL_SURFACE('',#12335,0.5);
#12335 = AXIS2_PLACEMENT_3D('',#12336,#12337,#12338);
#12336 = CARTESIAN_POINT('',(133.985,-173.355,-4.5E-02));
#12337 = DIRECTION('',(-0.,-0.,-1.));
#12338 = DIRECTION('',(-0.,-1.,0.));
#12339 = ADVANCED_FACE('',(#12340),#12351,.F.);
#12340 = FACE_BOUND('',#12341,.T.);
#12341 = EDGE_LOOP('',(#12342,#12343,#12349,#12350));
#12342 = ORIENTED_EDGE('',*,*,#10558,.T.);
#12343 = ORIENTED_EDGE('',*,*,#12344,.T.);
#12344 = EDGE_CURVE('',#10559,#11445,#12345,.T.);
#12345 = LINE('',#12346,#12347);
#12346 = CARTESIAN_POINT('',(133.985,-171.315,-4.5E-02));
#12347 = VECTOR('',#12348,1.);
#12348 = DIRECTION('',(0.,0.,1.));
#12349 = ORIENTED_EDGE('',*,*,#11444,.F.);
#12350 = ORIENTED_EDGE('',*,*,#12344,.F.);
#12351 = CYLINDRICAL_SURFACE('',#12352,0.5);
#12352 = AXIS2_PLACEMENT_3D('',#12353,#12354,#12355);
#12353 = CARTESIAN_POINT('',(133.985,-170.815,-4.5E-02));
#12354 = DIRECTION('',(-0.,-0.,-1.));
#12355 = DIRECTION('',(-0.,-1.,0.));
#12356 = ADVANCED_FACE('',(#12357),#12368,.F.);
#12357 = FACE_BOUND('',#12358,.T.);
#12358 = EDGE_LOOP('',(#12359,#12360,#12366,#12367));
#12359 = ORIENTED_EDGE('',*,*,#10569,.T.);
#12360 = ORIENTED_EDGE('',*,*,#12361,.T.);
#12361 = EDGE_CURVE('',#10570,#11456,#12362,.T.);
#12362 = LINE('',#12363,#12364);
#12363 = CARTESIAN_POINT('',(133.985,-168.775,-4.5E-02));
#12364 = VECTOR('',#12365,1.);
#12365 = DIRECTION('',(0.,0.,1.));
#12366 = ORIENTED_EDGE('',*,*,#11455,.F.);
#12367 = ORIENTED_EDGE('',*,*,#12361,.F.);
#12368 = CYLINDRICAL_SURFACE('',#12369,0.5);
#12369 = AXIS2_PLACEMENT_3D('',#12370,#12371,#12372);
#12370 = CARTESIAN_POINT('',(133.985,-168.275,-4.5E-02));
#12371 = DIRECTION('',(-0.,-0.,-1.));
#12372 = DIRECTION('',(-0.,-1.,0.));
#12373 = ADVANCED_FACE('',(#12374),#12385,.F.);
#12374 = FACE_BOUND('',#12375,.T.);
#12375 = EDGE_LOOP('',(#12376,#12377,#12383,#12384));
#12376 = ORIENTED_EDGE('',*,*,#10580,.T.);
#12377 = ORIENTED_EDGE('',*,*,#12378,.T.);
#12378 = EDGE_CURVE('',#10581,#11467,#12379,.T.);
#12379 = LINE('',#12380,#12381);
#12380 = CARTESIAN_POINT('',(133.985,-166.235,-4.5E-02));
#12381 = VECTOR('',#12382,1.);
#12382 = DIRECTION('',(0.,0.,1.));
#12383 = ORIENTED_EDGE('',*,*,#11466,.F.);
#12384 = ORIENTED_EDGE('',*,*,#12378,.F.);
#12385 = CYLINDRICAL_SURFACE('',#12386,0.5);
#12386 = AXIS2_PLACEMENT_3D('',#12387,#12388,#12389);
#12387 = CARTESIAN_POINT('',(133.985,-165.735,-4.5E-02));
#12388 = DIRECTION('',(-0.,-0.,-1.));
#12389 = DIRECTION('',(-0.,-1.,0.));
#12390 = ADVANCED_FACE('',(#12391),#12402,.F.);
#12391 = FACE_BOUND('',#12392,.T.);
#12392 = EDGE_LOOP('',(#12393,#12394,#12400,#12401));
#12393 = ORIENTED_EDGE('',*,*,#10591,.T.);
#12394 = ORIENTED_EDGE('',*,*,#12395,.T.);
#12395 = EDGE_CURVE('',#10592,#11478,#12396,.T.);
#12396 = LINE('',#12397,#12398);
#12397 = CARTESIAN_POINT('',(133.985,-163.695,-4.5E-02));
#12398 = VECTOR('',#12399,1.);
#12399 = DIRECTION('',(0.,0.,1.));
#12400 = ORIENTED_EDGE('',*,*,#11477,.F.);
#12401 = ORIENTED_EDGE('',*,*,#12395,.F.);
#12402 = CYLINDRICAL_SURFACE('',#12403,0.5);
#12403 = AXIS2_PLACEMENT_3D('',#12404,#12405,#12406);
#12404 = CARTESIAN_POINT('',(133.985,-163.195,-4.5E-02));
#12405 = DIRECTION('',(-0.,-0.,-1.));
#12406 = DIRECTION('',(-0.,-1.,0.));
#12407 = ADVANCED_FACE('',(#12408),#12419,.F.);
#12408 = FACE_BOUND('',#12409,.T.);
#12409 = EDGE_LOOP('',(#12410,#12411,#12417,#12418));
#12410 = ORIENTED_EDGE('',*,*,#10602,.T.);
#12411 = ORIENTED_EDGE('',*,*,#12412,.T.);
#12412 = EDGE_CURVE('',#10603,#11489,#12413,.T.);
#12413 = LINE('',#12414,#12415);
#12414 = CARTESIAN_POINT('',(133.985,-161.155,-4.5E-02));
#12415 = VECTOR('',#12416,1.);
#12416 = DIRECTION('',(0.,0.,1.));
#12417 = ORIENTED_EDGE('',*,*,#11488,.F.);
#12418 = ORIENTED_EDGE('',*,*,#12412,.F.);
#12419 = CYLINDRICAL_SURFACE('',#12420,0.5);
#12420 = AXIS2_PLACEMENT_3D('',#12421,#12422,#12423);
#12421 = CARTESIAN_POINT('',(133.985,-160.655,-4.5E-02));
#12422 = DIRECTION('',(-0.,-0.,-1.));
#12423 = DIRECTION('',(-0.,-1.,0.));
#12424 = ADVANCED_FACE('',(#12425),#12436,.F.);
#12425 = FACE_BOUND('',#12426,.T.);
#12426 = EDGE_LOOP('',(#12427,#12428,#12434,#12435));
#12427 = ORIENTED_EDGE('',*,*,#10613,.T.);
#12428 = ORIENTED_EDGE('',*,*,#12429,.T.);
#12429 = EDGE_CURVE('',#10614,#11500,#12430,.T.);
#12430 = LINE('',#12431,#12432);
#12431 = CARTESIAN_POINT('',(133.985,-158.615,-4.5E-02));
#12432 = VECTOR('',#12433,1.);
#12433 = DIRECTION('',(0.,0.,1.));
#12434 = ORIENTED_EDGE('',*,*,#11499,.F.);
#12435 = ORIENTED_EDGE('',*,*,#12429,.F.);
#12436 = CYLINDRICAL_SURFACE('',#12437,0.5);
#12437 = AXIS2_PLACEMENT_3D('',#12438,#12439,#12440);
#12438 = CARTESIAN_POINT('',(133.985,-158.115,-4.5E-02));
#12439 = DIRECTION('',(-0.,-0.,-1.));
#12440 = DIRECTION('',(-0.,-1.,0.));
#12441 = ADVANCED_FACE('',(#12442),#12453,.F.);
#12442 = FACE_BOUND('',#12443,.T.);
#12443 = EDGE_LOOP('',(#12444,#12445,#12451,#12452));
#12444 = ORIENTED_EDGE('',*,*,#10624,.T.);
#12445 = ORIENTED_EDGE('',*,*,#12446,.T.);
#12446 = EDGE_CURVE('',#10625,#11511,#12447,.T.);
#12447 = LINE('',#12448,#12449);
#12448 = CARTESIAN_POINT('',(128.275,-181.3,-4.5E-02));
#12449 = VECTOR('',#12450,1.);
#12450 = DIRECTION('',(0.,0.,1.));
#12451 = ORIENTED_EDGE('',*,*,#11510,.F.);
#12452 = ORIENTED_EDGE('',*,*,#12446,.F.);
#12453 = CYLINDRICAL_SURFACE('',#12454,0.325);
#12454 = AXIS2_PLACEMENT_3D('',#12455,#12456,#12457);
#12455 = CARTESIAN_POINT('',(128.275,-180.975,-4.5E-02));
#12456 = DIRECTION('',(-0.,-0.,-1.));
#12457 = DIRECTION('',(-0.,-1.,0.));
#12458 = ADVANCED_FACE('',(#12459),#12470,.F.);
#12459 = FACE_BOUND('',#12460,.T.);
#12460 = EDGE_LOOP('',(#12461,#12462,#12468,#12469));
#12461 = ORIENTED_EDGE('',*,*,#10635,.T.);
#12462 = ORIENTED_EDGE('',*,*,#12463,.T.);
#12463 = EDGE_CURVE('',#10636,#11522,#12464,.T.);
#12464 = LINE('',#12465,#12466);
#12465 = CARTESIAN_POINT('',(127.005,-181.3,-4.5E-02));
#12466 = VECTOR('',#12467,1.);
#12467 = DIRECTION('',(0.,0.,1.));
#12468 = ORIENTED_EDGE('',*,*,#11521,.F.);
#12469 = ORIENTED_EDGE('',*,*,#12463,.F.);
#12470 = CYLINDRICAL_SURFACE('',#12471,0.325);
#12471 = AXIS2_PLACEMENT_3D('',#12472,#12473,#12474);
#12472 = CARTESIAN_POINT('',(127.005,-180.975,-4.5E-02));
#12473 = DIRECTION('',(-0.,-0.,-1.));
#12474 = DIRECTION('',(-0.,-1.,0.));
#12475 = ADVANCED_FACE('',(#12476),#12487,.F.);
#12476 = FACE_BOUND('',#12477,.T.);
#12477 = EDGE_LOOP('',(#12478,#12479,#12485,#12486));
#12478 = ORIENTED_EDGE('',*,*,#10646,.T.);
#12479 = ORIENTED_EDGE('',*,*,#12480,.T.);
#12480 = EDGE_CURVE('',#10647,#11533,#12481,.T.);
#12481 = LINE('',#12482,#12483);
#12482 = CARTESIAN_POINT('',(133.985,-156.075,-4.5E-02));
#12483 = VECTOR('',#12484,1.);
#12484 = DIRECTION('',(0.,0.,1.));
#12485 = ORIENTED_EDGE('',*,*,#11532,.F.);
#12486 = ORIENTED_EDGE('',*,*,#12480,.F.);
#12487 = CYLINDRICAL_SURFACE('',#12488,0.5);
#12488 = AXIS2_PLACEMENT_3D('',#12489,#12490,#12491);
#12489 = CARTESIAN_POINT('',(133.985,-155.575,-4.5E-02));
#12490 = DIRECTION('',(-0.,-0.,-1.));
#12491 = DIRECTION('',(-0.,-1.,0.));
#12492 = ADVANCED_FACE('',(#12493),#12504,.F.);
#12493 = FACE_BOUND('',#12494,.T.);
#12494 = EDGE_LOOP('',(#12495,#12496,#12502,#12503));
#12495 = ORIENTED_EDGE('',*,*,#10657,.T.);
#12496 = ORIENTED_EDGE('',*,*,#12497,.T.);
#12497 = EDGE_CURVE('',#10658,#11544,#12498,.T.);
#12498 = LINE('',#12499,#12500);
#12499 = CARTESIAN_POINT('',(133.985,-153.535,-4.5E-02));
#12500 = VECTOR('',#12501,1.);
#12501 = DIRECTION('',(0.,0.,1.));
#12502 = ORIENTED_EDGE('',*,*,#11543,.F.);
#12503 = ORIENTED_EDGE('',*,*,#12497,.F.);
#12504 = CYLINDRICAL_SURFACE('',#12505,0.5);
#12505 = AXIS2_PLACEMENT_3D('',#12506,#12507,#12508);
#12506 = CARTESIAN_POINT('',(133.985,-153.035,-4.5E-02));
#12507 = DIRECTION('',(-0.,-0.,-1.));
#12508 = DIRECTION('',(-0.,-1.,0.));
#12509 = ADVANCED_FACE('',(#12510),#12521,.F.);
#12510 = FACE_BOUND('',#12511,.T.);
#12511 = EDGE_LOOP('',(#12512,#12513,#12519,#12520));
#12512 = ORIENTED_EDGE('',*,*,#10668,.T.);
#12513 = ORIENTED_EDGE('',*,*,#12514,.T.);
#12514 = EDGE_CURVE('',#10669,#11555,#12515,.T.);
#12515 = LINE('',#12516,#12517);
#12516 = CARTESIAN_POINT('',(133.985,-150.995,-4.5E-02));
#12517 = VECTOR('',#12518,1.);
#12518 = DIRECTION('',(0.,0.,1.));
#12519 = ORIENTED_EDGE('',*,*,#11554,.F.);
#12520 = ORIENTED_EDGE('',*,*,#12514,.F.);
#12521 = CYLINDRICAL_SURFACE('',#12522,0.5);
#12522 = AXIS2_PLACEMENT_3D('',#12523,#12524,#12525);
#12523 = CARTESIAN_POINT('',(133.985,-150.495,-4.5E-02));
#12524 = DIRECTION('',(-0.,-0.,-1.));
#12525 = DIRECTION('',(-0.,-1.,0.));
#12526 = ADVANCED_FACE('',(#12527),#12538,.F.);
#12527 = FACE_BOUND('',#12528,.T.);
#12528 = EDGE_LOOP('',(#12529,#12530,#12536,#12537));
#12529 = ORIENTED_EDGE('',*,*,#10679,.T.);
#12530 = ORIENTED_EDGE('',*,*,#12531,.T.);
#12531 = EDGE_CURVE('',#10680,#11566,#12532,.T.);
#12532 = LINE('',#12533,#12534);
#12533 = CARTESIAN_POINT('',(133.985,-148.455,-4.5E-02));
#12534 = VECTOR('',#12535,1.);
#12535 = DIRECTION('',(0.,0.,1.));
#12536 = ORIENTED_EDGE('',*,*,#11565,.F.);
#12537 = ORIENTED_EDGE('',*,*,#12531,.F.);
#12538 = CYLINDRICAL_SURFACE('',#12539,0.5);
#12539 = AXIS2_PLACEMENT_3D('',#12540,#12541,#12542);
#12540 = CARTESIAN_POINT('',(133.985,-147.955,-4.5E-02));
#12541 = DIRECTION('',(-0.,-0.,-1.));
#12542 = DIRECTION('',(-0.,-1.,0.));
#12543 = ADVANCED_FACE('',(#12544),#12555,.F.);
#12544 = FACE_BOUND('',#12545,.T.);
#12545 = EDGE_LOOP('',(#12546,#12547,#12553,#12554));
#12546 = ORIENTED_EDGE('',*,*,#10690,.T.);
#12547 = ORIENTED_EDGE('',*,*,#12548,.T.);
#12548 = EDGE_CURVE('',#10691,#11577,#12549,.T.);
#12549 = LINE('',#12550,#12551);
#12550 = CARTESIAN_POINT('',(133.985,-145.915,-4.5E-02));
#12551 = VECTOR('',#12552,1.);
#12552 = DIRECTION('',(0.,0.,1.));
#12553 = ORIENTED_EDGE('',*,*,#11576,.F.);
#12554 = ORIENTED_EDGE('',*,*,#12548,.F.);
#12555 = CYLINDRICAL_SURFACE('',#12556,0.5);
#12556 = AXIS2_PLACEMENT_3D('',#12557,#12558,#12559);
#12557 = CARTESIAN_POINT('',(133.985,-145.415,-4.5E-02));
#12558 = DIRECTION('',(-0.,-0.,-1.));
#12559 = DIRECTION('',(-0.,-1.,0.));
#12560 = ADVANCED_FACE('',(#12561),#12572,.F.);
#12561 = FACE_BOUND('',#12562,.T.);
#12562 = EDGE_LOOP('',(#12563,#12564,#12570,#12571));
#12563 = ORIENTED_EDGE('',*,*,#10701,.T.);
#12564 = ORIENTED_EDGE('',*,*,#12565,.T.);
#12565 = EDGE_CURVE('',#10702,#11588,#12566,.T.);
#12566 = LINE('',#12567,#12568);
#12567 = CARTESIAN_POINT('',(133.985,-143.375,-4.5E-02));
#12568 = VECTOR('',#12569,1.);
#12569 = DIRECTION('',(0.,0.,1.));
#12570 = ORIENTED_EDGE('',*,*,#11587,.F.);
#12571 = ORIENTED_EDGE('',*,*,#12565,.F.);
#12572 = CYLINDRICAL_SURFACE('',#12573,0.5);
#12573 = AXIS2_PLACEMENT_3D('',#12574,#12575,#12576);
#12574 = CARTESIAN_POINT('',(133.985,-142.875,-4.5E-02));
#12575 = DIRECTION('',(-0.,-0.,-1.));
#12576 = DIRECTION('',(-0.,-1.,0.));
#12577 = ADVANCED_FACE('',(#12578),#12589,.F.);
#12578 = FACE_BOUND('',#12579,.T.);
#12579 = EDGE_LOOP('',(#12580,#12581,#12587,#12588));
#12580 = ORIENTED_EDGE('',*,*,#10712,.T.);
#12581 = ORIENTED_EDGE('',*,*,#12582,.T.);
#12582 = EDGE_CURVE('',#10713,#11599,#12583,.T.);
#12583 = LINE('',#12584,#12585);
#12584 = CARTESIAN_POINT('',(133.985,-140.835,-4.5E-02));
#12585 = VECTOR('',#12586,1.);
#12586 = DIRECTION('',(0.,0.,1.));
#12587 = ORIENTED_EDGE('',*,*,#11598,.F.);
#12588 = ORIENTED_EDGE('',*,*,#12582,.F.);
#12589 = CYLINDRICAL_SURFACE('',#12590,0.5);
#12590 = AXIS2_PLACEMENT_3D('',#12591,#12592,#12593);
#12591 = CARTESIAN_POINT('',(133.985,-140.335,-4.5E-02));
#12592 = DIRECTION('',(-0.,-0.,-1.));
#12593 = DIRECTION('',(-0.,-1.,0.));
#12594 = ADVANCED_FACE('',(#12595),#12606,.F.);
#12595 = FACE_BOUND('',#12596,.T.);
#12596 = EDGE_LOOP('',(#12597,#12598,#12604,#12605));
#12597 = ORIENTED_EDGE('',*,*,#10723,.T.);
#12598 = ORIENTED_EDGE('',*,*,#12599,.T.);
#12599 = EDGE_CURVE('',#10724,#11610,#12600,.T.);
#12600 = LINE('',#12601,#12602);
#12601 = CARTESIAN_POINT('',(133.985,-138.295,-4.5E-02));
#12602 = VECTOR('',#12603,1.);
#12603 = DIRECTION('',(0.,0.,1.));
#12604 = ORIENTED_EDGE('',*,*,#11609,.F.);
#12605 = ORIENTED_EDGE('',*,*,#12599,.F.);
#12606 = CYLINDRICAL_SURFACE('',#12607,0.5);
#12607 = AXIS2_PLACEMENT_3D('',#12608,#12609,#12610);
#12608 = CARTESIAN_POINT('',(133.985,-137.795,-4.5E-02));
#12609 = DIRECTION('',(-0.,-0.,-1.));
#12610 = DIRECTION('',(-0.,-1.,0.));
#12611 = ADVANCED_FACE('',(#12612),#12623,.F.);
#12612 = FACE_BOUND('',#12613,.T.);
#12613 = EDGE_LOOP('',(#12614,#12615,#12621,#12622));
#12614 = ORIENTED_EDGE('',*,*,#10734,.T.);
#12615 = ORIENTED_EDGE('',*,*,#12616,.T.);
#12616 = EDGE_CURVE('',#10735,#11621,#12617,.T.);
#12617 = LINE('',#12618,#12619);
#12618 = CARTESIAN_POINT('',(128.27,-152.725,-4.5E-02));
#12619 = VECTOR('',#12620,1.);
#12620 = DIRECTION('',(0.,0.,1.));
#12621 = ORIENTED_EDGE('',*,*,#11620,.F.);
#12622 = ORIENTED_EDGE('',*,*,#12616,.F.);
#12623 = CYLINDRICAL_SURFACE('',#12624,0.325);
#12624 = AXIS2_PLACEMENT_3D('',#12625,#12626,#12627);
#12625 = CARTESIAN_POINT('',(128.27,-152.4,-4.5E-02));
#12626 = DIRECTION('',(-0.,0.,-1.));
#12627 = DIRECTION('',(8.745141363201E-14,-1.,-0.));
#12628 = ADVANCED_FACE('',(#12629),#12640,.F.);
#12629 = FACE_BOUND('',#12630,.T.);
#12630 = EDGE_LOOP('',(#12631,#12632,#12638,#12639));
#12631 = ORIENTED_EDGE('',*,*,#10745,.T.);
#12632 = ORIENTED_EDGE('',*,*,#12633,.T.);
#12633 = EDGE_CURVE('',#10746,#11632,#12634,.T.);
#12634 = LINE('',#12635,#12636);
#12635 = CARTESIAN_POINT('',(127.,-152.725,-4.5E-02));
#12636 = VECTOR('',#12637,1.);
#12637 = DIRECTION('',(0.,0.,1.));
#12638 = ORIENTED_EDGE('',*,*,#11631,.F.);
#12639 = ORIENTED_EDGE('',*,*,#12633,.F.);
#12640 = CYLINDRICAL_SURFACE('',#12641,0.325);
#12641 = AXIS2_PLACEMENT_3D('',#12642,#12643,#12644);
#12642 = CARTESIAN_POINT('',(127.,-152.4,-4.5E-02));
#12643 = DIRECTION('',(-0.,-0.,-1.));
#12644 = DIRECTION('',(-0.,-1.,0.));
#12645 = ADVANCED_FACE('',(#12646),#12657,.F.);
#12646 = FACE_BOUND('',#12647,.T.);
#12647 = EDGE_LOOP('',(#12648,#12649,#12655,#12656));
#12648 = ORIENTED_EDGE('',*,*,#10756,.T.);
#12649 = ORIENTED_EDGE('',*,*,#12650,.T.);
#12650 = EDGE_CURVE('',#10757,#11643,#12651,.T.);
#12651 = LINE('',#12652,#12653);
#12652 = CARTESIAN_POINT('',(125.735,-181.3,-4.5E-02));
#12653 = VECTOR('',#12654,1.);
#12654 = DIRECTION('',(0.,0.,1.));
#12655 = ORIENTED_EDGE('',*,*,#11642,.F.);
#12656 = ORIENTED_EDGE('',*,*,#12650,.F.);
#12657 = CYLINDRICAL_SURFACE('',#12658,0.325);
#12658 = AXIS2_PLACEMENT_3D('',#12659,#12660,#12661);
#12659 = CARTESIAN_POINT('',(125.735,-180.975,-4.5E-02));
#12660 = DIRECTION('',(-0.,-0.,-1.));
#12661 = DIRECTION('',(-0.,-1.,0.));
#12662 = ADVANCED_FACE('',(#12663),#12674,.F.);
#12663 = FACE_BOUND('',#12664,.T.);
#12664 = EDGE_LOOP('',(#12665,#12666,#12672,#12673));
#12665 = ORIENTED_EDGE('',*,*,#10767,.T.);
#12666 = ORIENTED_EDGE('',*,*,#12667,.T.);
#12667 = EDGE_CURVE('',#10768,#11654,#12668,.T.);
#12668 = LINE('',#12669,#12670);
#12669 = CARTESIAN_POINT('',(124.465,-181.3,-4.5E-02));
#12670 = VECTOR('',#12671,1.);
#12671 = DIRECTION('',(0.,0.,1.));
#12672 = ORIENTED_EDGE('',*,*,#11653,.F.);
#12673 = ORIENTED_EDGE('',*,*,#12667,.F.);
#12674 = CYLINDRICAL_SURFACE('',#12675,0.325);
#12675 = AXIS2_PLACEMENT_3D('',#12676,#12677,#12678);
#12676 = CARTESIAN_POINT('',(124.465,-180.975,-4.5E-02));
#12677 = DIRECTION('',(-0.,-0.,-1.));
#12678 = DIRECTION('',(-0.,-1.,0.));
#12679 = ADVANCED_FACE('',(#12680),#12691,.F.);
#12680 = FACE_BOUND('',#12681,.T.);
#12681 = EDGE_LOOP('',(#12682,#12683,#12689,#12690));
#12682 = ORIENTED_EDGE('',*,*,#10778,.T.);
#12683 = ORIENTED_EDGE('',*,*,#12684,.T.);
#12684 = EDGE_CURVE('',#10779,#11665,#12685,.T.);
#12685 = LINE('',#12686,#12687);
#12686 = CARTESIAN_POINT('',(123.825,-167.47,-4.5E-02));
#12687 = VECTOR('',#12688,1.);
#12688 = DIRECTION('',(0.,0.,1.));
#12689 = ORIENTED_EDGE('',*,*,#11664,.F.);
#12690 = ORIENTED_EDGE('',*,*,#12684,.F.);
#12691 = CYLINDRICAL_SURFACE('',#12692,1.1);
#12692 = AXIS2_PLACEMENT_3D('',#12693,#12694,#12695);
#12693 = CARTESIAN_POINT('',(123.825,-166.37,-4.5E-02));
#12694 = DIRECTION('',(-0.,0.,-1.));
#12695 = DIRECTION('',(1.2918958832E-14,-1.,-0.));
#12696 = ADVANCED_FACE('',(#12697),#12708,.F.);
#12697 = FACE_BOUND('',#12698,.T.);
#12698 = EDGE_LOOP('',(#12699,#12700,#12706,#12707));
#12699 = ORIENTED_EDGE('',*,*,#10789,.T.);
#12700 = ORIENTED_EDGE('',*,*,#12701,.T.);
#12701 = EDGE_CURVE('',#10790,#11676,#12702,.T.);
#12702 = LINE('',#12703,#12704);
#12703 = CARTESIAN_POINT('',(119.745,-181.225,-4.5E-02));
#12704 = VECTOR('',#12705,1.);
#12705 = DIRECTION('',(0.,0.,1.));
#12706 = ORIENTED_EDGE('',*,*,#11675,.F.);
#12707 = ORIENTED_EDGE('',*,*,#12701,.F.);
#12708 = CYLINDRICAL_SURFACE('',#12709,0.25);
#12709 = AXIS2_PLACEMENT_3D('',#12710,#12711,#12712);
#12710 = CARTESIAN_POINT('',(119.745,-180.975,-4.5E-02));
#12711 = DIRECTION('',(-0.,-0.,-1.));
#12712 = DIRECTION('',(-0.,-1.,0.));
#12713 = ADVANCED_FACE('',(#12714),#12725,.F.);
#12714 = FACE_BOUND('',#12715,.T.);
#12715 = EDGE_LOOP('',(#12716,#12717,#12723,#12724));
#12716 = ORIENTED_EDGE('',*,*,#10800,.T.);
#12717 = ORIENTED_EDGE('',*,*,#12718,.T.);
#12718 = EDGE_CURVE('',#10801,#11687,#12719,.T.);
#12719 = LINE('',#12720,#12721);
#12720 = CARTESIAN_POINT('',(118.745,-181.225,-4.5E-02));
#12721 = VECTOR('',#12722,1.);
#12722 = DIRECTION('',(0.,0.,1.));
#12723 = ORIENTED_EDGE('',*,*,#11686,.F.);
#12724 = ORIENTED_EDGE('',*,*,#12718,.F.);
#12725 = CYLINDRICAL_SURFACE('',#12726,0.25);
#12726 = AXIS2_PLACEMENT_3D('',#12727,#12728,#12729);
#12727 = CARTESIAN_POINT('',(118.745,-180.975,-4.5E-02));
#12728 = DIRECTION('',(-0.,-0.,-1.));
#12729 = DIRECTION('',(-0.,-1.,0.));
#12730 = ADVANCED_FACE('',(#12731),#12742,.F.);
#12731 = FACE_BOUND('',#12732,.T.);
#12732 = EDGE_LOOP('',(#12733,#12734,#12740,#12741));
#12733 = ORIENTED_EDGE('',*,*,#10811,.T.);
#12734 = ORIENTED_EDGE('',*,*,#12735,.T.);
#12735 = EDGE_CURVE('',#10812,#11698,#12736,.T.);
#12736 = LINE('',#12737,#12738);
#12737 = CARTESIAN_POINT('',(118.745,-173.855,-4.5E-02));
#12738 = VECTOR('',#12739,1.);
#12739 = DIRECTION('',(0.,0.,1.));
#12740 = ORIENTED_EDGE('',*,*,#11697,.F.);
#12741 = ORIENTED_EDGE('',*,*,#12735,.F.);
#12742 = CYLINDRICAL_SURFACE('',#12743,0.5);
#12743 = AXIS2_PLACEMENT_3D('',#12744,#12745,#12746);
#12744 = CARTESIAN_POINT('',(118.745,-173.355,-4.5E-02));
#12745 = DIRECTION('',(-0.,-0.,-1.));
#12746 = DIRECTION('',(-0.,-1.,0.));
#12747 = ADVANCED_FACE('',(#12748),#12759,.F.);
#12748 = FACE_BOUND('',#12749,.T.);
#12749 = EDGE_LOOP('',(#12750,#12751,#12757,#12758));
#12750 = ORIENTED_EDGE('',*,*,#10822,.T.);
#12751 = ORIENTED_EDGE('',*,*,#12752,.T.);
#12752 = EDGE_CURVE('',#10823,#11709,#12753,.T.);
#12753 = LINE('',#12754,#12755);
#12754 = CARTESIAN_POINT('',(118.745,-171.315,-4.5E-02));
#12755 = VECTOR('',#12756,1.);
#12756 = DIRECTION('',(0.,0.,1.));
#12757 = ORIENTED_EDGE('',*,*,#11708,.F.);
#12758 = ORIENTED_EDGE('',*,*,#12752,.F.);
#12759 = CYLINDRICAL_SURFACE('',#12760,0.5);
#12760 = AXIS2_PLACEMENT_3D('',#12761,#12762,#12763);
#12761 = CARTESIAN_POINT('',(118.745,-170.815,-4.5E-02));
#12762 = DIRECTION('',(-0.,-0.,-1.));
#12763 = DIRECTION('',(-0.,-1.,0.));
#12764 = ADVANCED_FACE('',(#12765),#12776,.F.);
#12765 = FACE_BOUND('',#12766,.T.);
#12766 = EDGE_LOOP('',(#12767,#12768,#12774,#12775));
#12767 = ORIENTED_EDGE('',*,*,#10833,.T.);
#12768 = ORIENTED_EDGE('',*,*,#12769,.T.);
#12769 = EDGE_CURVE('',#10834,#11720,#12770,.T.);
#12770 = LINE('',#12771,#12772);
#12771 = CARTESIAN_POINT('',(118.745,-168.775,-4.5E-02));
#12772 = VECTOR('',#12773,1.);
#12773 = DIRECTION('',(0.,0.,1.));
#12774 = ORIENTED_EDGE('',*,*,#11719,.F.);
#12775 = ORIENTED_EDGE('',*,*,#12769,.F.);
#12776 = CYLINDRICAL_SURFACE('',#12777,0.5);
#12777 = AXIS2_PLACEMENT_3D('',#12778,#12779,#12780);
#12778 = CARTESIAN_POINT('',(118.745,-168.275,-4.5E-02));
#12779 = DIRECTION('',(-0.,-0.,-1.));
#12780 = DIRECTION('',(-0.,-1.,0.));
#12781 = ADVANCED_FACE('',(#12782),#12793,.F.);
#12782 = FACE_BOUND('',#12783,.T.);
#12783 = EDGE_LOOP('',(#12784,#12785,#12791,#12792));
#12784 = ORIENTED_EDGE('',*,*,#10844,.T.);
#12785 = ORIENTED_EDGE('',*,*,#12786,.T.);
#12786 = EDGE_CURVE('',#10845,#11731,#12787,.T.);
#12787 = LINE('',#12788,#12789);
#12788 = CARTESIAN_POINT('',(118.745,-166.235,-4.5E-02));
#12789 = VECTOR('',#12790,1.);
#12790 = DIRECTION('',(0.,0.,1.));
#12791 = ORIENTED_EDGE('',*,*,#11730,.F.);
#12792 = ORIENTED_EDGE('',*,*,#12786,.F.);
#12793 = CYLINDRICAL_SURFACE('',#12794,0.5);
#12794 = AXIS2_PLACEMENT_3D('',#12795,#12796,#12797);
#12795 = CARTESIAN_POINT('',(118.745,-165.735,-4.5E-02));
#12796 = DIRECTION('',(-0.,-0.,-1.));
#12797 = DIRECTION('',(-0.,-1.,0.));
#12798 = ADVANCED_FACE('',(#12799),#12810,.F.);
#12799 = FACE_BOUND('',#12800,.T.);
#12800 = EDGE_LOOP('',(#12801,#12802,#12808,#12809));
#12801 = ORIENTED_EDGE('',*,*,#10855,.T.);
#12802 = ORIENTED_EDGE('',*,*,#12803,.T.);
#12803 = EDGE_CURVE('',#10856,#11742,#12804,.T.);
#12804 = LINE('',#12805,#12806);
#12805 = CARTESIAN_POINT('',(118.745,-163.695,-4.5E-02));
#12806 = VECTOR('',#12807,1.);
#12807 = DIRECTION('',(0.,0.,1.));
#12808 = ORIENTED_EDGE('',*,*,#11741,.F.);
#12809 = ORIENTED_EDGE('',*,*,#12803,.F.);
#12810 = CYLINDRICAL_SURFACE('',#12811,0.5);
#12811 = AXIS2_PLACEMENT_3D('',#12812,#12813,#12814);
#12812 = CARTESIAN_POINT('',(118.745,-163.195,-4.5E-02));
#12813 = DIRECTION('',(-0.,-0.,-1.));
#12814 = DIRECTION('',(-0.,-1.,0.));
#12815 = ADVANCED_FACE('',(#12816),#12827,.F.);
#12816 = FACE_BOUND('',#12817,.T.);
#12817 = EDGE_LOOP('',(#12818,#12819,#12825,#12826));
#12818 = ORIENTED_EDGE('',*,*,#10866,.T.);
#12819 = ORIENTED_EDGE('',*,*,#12820,.T.);
#12820 = EDGE_CURVE('',#10867,#11753,#12821,.T.);
#12821 = LINE('',#12822,#12823);
#12822 = CARTESIAN_POINT('',(118.745,-161.155,-4.5E-02));
#12823 = VECTOR('',#12824,1.);
#12824 = DIRECTION('',(0.,0.,1.));
#12825 = ORIENTED_EDGE('',*,*,#11752,.F.);
#12826 = ORIENTED_EDGE('',*,*,#12820,.F.);
#12827 = CYLINDRICAL_SURFACE('',#12828,0.5);
#12828 = AXIS2_PLACEMENT_3D('',#12829,#12830,#12831);
#12829 = CARTESIAN_POINT('',(118.745,-160.655,-4.5E-02));
#12830 = DIRECTION('',(-0.,-0.,-1.));
#12831 = DIRECTION('',(-0.,-1.,0.));
#12832 = ADVANCED_FACE('',(#12833),#12844,.F.);
#12833 = FACE_BOUND('',#12834,.T.);
#12834 = EDGE_LOOP('',(#12835,#12836,#12842,#12843));
#12835 = ORIENTED_EDGE('',*,*,#10877,.T.);
#12836 = ORIENTED_EDGE('',*,*,#12837,.T.);
#12837 = EDGE_CURVE('',#10878,#11764,#12838,.T.);
#12838 = LINE('',#12839,#12840);
#12839 = CARTESIAN_POINT('',(118.745,-158.615,-4.5E-02));
#12840 = VECTOR('',#12841,1.);
#12841 = DIRECTION('',(0.,0.,1.));
#12842 = ORIENTED_EDGE('',*,*,#11763,.F.);
#12843 = ORIENTED_EDGE('',*,*,#12837,.F.);
#12844 = CYLINDRICAL_SURFACE('',#12845,0.5);
#12845 = AXIS2_PLACEMENT_3D('',#12846,#12847,#12848);
#12846 = CARTESIAN_POINT('',(118.745,-158.115,-4.5E-02));
#12847 = DIRECTION('',(-0.,-0.,-1.));
#12848 = DIRECTION('',(-0.,-1.,0.));
#12849 = ADVANCED_FACE('',(#12850),#12861,.F.);
#12850 = FACE_BOUND('',#12851,.T.);
#12851 = EDGE_LOOP('',(#12852,#12853,#12859,#12860));
#12852 = ORIENTED_EDGE('',*,*,#10888,.T.);
#12853 = ORIENTED_EDGE('',*,*,#12854,.T.);
#12854 = EDGE_CURVE('',#10889,#11775,#12855,.T.);
#12855 = LINE('',#12856,#12857);
#12856 = CARTESIAN_POINT('',(125.73,-152.725,-4.5E-02));
#12857 = VECTOR('',#12858,1.);
#12858 = DIRECTION('',(0.,0.,1.));
#12859 = ORIENTED_EDGE('',*,*,#11774,.F.);
#12860 = ORIENTED_EDGE('',*,*,#12854,.F.);
#12861 = CYLINDRICAL_SURFACE('',#12862,0.325);
#12862 = AXIS2_PLACEMENT_3D('',#12863,#12864,#12865);
#12863 = CARTESIAN_POINT('',(125.73,-152.4,-4.5E-02));
#12864 = DIRECTION('',(-0.,-0.,-1.));
#12865 = DIRECTION('',(-0.,-1.,0.));
#12866 = ADVANCED_FACE('',(#12867),#12878,.F.);
#12867 = FACE_BOUND('',#12868,.T.);
#12868 = EDGE_LOOP('',(#12869,#12870,#12876,#12877));
#12869 = ORIENTED_EDGE('',*,*,#10899,.T.);
#12870 = ORIENTED_EDGE('',*,*,#12871,.T.);
#12871 = EDGE_CURVE('',#10900,#11786,#12872,.T.);
#12872 = LINE('',#12873,#12874);
#12873 = CARTESIAN_POINT('',(124.46,-152.725,-4.5E-02));
#12874 = VECTOR('',#12875,1.);
#12875 = DIRECTION('',(0.,0.,1.));
#12876 = ORIENTED_EDGE('',*,*,#11785,.F.);
#12877 = ORIENTED_EDGE('',*,*,#12871,.F.);
#12878 = CYLINDRICAL_SURFACE('',#12879,0.325);
#12879 = AXIS2_PLACEMENT_3D('',#12880,#12881,#12882);
#12880 = CARTESIAN_POINT('',(124.46,-152.4,-4.5E-02));
#12881 = DIRECTION('',(-0.,-0.,-1.));
#12882 = DIRECTION('',(-4.372570681601E-14,-1.,0.));
#12883 = ADVANCED_FACE('',(#12884),#12895,.F.);
#12884 = FACE_BOUND('',#12885,.T.);
#12885 = EDGE_LOOP('',(#12886,#12887,#12893,#12894));
#12886 = ORIENTED_EDGE('',*,*,#10910,.T.);
#12887 = ORIENTED_EDGE('',*,*,#12888,.T.);
#12888 = EDGE_CURVE('',#10911,#11797,#12889,.T.);
#12889 = LINE('',#12890,#12891);
#12890 = CARTESIAN_POINT('',(118.745,-156.075,-4.5E-02));
#12891 = VECTOR('',#12892,1.);
#12892 = DIRECTION('',(0.,0.,1.));
#12893 = ORIENTED_EDGE('',*,*,#11796,.F.);
#12894 = ORIENTED_EDGE('',*,*,#12888,.F.);
#12895 = CYLINDRICAL_SURFACE('',#12896,0.5);
#12896 = AXIS2_PLACEMENT_3D('',#12897,#12898,#12899);
#12897 = CARTESIAN_POINT('',(118.745,-155.575,-4.5E-02));
#12898 = DIRECTION('',(-0.,-0.,-1.));
#12899 = DIRECTION('',(-0.,-1.,0.));
#12900 = ADVANCED_FACE('',(#12901),#12912,.F.);
#12901 = FACE_BOUND('',#12902,.T.);
#12902 = EDGE_LOOP('',(#12903,#12904,#12910,#12911));
#12903 = ORIENTED_EDGE('',*,*,#10921,.T.);
#12904 = ORIENTED_EDGE('',*,*,#12905,.T.);
#12905 = EDGE_CURVE('',#10922,#11808,#12906,.T.);
#12906 = LINE('',#12907,#12908);
#12907 = CARTESIAN_POINT('',(118.745,-153.535,-4.5E-02));
#12908 = VECTOR('',#12909,1.);
#12909 = DIRECTION('',(0.,0.,1.));
#12910 = ORIENTED_EDGE('',*,*,#11807,.F.);
#12911 = ORIENTED_EDGE('',*,*,#12905,.F.);
#12912 = CYLINDRICAL_SURFACE('',#12913,0.5);
#12913 = AXIS2_PLACEMENT_3D('',#12914,#12915,#12916);
#12914 = CARTESIAN_POINT('',(118.745,-153.035,-4.5E-02));
#12915 = DIRECTION('',(-0.,-0.,-1.));
#12916 = DIRECTION('',(-0.,-1.,0.));
#12917 = ADVANCED_FACE('',(#12918),#12929,.F.);
#12918 = FACE_BOUND('',#12919,.T.);
#12919 = EDGE_LOOP('',(#12920,#12921,#12927,#12928));
#12920 = ORIENTED_EDGE('',*,*,#10932,.T.);
#12921 = ORIENTED_EDGE('',*,*,#12922,.T.);
#12922 = EDGE_CURVE('',#10933,#11819,#12923,.T.);
#12923 = LINE('',#12924,#12925);
#12924 = CARTESIAN_POINT('',(118.745,-150.995,-4.5E-02));
#12925 = VECTOR('',#12926,1.);
#12926 = DIRECTION('',(0.,0.,1.));
#12927 = ORIENTED_EDGE('',*,*,#11818,.F.);
#12928 = ORIENTED_EDGE('',*,*,#12922,.F.);
#12929 = CYLINDRICAL_SURFACE('',#12930,0.5);
#12930 = AXIS2_PLACEMENT_3D('',#12931,#12932,#12933);
#12931 = CARTESIAN_POINT('',(118.745,-150.495,-4.5E-02));
#12932 = DIRECTION('',(-0.,-0.,-1.));
#12933 = DIRECTION('',(-0.,-1.,0.));
#12934 = ADVANCED_FACE('',(#12935),#12946,.F.);
#12935 = FACE_BOUND('',#12936,.T.);
#12936 = EDGE_LOOP('',(#12937,#12938,#12944,#12945));
#12937 = ORIENTED_EDGE('',*,*,#10943,.T.);
#12938 = ORIENTED_EDGE('',*,*,#12939,.T.);
#12939 = EDGE_CURVE('',#10944,#11830,#12940,.T.);
#12940 = LINE('',#12941,#12942);
#12941 = CARTESIAN_POINT('',(118.745,-148.455,-4.5E-02));
#12942 = VECTOR('',#12943,1.);
#12943 = DIRECTION('',(0.,0.,1.));
#12944 = ORIENTED_EDGE('',*,*,#11829,.F.);
#12945 = ORIENTED_EDGE('',*,*,#12939,.F.);
#12946 = CYLINDRICAL_SURFACE('',#12947,0.5);
#12947 = AXIS2_PLACEMENT_3D('',#12948,#12949,#12950);
#12948 = CARTESIAN_POINT('',(118.745,-147.955,-4.5E-02));
#12949 = DIRECTION('',(-0.,-0.,-1.));
#12950 = DIRECTION('',(-0.,-1.,0.));
#12951 = ADVANCED_FACE('',(#12952),#12963,.F.);
#12952 = FACE_BOUND('',#12953,.T.);
#12953 = EDGE_LOOP('',(#12954,#12955,#12961,#12962));
#12954 = ORIENTED_EDGE('',*,*,#10954,.T.);
#12955 = ORIENTED_EDGE('',*,*,#12956,.T.);
#12956 = EDGE_CURVE('',#10955,#11841,#12957,.T.);
#12957 = LINE('',#12958,#12959);
#12958 = CARTESIAN_POINT('',(118.745,-145.915,-4.5E-02));
#12959 = VECTOR('',#12960,1.);
#12960 = DIRECTION('',(0.,0.,1.));
#12961 = ORIENTED_EDGE('',*,*,#11840,.F.);
#12962 = ORIENTED_EDGE('',*,*,#12956,.F.);
#12963 = CYLINDRICAL_SURFACE('',#12964,0.5);
#12964 = AXIS2_PLACEMENT_3D('',#12965,#12966,#12967);
#12965 = CARTESIAN_POINT('',(118.745,-145.415,-4.5E-02));
#12966 = DIRECTION('',(-0.,-0.,-1.));
#12967 = DIRECTION('',(-0.,-1.,0.));
#12968 = ADVANCED_FACE('',(#12969),#12980,.F.);
#12969 = FACE_BOUND('',#12970,.T.);
#12970 = EDGE_LOOP('',(#12971,#12972,#12978,#12979));
#12971 = ORIENTED_EDGE('',*,*,#10965,.T.);
#12972 = ORIENTED_EDGE('',*,*,#12973,.T.);
#12973 = EDGE_CURVE('',#10966,#11852,#12974,.T.);
#12974 = LINE('',#12975,#12976);
#12975 = CARTESIAN_POINT('',(118.745,-143.375,-4.5E-02));
#12976 = VECTOR('',#12977,1.);
#12977 = DIRECTION('',(0.,0.,1.));
#12978 = ORIENTED_EDGE('',*,*,#11851,.F.);
#12979 = ORIENTED_EDGE('',*,*,#12973,.F.);
#12980 = CYLINDRICAL_SURFACE('',#12981,0.5);
#12981 = AXIS2_PLACEMENT_3D('',#12982,#12983,#12984);
#12982 = CARTESIAN_POINT('',(118.745,-142.875,-4.5E-02));
#12983 = DIRECTION('',(-0.,-0.,-1.));
#12984 = DIRECTION('',(-0.,-1.,0.));
#12985 = ADVANCED_FACE('',(#12986),#12997,.F.);
#12986 = FACE_BOUND('',#12987,.T.);
#12987 = EDGE_LOOP('',(#12988,#12989,#12995,#12996));
#12988 = ORIENTED_EDGE('',*,*,#10976,.T.);
#12989 = ORIENTED_EDGE('',*,*,#12990,.T.);
#12990 = EDGE_CURVE('',#10977,#11863,#12991,.T.);
#12991 = LINE('',#12992,#12993);
#12992 = CARTESIAN_POINT('',(118.745,-140.835,-4.5E-02));
#12993 = VECTOR('',#12994,1.);
#12994 = DIRECTION('',(0.,0.,1.));
#12995 = ORIENTED_EDGE('',*,*,#11862,.F.);
#12996 = ORIENTED_EDGE('',*,*,#12990,.F.);
#12997 = CYLINDRICAL_SURFACE('',#12998,0.5);
#12998 = AXIS2_PLACEMENT_3D('',#12999,#13000,#13001);
#12999 = CARTESIAN_POINT('',(118.745,-140.335,-4.5E-02));
#13000 = DIRECTION('',(-0.,-0.,-1.));
#13001 = DIRECTION('',(-0.,-1.,0.));
#13002 = ADVANCED_FACE('',(#13003),#13014,.F.);
#13003 = FACE_BOUND('',#13004,.T.);
#13004 = EDGE_LOOP('',(#13005,#13006,#13012,#13013));
#13005 = ORIENTED_EDGE('',*,*,#10987,.T.);
#13006 = ORIENTED_EDGE('',*,*,#13007,.T.);
#13007 = EDGE_CURVE('',#10988,#11874,#13008,.T.);
#13008 = LINE('',#13009,#13010);
#13009 = CARTESIAN_POINT('',(118.745,-138.295,-4.5E-02));
#13010 = VECTOR('',#13011,1.);
#13011 = DIRECTION('',(0.,0.,1.));
#13012 = ORIENTED_EDGE('',*,*,#11873,.F.);
#13013 = ORIENTED_EDGE('',*,*,#13007,.F.);
#13014 = CYLINDRICAL_SURFACE('',#13015,0.5);
#13015 = AXIS2_PLACEMENT_3D('',#13016,#13017,#13018);
#13016 = CARTESIAN_POINT('',(118.745,-137.795,-4.5E-02));
#13017 = DIRECTION('',(-0.,-0.,-1.));
#13018 = DIRECTION('',(-0.,-1.,0.));
#13019 = ADVANCED_FACE('',(#13020),#13031,.F.);
#13020 = FACE_BOUND('',#13021,.T.);
#13021 = EDGE_LOOP('',(#13022,#13023,#13029,#13030));
#13022 = ORIENTED_EDGE('',*,*,#10998,.T.);
#13023 = ORIENTED_EDGE('',*,*,#13024,.T.);
#13024 = EDGE_CURVE('',#10999,#11885,#13025,.T.);
#13025 = LINE('',#13026,#13027);
#13026 = CARTESIAN_POINT('',(135.382,-129.94,-4.5E-02));
#13027 = VECTOR('',#13028,1.);
#13028 = DIRECTION('',(0.,0.,1.));
#13029 = ORIENTED_EDGE('',*,*,#11884,.F.);
#13030 = ORIENTED_EDGE('',*,*,#13024,.F.);
#13031 = CYLINDRICAL_SURFACE('',#13032,0.4);
#13032 = AXIS2_PLACEMENT_3D('',#13033,#13034,#13035);
#13033 = CARTESIAN_POINT('',(135.382,-129.54,-4.5E-02));
#13034 = DIRECTION('',(-0.,-0.,-1.));
#13035 = DIRECTION('',(-0.,-1.,0.));
#13036 = ADVANCED_FACE('',(#13037),#13048,.F.);
#13037 = FACE_BOUND('',#13038,.T.);
#13038 = EDGE_LOOP('',(#13039,#13040,#13046,#13047));
#13039 = ORIENTED_EDGE('',*,*,#11009,.T.);
#13040 = ORIENTED_EDGE('',*,*,#13041,.T.);
#13041 = EDGE_CURVE('',#11010,#11896,#13042,.T.);
#13042 = LINE('',#13043,#13044);
#13043 = CARTESIAN_POINT('',(135.382,-127.4,-4.5E-02));
#13044 = VECTOR('',#13045,1.);
#13045 = DIRECTION('',(0.,0.,1.));
#13046 = ORIENTED_EDGE('',*,*,#11895,.F.);
#13047 = ORIENTED_EDGE('',*,*,#13041,.F.);
#13048 = CYLINDRICAL_SURFACE('',#13049,0.4);
#13049 = AXIS2_PLACEMENT_3D('',#13050,#13051,#13052);
#13050 = CARTESIAN_POINT('',(135.382,-127.,-4.5E-02));
#13051 = DIRECTION('',(-0.,-0.,-1.));
#13052 = DIRECTION('',(-0.,-1.,0.));
#13053 = ADVANCED_FACE('',(#13054),#13065,.F.);
#13054 = FACE_BOUND('',#13055,.T.);
#13055 = EDGE_LOOP('',(#13056,#13057,#13063,#13064));
#13056 = ORIENTED_EDGE('',*,*,#11020,.T.);
#13057 = ORIENTED_EDGE('',*,*,#13058,.T.);
#13058 = EDGE_CURVE('',#11021,#11907,#13059,.T.);
#13059 = LINE('',#13060,#13061);
#13060 = CARTESIAN_POINT('',(135.382,-124.86,-4.5E-02));
#13061 = VECTOR('',#13062,1.);
#13062 = DIRECTION('',(0.,0.,1.));
#13063 = ORIENTED_EDGE('',*,*,#11906,.F.);
#13064 = ORIENTED_EDGE('',*,*,#13058,.F.);
#13065 = CYLINDRICAL_SURFACE('',#13066,0.4);
#13066 = AXIS2_PLACEMENT_3D('',#13067,#13068,#13069);
#13067 = CARTESIAN_POINT('',(135.382,-124.46,-4.5E-02));
#13068 = DIRECTION('',(-0.,-0.,-1.));
#13069 = DIRECTION('',(-0.,-1.,0.));
#13070 = ADVANCED_FACE('',(#13071),#13082,.F.);
#13071 = FACE_BOUND('',#13072,.T.);
#13072 = EDGE_LOOP('',(#13073,#13074,#13080,#13081));
#13073 = ORIENTED_EDGE('',*,*,#11031,.T.);
#13074 = ORIENTED_EDGE('',*,*,#13075,.T.);
#13075 = EDGE_CURVE('',#11032,#11918,#13076,.T.);
#13076 = LINE('',#13077,#13078);
#13077 = CARTESIAN_POINT('',(135.382,-122.32,-4.5E-02));
#13078 = VECTOR('',#13079,1.);
#13079 = DIRECTION('',(0.,0.,1.));
#13080 = ORIENTED_EDGE('',*,*,#11917,.F.);
#13081 = ORIENTED_EDGE('',*,*,#13075,.F.);
#13082 = CYLINDRICAL_SURFACE('',#13083,0.4);
#13083 = AXIS2_PLACEMENT_3D('',#13084,#13085,#13086);
#13084 = CARTESIAN_POINT('',(135.382,-121.92,-4.5E-02));
#13085 = DIRECTION('',(-0.,-0.,-1.));
#13086 = DIRECTION('',(-0.,-1.,0.));
#13087 = ADVANCED_FACE('',(#13088),#13099,.F.);
#13088 = FACE_BOUND('',#13089,.T.);
#13089 = EDGE_LOOP('',(#13090,#13091,#13097,#13098));
#13090 = ORIENTED_EDGE('',*,*,#11042,.T.);
#13091 = ORIENTED_EDGE('',*,*,#13092,.T.);
#13092 = EDGE_CURVE('',#11043,#11929,#13093,.T.);
#13093 = LINE('',#13094,#13095);
#13094 = CARTESIAN_POINT('',(135.382,-119.78,-4.5E-02));
#13095 = VECTOR('',#13096,1.);
#13096 = DIRECTION('',(0.,0.,1.));
#13097 = ORIENTED_EDGE('',*,*,#11928,.F.);
#13098 = ORIENTED_EDGE('',*,*,#13092,.F.);
#13099 = CYLINDRICAL_SURFACE('',#13100,0.4);
#13100 = AXIS2_PLACEMENT_3D('',#13101,#13102,#13103);
#13101 = CARTESIAN_POINT('',(135.382,-119.38,-4.5E-02));
#13102 = DIRECTION('',(-0.,-0.,-1.));
#13103 = DIRECTION('',(-0.,-1.,0.));
#13104 = ADVANCED_FACE('',(#13105),#13116,.F.);
#13105 = FACE_BOUND('',#13106,.T.);
#13106 = EDGE_LOOP('',(#13107,#13108,#13114,#13115));
#13107 = ORIENTED_EDGE('',*,*,#11053,.T.);
#13108 = ORIENTED_EDGE('',*,*,#13109,.T.);
#13109 = EDGE_CURVE('',#11054,#11940,#13110,.T.);
#13110 = LINE('',#13111,#13112);
#13111 = CARTESIAN_POINT('',(135.382,-117.24,-4.5E-02));
#13112 = VECTOR('',#13113,1.);
#13113 = DIRECTION('',(0.,0.,1.));
#13114 = ORIENTED_EDGE('',*,*,#11939,.F.);
#13115 = ORIENTED_EDGE('',*,*,#13109,.F.);
#13116 = CYLINDRICAL_SURFACE('',#13117,0.4);
#13117 = AXIS2_PLACEMENT_3D('',#13118,#13119,#13120);
#13118 = CARTESIAN_POINT('',(135.382,-116.84,-4.5E-02));
#13119 = DIRECTION('',(-0.,-0.,-1.));
#13120 = DIRECTION('',(-0.,-1.,0.));
#13121 = ADVANCED_FACE('',(#13122),#13133,.F.);
#13122 = FACE_BOUND('',#13123,.T.);
#13123 = EDGE_LOOP('',(#13124,#13125,#13131,#13132));
#13124 = ORIENTED_EDGE('',*,*,#11064,.T.);
#13125 = ORIENTED_EDGE('',*,*,#13126,.T.);
#13126 = EDGE_CURVE('',#11065,#11951,#13127,.T.);
#13127 = LINE('',#13128,#13129);
#13128 = CARTESIAN_POINT('',(135.382,-114.7,-4.5E-02));
#13129 = VECTOR('',#13130,1.);
#13130 = DIRECTION('',(0.,0.,1.));
#13131 = ORIENTED_EDGE('',*,*,#11950,.F.);
#13132 = ORIENTED_EDGE('',*,*,#13126,.F.);
#13133 = CYLINDRICAL_SURFACE('',#13134,0.4);
#13134 = AXIS2_PLACEMENT_3D('',#13135,#13136,#13137);
#13135 = CARTESIAN_POINT('',(135.382,-114.3,-4.5E-02));
#13136 = DIRECTION('',(-0.,-0.,-1.));
#13137 = DIRECTION('',(-0.,-1.,0.));
#13138 = ADVANCED_FACE('',(#13139),#13150,.F.);
#13139 = FACE_BOUND('',#13140,.T.);
#13140 = EDGE_LOOP('',(#13141,#13142,#13148,#13149));
#13141 = ORIENTED_EDGE('',*,*,#11075,.T.);
#13142 = ORIENTED_EDGE('',*,*,#13143,.T.);
#13143 = EDGE_CURVE('',#11076,#11962,#13144,.T.);
#13144 = LINE('',#13145,#13146);
#13145 = CARTESIAN_POINT('',(135.382,-112.16,-4.5E-02));
#13146 = VECTOR('',#13147,1.);
#13147 = DIRECTION('',(0.,0.,1.));
#13148 = ORIENTED_EDGE('',*,*,#11961,.F.);
#13149 = ORIENTED_EDGE('',*,*,#13143,.F.);
#13150 = CYLINDRICAL_SURFACE('',#13151,0.4);
#13151 = AXIS2_PLACEMENT_3D('',#13152,#13153,#13154);
#13152 = CARTESIAN_POINT('',(135.382,-111.76,-4.5E-02));
#13153 = DIRECTION('',(-0.,-0.,-1.));
#13154 = DIRECTION('',(-0.,-1.,0.));
#13155 = ADVANCED_FACE('',(#13156),#13167,.F.);
#13156 = FACE_BOUND('',#13157,.T.);
#13157 = EDGE_LOOP('',(#13158,#13159,#13165,#13166));
#13158 = ORIENTED_EDGE('',*,*,#11086,.T.);
#13159 = ORIENTED_EDGE('',*,*,#13160,.T.);
#13160 = EDGE_CURVE('',#11087,#11973,#13161,.T.);
#13161 = LINE('',#13162,#13163);
#13162 = CARTESIAN_POINT('',(131.445,-114.765,-4.5E-02));
#13163 = VECTOR('',#13164,1.);
#13164 = DIRECTION('',(0.,0.,1.));
#13165 = ORIENTED_EDGE('',*,*,#11972,.F.);
#13166 = ORIENTED_EDGE('',*,*,#13160,.F.);
#13167 = CYLINDRICAL_SURFACE('',#13168,1.1);
#13168 = AXIS2_PLACEMENT_3D('',#13169,#13170,#13171);
#13169 = CARTESIAN_POINT('',(131.445,-113.665,-4.5E-02));
#13170 = DIRECTION('',(-0.,-0.,-1.));
#13171 = DIRECTION('',(-0.,-1.,0.));
#13172 = ADVANCED_FACE('',(#13173),#13184,.F.);
#13173 = FACE_BOUND('',#13174,.T.);
#13174 = EDGE_LOOP('',(#13175,#13176,#13182,#13183));
#13175 = ORIENTED_EDGE('',*,*,#11097,.T.);
#13176 = ORIENTED_EDGE('',*,*,#13177,.T.);
#13177 = EDGE_CURVE('',#11098,#11984,#13178,.T.);
#13178 = LINE('',#13179,#13180);
#13179 = CARTESIAN_POINT('',(127.365,-120.9,-4.5E-02));
#13180 = VECTOR('',#13181,1.);
#13181 = DIRECTION('',(0.,0.,1.));
#13182 = ORIENTED_EDGE('',*,*,#11983,.F.);
#13183 = ORIENTED_EDGE('',*,*,#13177,.F.);
#13184 = CYLINDRICAL_SURFACE('',#13185,0.25);
#13185 = AXIS2_PLACEMENT_3D('',#13186,#13187,#13188);
#13186 = CARTESIAN_POINT('',(127.365,-120.65,-4.5E-02));
#13187 = DIRECTION('',(-0.,-0.,-1.));
#13188 = DIRECTION('',(-0.,-1.,0.));
#13189 = ADVANCED_FACE('',(#13190),#13201,.F.);
#13190 = FACE_BOUND('',#13191,.T.);
#13191 = EDGE_LOOP('',(#13192,#13193,#13199,#13200));
#13192 = ORIENTED_EDGE('',*,*,#11108,.T.);
#13193 = ORIENTED_EDGE('',*,*,#13194,.T.);
#13194 = EDGE_CURVE('',#11109,#11995,#13195,.T.);
#13195 = LINE('',#13196,#13197);
#13196 = CARTESIAN_POINT('',(136.525,-98.04,-4.5E-02));
#13197 = VECTOR('',#13198,1.);
#13198 = DIRECTION('',(0.,0.,1.));
#13199 = ORIENTED_EDGE('',*,*,#11994,.F.);
#13200 = ORIENTED_EDGE('',*,*,#13194,.F.);
#13201 = CYLINDRICAL_SURFACE('',#13202,0.25);
#13202 = AXIS2_PLACEMENT_3D('',#13203,#13204,#13205);
#13203 = CARTESIAN_POINT('',(136.525,-97.79,-4.5E-02));
#13204 = DIRECTION('',(-0.,-0.,-1.));
#13205 = DIRECTION('',(-0.,-1.,0.));
#13206 = ADVANCED_FACE('',(#13207),#13218,.F.);
#13207 = FACE_BOUND('',#13208,.T.);
#13208 = EDGE_LOOP('',(#13209,#13210,#13216,#13217));
#13209 = ORIENTED_EDGE('',*,*,#11119,.T.);
#13210 = ORIENTED_EDGE('',*,*,#13211,.T.);
#13211 = EDGE_CURVE('',#11120,#12006,#13212,.T.);
#13212 = LINE('',#13213,#13214);
#13213 = CARTESIAN_POINT('',(136.525,-97.04,-4.5E-02));
#13214 = VECTOR('',#13215,1.);
#13215 = DIRECTION('',(0.,0.,1.));
#13216 = ORIENTED_EDGE('',*,*,#12005,.F.);
#13217 = ORIENTED_EDGE('',*,*,#13211,.F.);
#13218 = CYLINDRICAL_SURFACE('',#13219,0.25);
#13219 = AXIS2_PLACEMENT_3D('',#13220,#13221,#13222);
#13220 = CARTESIAN_POINT('',(136.525,-96.79,-4.5E-02));
#13221 = DIRECTION('',(-0.,-0.,-1.));
#13222 = DIRECTION('',(-0.,-1.,0.));
#13223 = ADVANCED_FACE('',(#13224),#13235,.F.);
#13224 = FACE_BOUND('',#13225,.T.);
#13225 = EDGE_LOOP('',(#13226,#13227,#13233,#13234));
#13226 = ORIENTED_EDGE('',*,*,#11130,.T.);
#13227 = ORIENTED_EDGE('',*,*,#13228,.T.);
#13228 = EDGE_CURVE('',#11131,#12017,#13229,.T.);
#13229 = LINE('',#13230,#13231);
#13230 = CARTESIAN_POINT('',(130.175,-93.81,-4.5E-02));
#13231 = VECTOR('',#13232,1.);
#13232 = DIRECTION('',(0.,0.,1.));
#13233 = ORIENTED_EDGE('',*,*,#12016,.F.);
#13234 = ORIENTED_EDGE('',*,*,#13228,.F.);
#13235 = CYLINDRICAL_SURFACE('',#13236,1.1);
#13236 = AXIS2_PLACEMENT_3D('',#13237,#13238,#13239);
#13237 = CARTESIAN_POINT('',(130.175,-92.71,-4.5E-02));
#13238 = DIRECTION('',(-0.,-0.,-1.));
#13239 = DIRECTION('',(-0.,-1.,0.));
#13240 = ADVANCED_FACE('',(#13241),#13252,.F.);
#13241 = FACE_BOUND('',#13242,.T.);
#13242 = EDGE_LOOP('',(#13243,#13244,#13250,#13251));
#13243 = ORIENTED_EDGE('',*,*,#11141,.T.);
#13244 = ORIENTED_EDGE('',*,*,#13245,.T.);
#13245 = EDGE_CURVE('',#11142,#12028,#13246,.T.);
#13246 = LINE('',#13247,#13248);
#13247 = CARTESIAN_POINT('',(127.365,-85.975,-4.5E-02));
#13248 = VECTOR('',#13249,1.);
#13249 = DIRECTION('',(0.,0.,1.));
#13250 = ORIENTED_EDGE('',*,*,#12027,.F.);
#13251 = ORIENTED_EDGE('',*,*,#13245,.F.);
#13252 = CYLINDRICAL_SURFACE('',#13253,0.25);
#13253 = AXIS2_PLACEMENT_3D('',#13254,#13255,#13256);
#13254 = CARTESIAN_POINT('',(127.365,-85.725,-4.5E-02));
#13255 = DIRECTION('',(-0.,-0.,-1.));
#13256 = DIRECTION('',(-0.,-1.,0.));
#13257 = ADVANCED_FACE('',(#13258),#13269,.F.);
#13258 = FACE_BOUND('',#13259,.T.);
#13259 = EDGE_LOOP('',(#13260,#13261,#13267,#13268));
#13260 = ORIENTED_EDGE('',*,*,#11152,.T.);
#13261 = ORIENTED_EDGE('',*,*,#13262,.T.);
#13262 = EDGE_CURVE('',#11153,#12039,#13263,.T.);
#13263 = LINE('',#13264,#13265);
#13264 = CARTESIAN_POINT('',(126.365,-120.9,-4.5E-02));
#13265 = VECTOR('',#13266,1.);
#13266 = DIRECTION('',(0.,0.,1.));
#13267 = ORIENTED_EDGE('',*,*,#12038,.F.);
#13268 = ORIENTED_EDGE('',*,*,#13262,.F.);
#13269 = CYLINDRICAL_SURFACE('',#13270,0.25);
#13270 = AXIS2_PLACEMENT_3D('',#13271,#13272,#13273);
#13271 = CARTESIAN_POINT('',(126.365,-120.65,-4.5E-02));
#13272 = DIRECTION('',(-0.,-0.,-1.));
#13273 = DIRECTION('',(-0.,-1.,0.));
#13274 = ADVANCED_FACE('',(#13275),#13286,.F.);
#13275 = FACE_BOUND('',#13276,.T.);
#13276 = EDGE_LOOP('',(#13277,#13278,#13284,#13285));
#13277 = ORIENTED_EDGE('',*,*,#11163,.T.);
#13278 = ORIENTED_EDGE('',*,*,#13279,.T.);
#13279 = EDGE_CURVE('',#11164,#12050,#13280,.T.);
#13280 = LINE('',#13281,#13282);
#13281 = CARTESIAN_POINT('',(125.365,-120.9,-4.5E-02));
#13282 = VECTOR('',#13283,1.);
#13283 = DIRECTION('',(0.,0.,1.));
#13284 = ORIENTED_EDGE('',*,*,#12049,.F.);
#13285 = ORIENTED_EDGE('',*,*,#13279,.F.);
#13286 = CYLINDRICAL_SURFACE('',#13287,0.25);
#13287 = AXIS2_PLACEMENT_3D('',#13288,#13289,#13290);
#13288 = CARTESIAN_POINT('',(125.365,-120.65,-4.5E-02));
#13289 = DIRECTION('',(-0.,-0.,-1.));
#13290 = DIRECTION('',(-0.,-1.,0.));
#13291 = ADVANCED_FACE('',(#13292),#13303,.F.);
#13292 = FACE_BOUND('',#13293,.T.);
#13293 = EDGE_LOOP('',(#13294,#13295,#13301,#13302));
#13294 = ORIENTED_EDGE('',*,*,#11174,.T.);
#13295 = ORIENTED_EDGE('',*,*,#13296,.T.);
#13296 = EDGE_CURVE('',#11175,#12061,#13297,.T.);
#13297 = LINE('',#13298,#13299);
#13298 = CARTESIAN_POINT('',(121.285,-114.765,-4.5E-02));
#13299 = VECTOR('',#13300,1.);
#13300 = DIRECTION('',(0.,0.,1.));
#13301 = ORIENTED_EDGE('',*,*,#12060,.F.);
#13302 = ORIENTED_EDGE('',*,*,#13296,.F.);
#13303 = CYLINDRICAL_SURFACE('',#13304,1.1);
#13304 = AXIS2_PLACEMENT_3D('',#13305,#13306,#13307);
#13305 = CARTESIAN_POINT('',(121.285,-113.665,-4.5E-02));
#13306 = DIRECTION('',(-0.,-0.,-1.));
#13307 = DIRECTION('',(-0.,-1.,0.));
#13308 = ADVANCED_FACE('',(#13309),#13320,.F.);
#13309 = FACE_BOUND('',#13310,.T.);
#13310 = EDGE_LOOP('',(#13311,#13312,#13318,#13319));
#13311 = ORIENTED_EDGE('',*,*,#11185,.T.);
#13312 = ORIENTED_EDGE('',*,*,#13313,.T.);
#13313 = EDGE_CURVE('',#11186,#12072,#13314,.T.);
#13314 = LINE('',#13315,#13316);
#13315 = CARTESIAN_POINT('',(117.348,-129.94,-4.5E-02));
#13316 = VECTOR('',#13317,1.);
#13317 = DIRECTION('',(0.,0.,1.));
#13318 = ORIENTED_EDGE('',*,*,#12071,.F.);
#13319 = ORIENTED_EDGE('',*,*,#13313,.F.);
#13320 = CYLINDRICAL_SURFACE('',#13321,0.4);
#13321 = AXIS2_PLACEMENT_3D('',#13322,#13323,#13324);
#13322 = CARTESIAN_POINT('',(117.348,-129.54,-4.5E-02));
#13323 = DIRECTION('',(-0.,-0.,-1.));
#13324 = DIRECTION('',(-0.,-1.,0.));
#13325 = ADVANCED_FACE('',(#13326),#13337,.F.);
#13326 = FACE_BOUND('',#13327,.T.);
#13327 = EDGE_LOOP('',(#13328,#13329,#13335,#13336));
#13328 = ORIENTED_EDGE('',*,*,#11196,.T.);
#13329 = ORIENTED_EDGE('',*,*,#13330,.T.);
#13330 = EDGE_CURVE('',#11197,#12083,#13331,.T.);
#13331 = LINE('',#13332,#13333);
#13332 = CARTESIAN_POINT('',(117.348,-127.4,-4.5E-02));
#13333 = VECTOR('',#13334,1.);
#13334 = DIRECTION('',(0.,0.,1.));
#13335 = ORIENTED_EDGE('',*,*,#12082,.F.);
#13336 = ORIENTED_EDGE('',*,*,#13330,.F.);
#13337 = CYLINDRICAL_SURFACE('',#13338,0.4);
#13338 = AXIS2_PLACEMENT_3D('',#13339,#13340,#13341);
#13339 = CARTESIAN_POINT('',(117.348,-127.,-4.5E-02));
#13340 = DIRECTION('',(-0.,-0.,-1.));
#13341 = DIRECTION('',(-0.,-1.,0.));
#13342 = ADVANCED_FACE('',(#13343),#13354,.F.);
#13343 = FACE_BOUND('',#13344,.T.);
#13344 = EDGE_LOOP('',(#13345,#13346,#13352,#13353));
#13345 = ORIENTED_EDGE('',*,*,#11207,.T.);
#13346 = ORIENTED_EDGE('',*,*,#13347,.T.);
#13347 = EDGE_CURVE('',#11208,#12094,#13348,.T.);
#13348 = LINE('',#13349,#13350);
#13349 = CARTESIAN_POINT('',(117.348,-124.86,-4.5E-02));
#13350 = VECTOR('',#13351,1.);
#13351 = DIRECTION('',(0.,0.,1.));
#13352 = ORIENTED_EDGE('',*,*,#12093,.F.);
#13353 = ORIENTED_EDGE('',*,*,#13347,.F.);
#13354 = CYLINDRICAL_SURFACE('',#13355,0.4);
#13355 = AXIS2_PLACEMENT_3D('',#13356,#13357,#13358);
#13356 = CARTESIAN_POINT('',(117.348,-124.46,-4.5E-02));
#13357 = DIRECTION('',(-0.,-0.,-1.));
#13358 = DIRECTION('',(-0.,-1.,0.));
#13359 = ADVANCED_FACE('',(#13360),#13371,.F.);
#13360 = FACE_BOUND('',#13361,.T.);
#13361 = EDGE_LOOP('',(#13362,#13363,#13369,#13370));
#13362 = ORIENTED_EDGE('',*,*,#11218,.T.);
#13363 = ORIENTED_EDGE('',*,*,#13364,.T.);
#13364 = EDGE_CURVE('',#11219,#12105,#13365,.T.);
#13365 = LINE('',#13366,#13367);
#13366 = CARTESIAN_POINT('',(117.348,-122.32,-4.5E-02));
#13367 = VECTOR('',#13368,1.);
#13368 = DIRECTION('',(0.,0.,1.));
#13369 = ORIENTED_EDGE('',*,*,#12104,.F.);
#13370 = ORIENTED_EDGE('',*,*,#13364,.F.);
#13371 = CYLINDRICAL_SURFACE('',#13372,0.4);
#13372 = AXIS2_PLACEMENT_3D('',#13373,#13374,#13375);
#13373 = CARTESIAN_POINT('',(117.348,-121.92,-4.5E-02));
#13374 = DIRECTION('',(-0.,-0.,-1.));
#13375 = DIRECTION('',(-0.,-1.,0.));
#13376 = ADVANCED_FACE('',(#13377),#13388,.F.);
#13377 = FACE_BOUND('',#13378,.T.);
#13378 = EDGE_LOOP('',(#13379,#13380,#13386,#13387));
#13379 = ORIENTED_EDGE('',*,*,#11229,.T.);
#13380 = ORIENTED_EDGE('',*,*,#13381,.T.);
#13381 = EDGE_CURVE('',#11230,#12116,#13382,.T.);
#13382 = LINE('',#13383,#13384);
#13383 = CARTESIAN_POINT('',(117.348,-119.78,-4.5E-02));
#13384 = VECTOR('',#13385,1.);
#13385 = DIRECTION('',(0.,0.,1.));
#13386 = ORIENTED_EDGE('',*,*,#12115,.F.);
#13387 = ORIENTED_EDGE('',*,*,#13381,.F.);
#13388 = CYLINDRICAL_SURFACE('',#13389,0.4);
#13389 = AXIS2_PLACEMENT_3D('',#13390,#13391,#13392);
#13390 = CARTESIAN_POINT('',(117.348,-119.38,-4.5E-02));
#13391 = DIRECTION('',(-0.,-0.,-1.));
#13392 = DIRECTION('',(-0.,-1.,0.));
#13393 = ADVANCED_FACE('',(#13394),#13405,.F.);
#13394 = FACE_BOUND('',#13395,.T.);
#13395 = EDGE_LOOP('',(#13396,#13397,#13403,#13404));
#13396 = ORIENTED_EDGE('',*,*,#11240,.T.);
#13397 = ORIENTED_EDGE('',*,*,#13398,.T.);
#13398 = EDGE_CURVE('',#11241,#12127,#13399,.T.);
#13399 = LINE('',#13400,#13401);
#13400 = CARTESIAN_POINT('',(117.348,-117.24,-4.5E-02));
#13401 = VECTOR('',#13402,1.);
#13402 = DIRECTION('',(0.,0.,1.));
#13403 = ORIENTED_EDGE('',*,*,#12126,.F.);
#13404 = ORIENTED_EDGE('',*,*,#13398,.F.);
#13405 = CYLINDRICAL_SURFACE('',#13406,0.4);
#13406 = AXIS2_PLACEMENT_3D('',#13407,#13408,#13409);
#13407 = CARTESIAN_POINT('',(117.348,-116.84,-4.5E-02));
#13408 = DIRECTION('',(-0.,-0.,-1.));
#13409 = DIRECTION('',(-0.,-1.,0.));
#13410 = ADVANCED_FACE('',(#13411),#13422,.F.);
#13411 = FACE_BOUND('',#13412,.T.);
#13412 = EDGE_LOOP('',(#13413,#13414,#13420,#13421));
#13413 = ORIENTED_EDGE('',*,*,#11251,.T.);
#13414 = ORIENTED_EDGE('',*,*,#13415,.T.);
#13415 = EDGE_CURVE('',#11252,#12138,#13416,.T.);
#13416 = LINE('',#13417,#13418);
#13417 = CARTESIAN_POINT('',(117.348,-114.7,-4.5E-02));
#13418 = VECTOR('',#13419,1.);
#13419 = DIRECTION('',(0.,0.,1.));
#13420 = ORIENTED_EDGE('',*,*,#12137,.F.);
#13421 = ORIENTED_EDGE('',*,*,#13415,.F.);
#13422 = CYLINDRICAL_SURFACE('',#13423,0.4);
#13423 = AXIS2_PLACEMENT_3D('',#13424,#13425,#13426);
#13424 = CARTESIAN_POINT('',(117.348,-114.3,-4.5E-02));
#13425 = DIRECTION('',(-0.,-0.,-1.));
#13426 = DIRECTION('',(-0.,-1.,0.));
#13427 = ADVANCED_FACE('',(#13428),#13439,.F.);
#13428 = FACE_BOUND('',#13429,.T.);
#13429 = EDGE_LOOP('',(#13430,#13431,#13437,#13438));
#13430 = ORIENTED_EDGE('',*,*,#11262,.T.);
#13431 = ORIENTED_EDGE('',*,*,#13432,.T.);
#13432 = EDGE_CURVE('',#11263,#12149,#13433,.T.);
#13433 = LINE('',#13434,#13435);
#13434 = CARTESIAN_POINT('',(117.348,-112.16,-4.5E-02));
#13435 = VECTOR('',#13436,1.);
#13436 = DIRECTION('',(0.,0.,1.));
#13437 = ORIENTED_EDGE('',*,*,#12148,.F.);
#13438 = ORIENTED_EDGE('',*,*,#13432,.F.);
#13439 = CYLINDRICAL_SURFACE('',#13440,0.4);
#13440 = AXIS2_PLACEMENT_3D('',#13441,#13442,#13443);
#13441 = CARTESIAN_POINT('',(117.348,-111.76,-4.5E-02));
#13442 = DIRECTION('',(-0.,-0.,-1.));
#13443 = DIRECTION('',(-0.,-1.,0.));
#13444 = ADVANCED_FACE('',(#13445),#13456,.F.);
#13445 = FACE_BOUND('',#13446,.T.);
#13446 = EDGE_LOOP('',(#13447,#13448,#13454,#13455));
#13447 = ORIENTED_EDGE('',*,*,#11273,.T.);
#13448 = ORIENTED_EDGE('',*,*,#13449,.T.);
#13449 = EDGE_CURVE('',#11274,#12160,#13450,.T.);
#13450 = LINE('',#13451,#13452);
#13451 = CARTESIAN_POINT('',(126.365,-85.975,-4.5E-02));
#13452 = VECTOR('',#13453,1.);
#13453 = DIRECTION('',(0.,0.,1.));
#13454 = ORIENTED_EDGE('',*,*,#12159,.F.);
#13455 = ORIENTED_EDGE('',*,*,#13449,.F.);
#13456 = CYLINDRICAL_SURFACE('',#13457,0.25);
#13457 = AXIS2_PLACEMENT_3D('',#13458,#13459,#13460);
#13458 = CARTESIAN_POINT('',(126.365,-85.725,-4.5E-02));
#13459 = DIRECTION('',(-0.,-0.,-1.));
#13460 = DIRECTION('',(-0.,-1.,0.));
#13461 = ADVANCED_FACE('',(#13462),#13473,.F.);
#13462 = FACE_BOUND('',#13463,.T.);
#13463 = EDGE_LOOP('',(#13464,#13465,#13471,#13472));
#13464 = ORIENTED_EDGE('',*,*,#11284,.T.);
#13465 = ORIENTED_EDGE('',*,*,#13466,.T.);
#13466 = EDGE_CURVE('',#11285,#12171,#13467,.T.);
#13467 = LINE('',#13468,#13469);
#13468 = CARTESIAN_POINT('',(125.365,-85.975,-4.5E-02));
#13469 = VECTOR('',#13470,1.);
#13470 = DIRECTION('',(0.,0.,1.));
#13471 = ORIENTED_EDGE('',*,*,#12170,.F.);
#13472 = ORIENTED_EDGE('',*,*,#13466,.F.);
#13473 = CYLINDRICAL_SURFACE('',#13474,0.25);
#13474 = AXIS2_PLACEMENT_3D('',#13475,#13476,#13477);
#13475 = CARTESIAN_POINT('',(125.365,-85.725,-4.5E-02));
#13476 = DIRECTION('',(-0.,-0.,-1.));
#13477 = DIRECTION('',(-0.,-1.,0.));
#13478 = ADVANCED_FACE('',(#13479),#13490,.F.);
#13479 = FACE_BOUND('',#13480,.T.);
#13480 = EDGE_LOOP('',(#13481,#13482,#13488,#13489));
#13481 = ORIENTED_EDGE('',*,*,#11295,.T.);
#13482 = ORIENTED_EDGE('',*,*,#13483,.T.);
#13483 = EDGE_CURVE('',#11296,#12182,#13484,.T.);
#13484 = LINE('',#13485,#13486);
#13485 = CARTESIAN_POINT('',(120.9675,-106.7625,-4.5E-02));
#13486 = VECTOR('',#13487,1.);
#13487 = DIRECTION('',(0.,0.,1.));
#13488 = ORIENTED_EDGE('',*,*,#12181,.F.);
#13489 = ORIENTED_EDGE('',*,*,#13483,.F.);
#13490 = CYLINDRICAL_SURFACE('',#13491,0.4);
#13491 = AXIS2_PLACEMENT_3D('',#13492,#13493,#13494);
#13492 = CARTESIAN_POINT('',(120.9675,-106.3625,-4.5E-02));
#13493 = DIRECTION('',(-0.,-0.,-1.));
#13494 = DIRECTION('',(-0.,-1.,0.));
#13495 = ADVANCED_FACE('',(#13496),#13507,.F.);
#13496 = FACE_BOUND('',#13497,.T.);
#13497 = EDGE_LOOP('',(#13498,#13499,#13505,#13506));
#13498 = ORIENTED_EDGE('',*,*,#11306,.T.);
#13499 = ORIENTED_EDGE('',*,*,#13500,.T.);
#13500 = EDGE_CURVE('',#11307,#12193,#13501,.T.);
#13501 = LINE('',#13502,#13503);
#13502 = CARTESIAN_POINT('',(120.9675,-104.2225,-4.5E-02));
#13503 = VECTOR('',#13504,1.);
#13504 = DIRECTION('',(0.,0.,1.));
#13505 = ORIENTED_EDGE('',*,*,#12192,.F.);
#13506 = ORIENTED_EDGE('',*,*,#13500,.F.);
#13507 = CYLINDRICAL_SURFACE('',#13508,0.4);
#13508 = AXIS2_PLACEMENT_3D('',#13509,#13510,#13511);
#13509 = CARTESIAN_POINT('',(120.9675,-103.8225,-4.5E-02));
#13510 = DIRECTION('',(-0.,-0.,-1.));
#13511 = DIRECTION('',(-0.,-1.,0.));
#13512 = ADVANCED_FACE('',(#13513),#13524,.F.);
#13513 = FACE_BOUND('',#13514,.T.);
#13514 = EDGE_LOOP('',(#13515,#13516,#13522,#13523));
#13515 = ORIENTED_EDGE('',*,*,#11317,.T.);
#13516 = ORIENTED_EDGE('',*,*,#13517,.T.);
#13517 = EDGE_CURVE('',#11318,#12204,#13518,.T.);
#13518 = LINE('',#13519,#13520);
#13519 = CARTESIAN_POINT('',(120.9675,-101.6825,-4.5E-02));
#13520 = VECTOR('',#13521,1.);
#13521 = DIRECTION('',(0.,0.,1.));
#13522 = ORIENTED_EDGE('',*,*,#12203,.F.);
#13523 = ORIENTED_EDGE('',*,*,#13517,.F.);
#13524 = CYLINDRICAL_SURFACE('',#13525,0.4);
#13525 = AXIS2_PLACEMENT_3D('',#13526,#13527,#13528);
#13526 = CARTESIAN_POINT('',(120.9675,-101.2825,-4.5E-02));
#13527 = DIRECTION('',(-0.,-0.,-1.));
#13528 = DIRECTION('',(-0.,-1.,0.));
#13529 = ADVANCED_FACE('',(#13530),#13541,.F.);
#13530 = FACE_BOUND('',#13531,.T.);
#13531 = EDGE_LOOP('',(#13532,#13533,#13539,#13540));
#13532 = ORIENTED_EDGE('',*,*,#11328,.T.);
#13533 = ORIENTED_EDGE('',*,*,#13534,.T.);
#13534 = EDGE_CURVE('',#11329,#12215,#13535,.T.);
#13535 = LINE('',#13536,#13537);
#13536 = CARTESIAN_POINT('',(120.9675,-99.1425,-4.5E-02));
#13537 = VECTOR('',#13538,1.);
#13538 = DIRECTION('',(0.,0.,1.));
#13539 = ORIENTED_EDGE('',*,*,#12214,.F.);
#13540 = ORIENTED_EDGE('',*,*,#13534,.F.);
#13541 = CYLINDRICAL_SURFACE('',#13542,0.4);
#13542 = AXIS2_PLACEMENT_3D('',#13543,#13544,#13545);
#13543 = CARTESIAN_POINT('',(120.9675,-98.7425,-4.5E-02));
#13544 = DIRECTION('',(-0.,-0.,-1.));
#13545 = DIRECTION('',(-0.,-1.,0.));
#13546 = ADVANCED_FACE('',(#13547),#13558,.F.);
#13547 = FACE_BOUND('',#13548,.T.);
#13548 = EDGE_LOOP('',(#13549,#13550,#13556,#13557));
#13549 = ORIENTED_EDGE('',*,*,#11339,.T.);
#13550 = ORIENTED_EDGE('',*,*,#13551,.T.);
#13551 = EDGE_CURVE('',#11340,#12226,#13552,.T.);
#13552 = LINE('',#13553,#13554);
#13553 = CARTESIAN_POINT('',(116.205,-98.405,-4.5E-02));
#13554 = VECTOR('',#13555,1.);
#13555 = DIRECTION('',(0.,0.,1.));
#13556 = ORIENTED_EDGE('',*,*,#12225,.F.);
#13557 = ORIENTED_EDGE('',*,*,#13551,.F.);
#13558 = CYLINDRICAL_SURFACE('',#13559,0.25);
#13559 = AXIS2_PLACEMENT_3D('',#13560,#13561,#13562);
#13560 = CARTESIAN_POINT('',(116.205,-98.155,-4.5E-02));
#13561 = DIRECTION('',(-0.,-0.,-1.));
#13562 = DIRECTION('',(-0.,-1.,0.));
#13563 = ADVANCED_FACE('',(#13564),#13575,.F.);
#13564 = FACE_BOUND('',#13565,.T.);
#13565 = EDGE_LOOP('',(#13566,#13567,#13573,#13574));
#13566 = ORIENTED_EDGE('',*,*,#11350,.T.);
#13567 = ORIENTED_EDGE('',*,*,#13568,.T.);
#13568 = EDGE_CURVE('',#11351,#12237,#13569,.T.);
#13569 = LINE('',#13570,#13571);
#13570 = CARTESIAN_POINT('',(120.9675,-96.6025,-4.5E-02));
#13571 = VECTOR('',#13572,1.);
#13572 = DIRECTION('',(0.,0.,1.));
#13573 = ORIENTED_EDGE('',*,*,#12236,.F.);
#13574 = ORIENTED_EDGE('',*,*,#13568,.F.);
#13575 = CYLINDRICAL_SURFACE('',#13576,0.4);
#13576 = AXIS2_PLACEMENT_3D('',#13577,#13578,#13579);
#13577 = CARTESIAN_POINT('',(120.9675,-96.2025,-4.5E-02));
#13578 = DIRECTION('',(-0.,-0.,-1.));
#13579 = DIRECTION('',(-0.,-1.,0.));
#13580 = ADVANCED_FACE('',(#13581),#13592,.F.);
#13581 = FACE_BOUND('',#13582,.T.);
#13582 = EDGE_LOOP('',(#13583,#13584,#13590,#13591));
#13583 = ORIENTED_EDGE('',*,*,#11361,.T.);
#13584 = ORIENTED_EDGE('',*,*,#13585,.T.);
#13585 = EDGE_CURVE('',#11362,#12248,#13586,.T.);
#13586 = LINE('',#13587,#13588);
#13587 = CARTESIAN_POINT('',(120.9675,-94.0625,-4.5E-02));
#13588 = VECTOR('',#13589,1.);
#13589 = DIRECTION('',(0.,0.,1.));
#13590 = ORIENTED_EDGE('',*,*,#12247,.F.);
#13591 = ORIENTED_EDGE('',*,*,#13585,.F.);
#13592 = CYLINDRICAL_SURFACE('',#13593,0.4);
#13593 = AXIS2_PLACEMENT_3D('',#13594,#13595,#13596);
#13594 = CARTESIAN_POINT('',(120.9675,-93.6625,-4.5E-02));
#13595 = DIRECTION('',(-0.,-0.,-1.));
#13596 = DIRECTION('',(-0.,-1.,0.));
#13597 = ADVANCED_FACE('',(#13598),#13609,.F.);
#13598 = FACE_BOUND('',#13599,.T.);
#13599 = EDGE_LOOP('',(#13600,#13601,#13607,#13608));
#13600 = ORIENTED_EDGE('',*,*,#11372,.T.);
#13601 = ORIENTED_EDGE('',*,*,#13602,.T.);
#13602 = EDGE_CURVE('',#11373,#12259,#13603,.T.);
#13603 = LINE('',#13604,#13605);
#13604 = CARTESIAN_POINT('',(120.9675,-91.5225,-4.5E-02));
#13605 = VECTOR('',#13606,1.);
#13606 = DIRECTION('',(0.,0.,1.));
#13607 = ORIENTED_EDGE('',*,*,#12258,.F.);
#13608 = ORIENTED_EDGE('',*,*,#13602,.F.);
#13609 = CYLINDRICAL_SURFACE('',#13610,0.4);
#13610 = AXIS2_PLACEMENT_3D('',#13611,#13612,#13613);
#13611 = CARTESIAN_POINT('',(120.9675,-91.1225,-4.5E-02));
#13612 = DIRECTION('',(-0.,-0.,-1.));
#13613 = DIRECTION('',(-0.,-1.,0.));
#13614 = ADVANCED_FACE('',(#13615),#13626,.F.);
#13615 = FACE_BOUND('',#13616,.T.);
#13616 = EDGE_LOOP('',(#13617,#13618,#13624,#13625));
#13617 = ORIENTED_EDGE('',*,*,#11383,.T.);
#13618 = ORIENTED_EDGE('',*,*,#13619,.T.);
#13619 = EDGE_CURVE('',#11384,#12270,#13620,.T.);
#13620 = LINE('',#13621,#13622);
#13621 = CARTESIAN_POINT('',(120.9675,-88.9825,-4.5E-02));
#13622 = VECTOR('',#13623,1.);
#13623 = DIRECTION('',(0.,0.,1.));
#13624 = ORIENTED_EDGE('',*,*,#12269,.F.);
#13625 = ORIENTED_EDGE('',*,*,#13619,.F.);
#13626 = CYLINDRICAL_SURFACE('',#13627,0.4);
#13627 = AXIS2_PLACEMENT_3D('',#13628,#13629,#13630);
#13628 = CARTESIAN_POINT('',(120.9675,-88.5825,-4.5E-02));
#13629 = DIRECTION('',(-0.,-0.,-1.));
#13630 = DIRECTION('',(-0.,-1.,0.));
#13631 = ADVANCED_FACE('',(#13632),#13643,.F.);
#13632 = FACE_BOUND('',#13633,.T.);
#13633 = EDGE_LOOP('',(#13634,#13635,#13641,#13642));
#13634 = ORIENTED_EDGE('',*,*,#11394,.T.);
#13635 = ORIENTED_EDGE('',*,*,#13636,.T.);
#13636 = EDGE_CURVE('',#11395,#12281,#13637,.T.);
#13637 = LINE('',#13638,#13639);
#13638 = CARTESIAN_POINT('',(116.205,-97.405,-4.5E-02));
#13639 = VECTOR('',#13640,1.);
#13640 = DIRECTION('',(0.,0.,1.));
#13641 = ORIENTED_EDGE('',*,*,#12280,.F.);
#13642 = ORIENTED_EDGE('',*,*,#13636,.F.);
#13643 = CYLINDRICAL_SURFACE('',#13644,0.25);
#13644 = AXIS2_PLACEMENT_3D('',#13645,#13646,#13647);
#13645 = CARTESIAN_POINT('',(116.205,-97.155,-4.5E-02));
#13646 = DIRECTION('',(-0.,-0.,-1.));
#13647 = DIRECTION('',(-0.,-1.,0.));
#13648 = ( GEOMETRIC_REPRESENTATION_CONTEXT(3) 
GLOBAL_UNCERTAINTY_ASSIGNED_CONTEXT((#13652)) 
GLOBAL_UNIT_ASSIGNED_CONTEXT((#13649,#13650,#13651)) 
REPRESENTATION_CONTEXT('Context #1',
  '3D Context with UNIT and UNCERTAINTY') );
#13649 = ( LENGTH_UNIT() NAMED_UNIT(*) SI_UNIT(.MILLI.,.METRE.) );
#13650 = ( NAMED_UNIT(*) PLANE_ANGLE_UNIT() SI_UNIT($,.RADIAN.) );
#13651 = ( NAMED_UNIT(*) SI_UNIT($,.STERADIAN.) SOLID_ANGLE_UNIT() );
#13652 = UNCERTAINTY_MEASURE_WITH_UNIT(LENGTH_MEASURE(1.E-07),#13649,
  'distance_accuracy_value','confusion accuracy');
#13653 = CONTEXT_DEPENDENT_SHAPE_REPRESENTATION(#13654,#13656);
#13654 = ( REPRESENTATION_RELATIONSHIP('','',#10416,#10) 
REPRESENTATION_RELATIONSHIP_WITH_TRANSFORMATION(#13655) 
SHAPE_REPRESENTATION_RELATIONSHIP() );
#13655 = ITEM_DEFINED_TRANSFORMATION('','',#11,#19);
#13656 = PRODUCT_DEFINITION_SHAPE('Placement','Placement of an item',
  #13657);
#13657 = NEXT_ASSEMBLY_USAGE_OCCURRENCE('3','=>[0:1:1:4]','',#5,#10411,$
  );
#13658 = PRODUCT_RELATED_PRODUCT_CATEGORY('part',$,(#10413));
#13659 = MECHANICAL_DESIGN_GEOMETRIC_PRESENTATION_REPRESENTATION('',(
    #13660),#13648);
#13660 = STYLED_ITEM('color',(#13661),#10417);
#13661 = PRESENTATION_STYLE_ASSIGNMENT((#13662));
#13662 = SURFACE_STYLE_USAGE(.BOTH.,#13663);
#13663 = SURFACE_SIDE_STYLE('',(#13664));
#13664 = SURFACE_STYLE_FILL_AREA(#13665);
#13665 = FILL_AREA_STYLE('',(#13666));
#13666 = FILL_AREA_STYLE_COLOUR('',#13667);
#13667 = COLOUR_RGB('',0.313304153717,0.484529207832,0.410020903123);
#13668 = MECHANICAL_DESIGN_GEOMETRIC_PRESENTATION_REPRESENTATION('',(
    #13669,#13677,#13685,#13692,#13699,#13706,#13713,#13720,#13727,
    #13734,#13742,#13750,#13758,#13766,#13773,#13781,#13788,#13795,
    #13802,#13809,#13816,#13823,#13830,#13837,#13844,#13851,#13858,
    #13865,#13872,#13879,#13886,#13893,#13900,#13907,#13914,#13921,
    #13928,#13935,#13942,#13949,#13956,#13963,#13970,#13977,#13984,
    #13991,#13998,#14005,#14012,#14019,#14026,#14033),#10398);
#13669 = STYLED_ITEM('color',(#13670),#60);
#13670 = PRESENTATION_STYLE_ASSIGNMENT((#13671));
#13671 = SURFACE_STYLE_USAGE(.BOTH.,#13672);
#13672 = SURFACE_SIDE_STYLE('',(#13673));
#13673 = SURFACE_STYLE_FILL_AREA(#13674);
#13674 = FILL_AREA_STYLE('',(#13675));
#13675 = FILL_AREA_STYLE_COLOUR('',#13676);
#13676 = COLOUR_RGB('',0.,0.,0.501960785193);
#13677 = STYLED_ITEM('color',(#13678),#950);
#13678 = PRESENTATION_STYLE_ASSIGNMENT((#13679));
#13679 = SURFACE_STYLE_USAGE(.BOTH.,#13680);
#13680 = SURFACE_SIDE_STYLE('',(#13681));
#13681 = SURFACE_STYLE_FILL_AREA(#13682);
#13682 = FILL_AREA_STYLE('',(#13683));
#13683 = FILL_AREA_STYLE_COLOUR('',#13684);
#13684 = COLOUR_RGB('',1.,0.811764696686,0.501960785193);
#13685 = STYLED_ITEM('color',(#13686),#1112);
#13686 = PRESENTATION_STYLE_ASSIGNMENT((#13687));
#13687 = SURFACE_STYLE_USAGE(.BOTH.,#13688);
#13688 = SURFACE_SIDE_STYLE('',(#13689));
#13689 = SURFACE_STYLE_FILL_AREA(#13690);
#13690 = FILL_AREA_STYLE('',(#13691));
#13691 = FILL_AREA_STYLE_COLOUR('',#13684);
#13692 = STYLED_ITEM('color',(#13693),#1274);
#13693 = PRESENTATION_STYLE_ASSIGNMENT((#13694));
#13694 = SURFACE_STYLE_USAGE(.BOTH.,#13695);
#13695 = SURFACE_SIDE_STYLE('',(#13696));
#13696 = SURFACE_STYLE_FILL_AREA(#13697);
#13697 = FILL_AREA_STYLE('',(#13698));
#13698 = FILL_AREA_STYLE_COLOUR('',#13684);
#13699 = STYLED_ITEM('color',(#13700),#1436);
#13700 = PRESENTATION_STYLE_ASSIGNMENT((#13701));
#13701 = SURFACE_STYLE_USAGE(.BOTH.,#13702);
#13702 = SURFACE_SIDE_STYLE('',(#13703));
#13703 = SURFACE_STYLE_FILL_AREA(#13704);
#13704 = FILL_AREA_STYLE('',(#13705));
#13705 = FILL_AREA_STYLE_COLOUR('',#13684);
#13706 = STYLED_ITEM('color',(#13707),#1598);
#13707 = PRESENTATION_STYLE_ASSIGNMENT((#13708));
#13708 = SURFACE_STYLE_USAGE(.BOTH.,#13709);
#13709 = SURFACE_SIDE_STYLE('',(#13710));
#13710 = SURFACE_STYLE_FILL_AREA(#13711);
#13711 = FILL_AREA_STYLE('',(#13712));
#13712 = FILL_AREA_STYLE_COLOUR('',#13684);
#13713 = STYLED_ITEM('color',(#13714),#1760);
#13714 = PRESENTATION_STYLE_ASSIGNMENT((#13715));
#13715 = SURFACE_STYLE_USAGE(.BOTH.,#13716);
#13716 = SURFACE_SIDE_STYLE('',(#13717));
#13717 = SURFACE_STYLE_FILL_AREA(#13718);
#13718 = FILL_AREA_STYLE('',(#13719));
#13719 = FILL_AREA_STYLE_COLOUR('',#13684);
#13720 = STYLED_ITEM('color',(#13721),#1922);
#13721 = PRESENTATION_STYLE_ASSIGNMENT((#13722));
#13722 = SURFACE_STYLE_USAGE(.BOTH.,#13723);
#13723 = SURFACE_SIDE_STYLE('',(#13724));
#13724 = SURFACE_STYLE_FILL_AREA(#13725);
#13725 = FILL_AREA_STYLE('',(#13726));
#13726 = FILL_AREA_STYLE_COLOUR('',#13684);
#13727 = STYLED_ITEM('color',(#13728),#2084);
#13728 = PRESENTATION_STYLE_ASSIGNMENT((#13729));
#13729 = SURFACE_STYLE_USAGE(.BOTH.,#13730);
#13730 = SURFACE_SIDE_STYLE('',(#13731));
#13731 = SURFACE_STYLE_FILL_AREA(#13732);
#13732 = FILL_AREA_STYLE('',(#13733));
#13733 = FILL_AREA_STYLE_COLOUR('',#13684);
#13734 = STYLED_ITEM('color',(#13735),#2246);
#13735 = PRESENTATION_STYLE_ASSIGNMENT((#13736));
#13736 = SURFACE_STYLE_USAGE(.BOTH.,#13737);
#13737 = SURFACE_SIDE_STYLE('',(#13738));
#13738 = SURFACE_STYLE_FILL_AREA(#13739);
#13739 = FILL_AREA_STYLE('',(#13740));
#13740 = FILL_AREA_STYLE_COLOUR('',#13741);
#13741 = COLOUR_RGB('',0.250980388104,0.250980388104,0.250980388104);
#13742 = STYLED_ITEM('color',(#13743),#2476);
#13743 = PRESENTATION_STYLE_ASSIGNMENT((#13744));
#13744 = SURFACE_STYLE_USAGE(.BOTH.,#13745);
#13745 = SURFACE_SIDE_STYLE('',(#13746));
#13746 = SURFACE_STYLE_FILL_AREA(#13747);
#13747 = FILL_AREA_STYLE('',(#13748));
#13748 = FILL_AREA_STYLE_COLOUR('',#13749);
#13749 = DRAUGHTING_PRE_DEFINED_COLOUR('white');
#13750 = STYLED_ITEM('color',(#13751),#2564);
#13751 = PRESENTATION_STYLE_ASSIGNMENT((#13752));
#13752 = SURFACE_STYLE_USAGE(.BOTH.,#13753);
#13753 = SURFACE_SIDE_STYLE('',(#13754));
#13754 = SURFACE_STYLE_FILL_AREA(#13755);
#13755 = FILL_AREA_STYLE('',(#13756));
#13756 = FILL_AREA_STYLE_COLOUR('',#13757);
#13757 = COLOUR_RGB('',1.,1.,0.501960785193);
#13758 = STYLED_ITEM('color',(#13759),#2780);
#13759 = PRESENTATION_STYLE_ASSIGNMENT((#13760));
#13760 = SURFACE_STYLE_USAGE(.BOTH.,#13761);
#13761 = SURFACE_SIDE_STYLE('',(#13762));
#13762 = SURFACE_STYLE_FILL_AREA(#13763);
#13763 = FILL_AREA_STYLE('',(#13764));
#13764 = FILL_AREA_STYLE_COLOUR('',#13765);
#13765 = COLOUR_RGB('',0.729411770324,0.356862747468,2.352941234596E-02
  );
#13766 = STYLED_ITEM('color',(#13767),#2930);
#13767 = PRESENTATION_STYLE_ASSIGNMENT((#13768));
#13768 = SURFACE_STYLE_USAGE(.BOTH.,#13769);
#13769 = SURFACE_SIDE_STYLE('',(#13770));
#13770 = SURFACE_STYLE_FILL_AREA(#13771);
#13771 = FILL_AREA_STYLE('',(#13772));
#13772 = FILL_AREA_STYLE_COLOUR('',#13741);
#13773 = STYLED_ITEM('color',(#13774),#3272);
#13774 = PRESENTATION_STYLE_ASSIGNMENT((#13775));
#13775 = SURFACE_STYLE_USAGE(.BOTH.,#13776);
#13776 = SURFACE_SIDE_STYLE('',(#13777));
#13777 = SURFACE_STYLE_FILL_AREA(#13778);
#13778 = FILL_AREA_STYLE('',(#13779));
#13779 = FILL_AREA_STYLE_COLOUR('',#13780);
#13780 = COLOUR_RGB('',0.792156867455,0.819607826924,0.933333342953);
#13781 = STYLED_ITEM('color',(#13782),#3694);
#13782 = PRESENTATION_STYLE_ASSIGNMENT((#13783));
#13783 = SURFACE_STYLE_USAGE(.BOTH.,#13784);
#13784 = SURFACE_SIDE_STYLE('',(#13785));
#13785 = SURFACE_STYLE_FILL_AREA(#13786);
#13786 = FILL_AREA_STYLE('',(#13787));
#13787 = FILL_AREA_STYLE_COLOUR('',#13780);
#13788 = STYLED_ITEM('color',(#13789),#4116);
#13789 = PRESENTATION_STYLE_ASSIGNMENT((#13790));
#13790 = SURFACE_STYLE_USAGE(.BOTH.,#13791);
#13791 = SURFACE_SIDE_STYLE('',(#13792));
#13792 = SURFACE_STYLE_FILL_AREA(#13793);
#13793 = FILL_AREA_STYLE('',(#13794));
#13794 = FILL_AREA_STYLE_COLOUR('',#13780);
#13795 = STYLED_ITEM('color',(#13796),#4538);
#13796 = PRESENTATION_STYLE_ASSIGNMENT((#13797));
#13797 = SURFACE_STYLE_USAGE(.BOTH.,#13798);
#13798 = SURFACE_SIDE_STYLE('',(#13799));
#13799 = SURFACE_STYLE_FILL_AREA(#13800);
#13800 = FILL_AREA_STYLE('',(#13801));
#13801 = FILL_AREA_STYLE_COLOUR('',#13780);
#13802 = STYLED_ITEM('color',(#13803),#4960);
#13803 = PRESENTATION_STYLE_ASSIGNMENT((#13804));
#13804 = SURFACE_STYLE_USAGE(.BOTH.,#13805);
#13805 = SURFACE_SIDE_STYLE('',(#13806));
#13806 = SURFACE_STYLE_FILL_AREA(#13807);
#13807 = FILL_AREA_STYLE('',(#13808));
#13808 = FILL_AREA_STYLE_COLOUR('',#13780);
#13809 = STYLED_ITEM('color',(#13810),#5382);
#13810 = PRESENTATION_STYLE_ASSIGNMENT((#13811));
#13811 = SURFACE_STYLE_USAGE(.BOTH.,#13812);
#13812 = SURFACE_SIDE_STYLE('',(#13813));
#13813 = SURFACE_STYLE_FILL_AREA(#13814);
#13814 = FILL_AREA_STYLE('',(#13815));
#13815 = FILL_AREA_STYLE_COLOUR('',#13780);
#13816 = STYLED_ITEM('color',(#13817),#5532);
#13817 = PRESENTATION_STYLE_ASSIGNMENT((#13818));
#13818 = SURFACE_STYLE_USAGE(.BOTH.,#13819);
#13819 = SURFACE_SIDE_STYLE('',(#13820));
#13820 = SURFACE_STYLE_FILL_AREA(#13821);
#13821 = FILL_AREA_STYLE('',(#13822));
#13822 = FILL_AREA_STYLE_COLOUR('',#13780);
#13823 = STYLED_ITEM('color',(#13824),#5682);
#13824 = PRESENTATION_STYLE_ASSIGNMENT((#13825));
#13825 = SURFACE_STYLE_USAGE(.BOTH.,#13826);
#13826 = SURFACE_SIDE_STYLE('',(#13827));
#13827 = SURFACE_STYLE_FILL_AREA(#13828);
#13828 = FILL_AREA_STYLE('',(#13829));
#13829 = FILL_AREA_STYLE_COLOUR('',#13780);
#13830 = STYLED_ITEM('color',(#13831),#5832);
#13831 = PRESENTATION_STYLE_ASSIGNMENT((#13832));
#13832 = SURFACE_STYLE_USAGE(.BOTH.,#13833);
#13833 = SURFACE_SIDE_STYLE('',(#13834));
#13834 = SURFACE_STYLE_FILL_AREA(#13835);
#13835 = FILL_AREA_STYLE('',(#13836));
#13836 = FILL_AREA_STYLE_COLOUR('',#13780);
#13837 = STYLED_ITEM('color',(#13838),#5982);
#13838 = PRESENTATION_STYLE_ASSIGNMENT((#13839));
#13839 = SURFACE_STYLE_USAGE(.BOTH.,#13840);
#13840 = SURFACE_SIDE_STYLE('',(#13841));
#13841 = SURFACE_STYLE_FILL_AREA(#13842);
#13842 = FILL_AREA_STYLE('',(#13843));
#13843 = FILL_AREA_STYLE_COLOUR('',#13780);
#13844 = STYLED_ITEM('color',(#13845),#6132);
#13845 = PRESENTATION_STYLE_ASSIGNMENT((#13846));
#13846 = SURFACE_STYLE_USAGE(.BOTH.,#13847);
#13847 = SURFACE_SIDE_STYLE('',(#13848));
#13848 = SURFACE_STYLE_FILL_AREA(#13849);
#13849 = FILL_AREA_STYLE('',(#13850));
#13850 = FILL_AREA_STYLE_COLOUR('',#13780);
#13851 = STYLED_ITEM('color',(#13852),#6282);
#13852 = PRESENTATION_STYLE_ASSIGNMENT((#13853));
#13853 = SURFACE_STYLE_USAGE(.BOTH.,#13854);
#13854 = SURFACE_SIDE_STYLE('',(#13855));
#13855 = SURFACE_STYLE_FILL_AREA(#13856);
#13856 = FILL_AREA_STYLE('',(#13857));
#13857 = FILL_AREA_STYLE_COLOUR('',#13780);
#13858 = STYLED_ITEM('color',(#13859),#6432);
#13859 = PRESENTATION_STYLE_ASSIGNMENT((#13860));
#13860 = SURFACE_STYLE_USAGE(.BOTH.,#13861);
#13861 = SURFACE_SIDE_STYLE('',(#13862));
#13862 = SURFACE_STYLE_FILL_AREA(#13863);
#13863 = FILL_AREA_STYLE('',(#13864));
#13864 = FILL_AREA_STYLE_COLOUR('',#13780);
#13865 = STYLED_ITEM('color',(#13866),#6582);
#13866 = PRESENTATION_STYLE_ASSIGNMENT((#13867));
#13867 = SURFACE_STYLE_USAGE(.BOTH.,#13868);
#13868 = SURFACE_SIDE_STYLE('',(#13869));
#13869 = SURFACE_STYLE_FILL_AREA(#13870);
#13870 = FILL_AREA_STYLE('',(#13871));
#13871 = FILL_AREA_STYLE_COLOUR('',#13780);
#13872 = STYLED_ITEM('color',(#13873),#6732);
#13873 = PRESENTATION_STYLE_ASSIGNMENT((#13874));
#13874 = SURFACE_STYLE_USAGE(.BOTH.,#13875);
#13875 = SURFACE_SIDE_STYLE('',(#13876));
#13876 = SURFACE_STYLE_FILL_AREA(#13877);
#13877 = FILL_AREA_STYLE('',(#13878));
#13878 = FILL_AREA_STYLE_COLOUR('',#13780);
#13879 = STYLED_ITEM('color',(#13880),#6882);
#13880 = PRESENTATION_STYLE_ASSIGNMENT((#13881));
#13881 = SURFACE_STYLE_USAGE(.BOTH.,#13882);
#13882 = SURFACE_SIDE_STYLE('',(#13883));
#13883 = SURFACE_STYLE_FILL_AREA(#13884);
#13884 = FILL_AREA_STYLE('',(#13885));
#13885 = FILL_AREA_STYLE_COLOUR('',#13780);
#13886 = STYLED_ITEM('color',(#13887),#7032);
#13887 = PRESENTATION_STYLE_ASSIGNMENT((#13888));
#13888 = SURFACE_STYLE_USAGE(.BOTH.,#13889);
#13889 = SURFACE_SIDE_STYLE('',(#13890));
#13890 = SURFACE_STYLE_FILL_AREA(#13891);
#13891 = FILL_AREA_STYLE('',(#13892));
#13892 = FILL_AREA_STYLE_COLOUR('',#13780);
#13893 = STYLED_ITEM('color',(#13894),#7182);
#13894 = PRESENTATION_STYLE_ASSIGNMENT((#13895));
#13895 = SURFACE_STYLE_USAGE(.BOTH.,#13896);
#13896 = SURFACE_SIDE_STYLE('',(#13897));
#13897 = SURFACE_STYLE_FILL_AREA(#13898);
#13898 = FILL_AREA_STYLE('',(#13899));
#13899 = FILL_AREA_STYLE_COLOUR('',#13780);
#13900 = STYLED_ITEM('color',(#13901),#7332);
#13901 = PRESENTATION_STYLE_ASSIGNMENT((#13902));
#13902 = SURFACE_STYLE_USAGE(.BOTH.,#13903);
#13903 = SURFACE_SIDE_STYLE('',(#13904));
#13904 = SURFACE_STYLE_FILL_AREA(#13905);
#13905 = FILL_AREA_STYLE('',(#13906));
#13906 = FILL_AREA_STYLE_COLOUR('',#13780);
#13907 = STYLED_ITEM('color',(#13908),#7482);
#13908 = PRESENTATION_STYLE_ASSIGNMENT((#13909));
#13909 = SURFACE_STYLE_USAGE(.BOTH.,#13910);
#13910 = SURFACE_SIDE_STYLE('',(#13911));
#13911 = SURFACE_STYLE_FILL_AREA(#13912);
#13912 = FILL_AREA_STYLE('',(#13913));
#13913 = FILL_AREA_STYLE_COLOUR('',#13780);
#13914 = STYLED_ITEM('color',(#13915),#7632);
#13915 = PRESENTATION_STYLE_ASSIGNMENT((#13916));
#13916 = SURFACE_STYLE_USAGE(.BOTH.,#13917);
#13917 = SURFACE_SIDE_STYLE('',(#13918));
#13918 = SURFACE_STYLE_FILL_AREA(#13919);
#13919 = FILL_AREA_STYLE('',(#13920));
#13920 = FILL_AREA_STYLE_COLOUR('',#13780);
#13921 = STYLED_ITEM('color',(#13922),#7782);
#13922 = PRESENTATION_STYLE_ASSIGNMENT((#13923));
#13923 = SURFACE_STYLE_USAGE(.BOTH.,#13924);
#13924 = SURFACE_SIDE_STYLE('',(#13925));
#13925 = SURFACE_STYLE_FILL_AREA(#13926);
#13926 = FILL_AREA_STYLE('',(#13927));
#13927 = FILL_AREA_STYLE_COLOUR('',#13780);
#13928 = STYLED_ITEM('color',(#13929),#7932);
#13929 = PRESENTATION_STYLE_ASSIGNMENT((#13930));
#13930 = SURFACE_STYLE_USAGE(.BOTH.,#13931);
#13931 = SURFACE_SIDE_STYLE('',(#13932));
#13932 = SURFACE_STYLE_FILL_AREA(#13933);
#13933 = FILL_AREA_STYLE('',(#13934));
#13934 = FILL_AREA_STYLE_COLOUR('',#13780);
#13935 = STYLED_ITEM('color',(#13936),#8082);
#13936 = PRESENTATION_STYLE_ASSIGNMENT((#13937));
#13937 = SURFACE_STYLE_USAGE(.BOTH.,#13938);
#13938 = SURFACE_SIDE_STYLE('',(#13939));
#13939 = SURFACE_STYLE_FILL_AREA(#13940);
#13940 = FILL_AREA_STYLE('',(#13941));
#13941 = FILL_AREA_STYLE_COLOUR('',#13780);
#13942 = STYLED_ITEM('color',(#13943),#8232);
#13943 = PRESENTATION_STYLE_ASSIGNMENT((#13944));
#13944 = SURFACE_STYLE_USAGE(.BOTH.,#13945);
#13945 = SURFACE_SIDE_STYLE('',(#13946));
#13946 = SURFACE_STYLE_FILL_AREA(#13947);
#13947 = FILL_AREA_STYLE('',(#13948));
#13948 = FILL_AREA_STYLE_COLOUR('',#13780);
#13949 = STYLED_ITEM('color',(#13950),#8382);
#13950 = PRESENTATION_STYLE_ASSIGNMENT((#13951));
#13951 = SURFACE_STYLE_USAGE(.BOTH.,#13952);
#13952 = SURFACE_SIDE_STYLE('',(#13953));
#13953 = SURFACE_STYLE_FILL_AREA(#13954);
#13954 = FILL_AREA_STYLE('',(#13955));
#13955 = FILL_AREA_STYLE_COLOUR('',#13765);
#13956 = STYLED_ITEM('color',(#13957),#8532);
#13957 = PRESENTATION_STYLE_ASSIGNMENT((#13958));
#13958 = SURFACE_STYLE_USAGE(.BOTH.,#13959);
#13959 = SURFACE_SIDE_STYLE('',(#13960));
#13960 = SURFACE_STYLE_FILL_AREA(#13961);
#13961 = FILL_AREA_STYLE('',(#13962));
#13962 = FILL_AREA_STYLE_COLOUR('',#13765);
#13963 = STYLED_ITEM('color',(#13964),#8682);
#13964 = PRESENTATION_STYLE_ASSIGNMENT((#13965));
#13965 = SURFACE_STYLE_USAGE(.BOTH.,#13966);
#13966 = SURFACE_SIDE_STYLE('',(#13967));
#13967 = SURFACE_STYLE_FILL_AREA(#13968);
#13968 = FILL_AREA_STYLE('',(#13969));
#13969 = FILL_AREA_STYLE_COLOUR('',#13741);
#13970 = STYLED_ITEM('color',(#13971),#8832);
#13971 = PRESENTATION_STYLE_ASSIGNMENT((#13972));
#13972 = SURFACE_STYLE_USAGE(.BOTH.,#13973);
#13973 = SURFACE_SIDE_STYLE('',(#13974));
#13974 = SURFACE_STYLE_FILL_AREA(#13975);
#13975 = FILL_AREA_STYLE('',(#13976));
#13976 = FILL_AREA_STYLE_COLOUR('',#13765);
#13977 = STYLED_ITEM('color',(#13978),#8982);
#13978 = PRESENTATION_STYLE_ASSIGNMENT((#13979));
#13979 = SURFACE_STYLE_USAGE(.BOTH.,#13980);
#13980 = SURFACE_SIDE_STYLE('',(#13981));
#13981 = SURFACE_STYLE_FILL_AREA(#13982);
#13982 = FILL_AREA_STYLE('',(#13983));
#13983 = FILL_AREA_STYLE_COLOUR('',#13765);
#13984 = STYLED_ITEM('color',(#13985),#9132);
#13985 = PRESENTATION_STYLE_ASSIGNMENT((#13986));
#13986 = SURFACE_STYLE_USAGE(.BOTH.,#13987);
#13987 = SURFACE_SIDE_STYLE('',(#13988));
#13988 = SURFACE_STYLE_FILL_AREA(#13989);
#13989 = FILL_AREA_STYLE('',(#13990));
#13990 = FILL_AREA_STYLE_COLOUR('',#13741);
#13991 = STYLED_ITEM('color',(#13992),#9282);
#13992 = PRESENTATION_STYLE_ASSIGNMENT((#13993));
#13993 = SURFACE_STYLE_USAGE(.BOTH.,#13994);
#13994 = SURFACE_SIDE_STYLE('',(#13995));
#13995 = SURFACE_STYLE_FILL_AREA(#13996);
#13996 = FILL_AREA_STYLE('',(#13997));
#13997 = FILL_AREA_STYLE_COLOUR('',#13741);
#13998 = STYLED_ITEM('color',(#13999),#9432);
#13999 = PRESENTATION_STYLE_ASSIGNMENT((#14000));
#14000 = SURFACE_STYLE_USAGE(.BOTH.,#14001);
#14001 = SURFACE_SIDE_STYLE('',(#14002));
#14002 = SURFACE_STYLE_FILL_AREA(#14003);
#14003 = FILL_AREA_STYLE('',(#14004));
#14004 = FILL_AREA_STYLE_COLOUR('',#13741);
#14005 = STYLED_ITEM('color',(#14006),#9582);
#14006 = PRESENTATION_STYLE_ASSIGNMENT((#14007));
#14007 = SURFACE_STYLE_USAGE(.BOTH.,#14008);
#14008 = SURFACE_SIDE_STYLE('',(#14009));
#14009 = SURFACE_STYLE_FILL_AREA(#14010);
#14010 = FILL_AREA_STYLE('',(#14011));
#14011 = FILL_AREA_STYLE_COLOUR('',#13765);
#14012 = STYLED_ITEM('color',(#14013),#9732);
#14013 = PRESENTATION_STYLE_ASSIGNMENT((#14014));
#14014 = SURFACE_STYLE_USAGE(.BOTH.,#14015);
#14015 = SURFACE_SIDE_STYLE('',(#14016));
#14016 = SURFACE_STYLE_FILL_AREA(#14017);
#14017 = FILL_AREA_STYLE('',(#14018));
#14018 = FILL_AREA_STYLE_COLOUR('',#13765);
#14019 = STYLED_ITEM('color',(#14020),#9882);
#14020 = PRESENTATION_STYLE_ASSIGNMENT((#14021));
#14021 = SURFACE_STYLE_USAGE(.BOTH.,#14022);
#14022 = SURFACE_SIDE_STYLE('',(#14023));
#14023 = SURFACE_STYLE_FILL_AREA(#14024);
#14024 = FILL_AREA_STYLE('',(#14025));
#14025 = FILL_AREA_STYLE_COLOUR('',#13684);
#14026 = STYLED_ITEM('color',(#14027),#10032);
#14027 = PRESENTATION_STYLE_ASSIGNMENT((#14028));
#14028 = SURFACE_STYLE_USAGE(.BOTH.,#14029);
#14029 = SURFACE_SIDE_STYLE('',(#14030));
#14030 = SURFACE_STYLE_FILL_AREA(#14031);
#14031 = FILL_AREA_STYLE('',(#14032));
#14032 = FILL_AREA_STYLE_COLOUR('',#13684);
#14033 = STYLED_ITEM('color',(#14034),#10182);
#14034 = PRESENTATION_STYLE_ASSIGNMENT((#14035));
#14035 = SURFACE_STYLE_USAGE(.BOTH.,#14036);
#14036 = SURFACE_SIDE_STYLE('',(#14037));
#14037 = SURFACE_STYLE_FILL_AREA(#14038);
#14038 = FILL_AREA_STYLE('',(#14039));
#14039 = FILL_AREA_STYLE_COLOUR('',#13749);
ENDSEC;
END-ISO-10303-21;
